product_id,product_name,brand_name,primary_category,secondary_category,ingredient_count,formulation_group
P107306,Renewing Eye Cream,Murad,Skincare,Eye Care,55,0
P114902,Goodbye Acne  Max Complexion Correction Pads,Peter Thomas Roth,Skincare,Treatments,30,1
P12045,Grape Water Moisturizing Face Mist,Caudalie,Skincare,Moisturizers,3,2
P122651,Clarifying Lotion 1,CLINIQUE,Skincare,Cleansers,16,3
P122661,7 Day Face Scrub Cream Rinse-Off Formula,CLINIQUE,Skincare,Cleansers,25,4
P122718,Exfoliating Face Scrub,CLINIQUE,Skincare,Cleansers,16,5
P122727,Repairwear Anti-Gravity Eye Cream,CLINIQUE,Skincare,Eye Care,47,6
P122762,Rinse-Off Foaming Cleanser,CLINIQUE,Skincare,Cleansers,17,7
P122767,All About Lips,CLINIQUE,Skincare,Lip Balms & Treatments,37,8
P122774,All About Eyes Eye Cream,CLINIQUE,Skincare,Eye Care,33,9
P122782,Repairwear Intensive Lip Treatment,CLINIQUE,Skincare,Lip Balms & Treatments,59,10
P122876,Clarifying Lotion 4,CLINIQUE,Skincare,Cleansers,14,11
P122881,Clarifying Lotion 3,CLINIQUE,Skincare,Cleansers,17,12
P122882,Clarifying Lotion 2,CLINIQUE,Skincare,Cleansers,12,13
P122900,Dramatically Different Moisturizing Gel,CLINIQUE,Skincare,Moisturizers,35,14
P12295,Sugar Face Polish Exfoliator,fresh,Skincare,Cleansers,22,15
P12336,Rose Face Mask,fresh,Skincare,Masks,32,16
P12573,Intense Therapy Lip Balm SPF 25,Jack Black,Skincare,Lip Balms & Treatments,14,17
P126301,Take The Day Off Cleansing Balm Makeup Remover,CLINIQUE,Skincare,Cleansers,9,18
P139000,All About Clean Liquid Facial Soap,CLINIQUE,Skincare,Cleansers,23,19
P164932,Minted Rose Lip Balm,Rosebud Perfume Co.,Skincare,Lip Balms & Treatments,4,20
P173619,Benefiance WrinkleResist24 Pure Retinol Express Smoothing Eye Mask,Shiseido,Skincare,Eye Care,30,21
P173622,Benefiance Pure Retinol Intensive Revitalizing Face Mask,Shiseido,Skincare,Masks,40,22
P173652,Bio-Performance Advanced Super Revitalizing Cream,Shiseido,Skincare,Moisturizers,38,23
P173726,Facial Cotton,Shiseido,Skincare,Cleansers,1,24
P174502,All About Eyes Rich Eye Cream,CLINIQUE,Skincare,Eye Care,55,25
P188306,Acne Solutions All-Over Clearing Treatment Oil-Free,CLINIQUE,Skincare,Treatments,45,26
P188307,Acne Solutions Clarifying Lotion,CLINIQUE,Skincare,Cleansers,17,27
P188309,Acne Solutions Cleansing Foam,CLINIQUE,Skincare,Cleansers,27,28
P196524,Acne Solutions Cleansing Bar For Face and Body,CLINIQUE,Skincare,Cleansers,19,29
P196542,City Block Sheer Oil-Free Daily Face Protector Broad Spectrum SPF 25 Primer,CLINIQUE,Skincare,Sunscreen,58,30
P201439,Redness Solutions Soothing Cleanser,CLINIQUE,Skincare,Cleansers,29,31
P202935,Benefiance NutriPerfect Night Cream,Shiseido,Skincare,Moisturizers,43,32
P203616,Glycol Lactic Radiance Renewal Mask,REN Clean Skincare,Skincare,Masks,35,33
P205614,White Lucent Anti-Dark Circles Eye Cream,Shiseido,Skincare,Eye Care,44,34
P214002,Evercalm Barrier Support Antioxidant Moisturizer,REN Clean Skincare,Skincare,Moisturizers,39,35
P217513,Black Tea Instant Perfecting Mask,fresh,Skincare,Masks,47,36
P217931,Tonique Radiance Clarifying Refining Toner,Lancôme,Skincare,Cleansers,14,37
P217932,Crème Radiance Gentle Cleansing Creamy-Foam Cleanser,Lancôme,Skincare,Cleansers,24,38
P218700,100 percent Pure Argan Oil,Josie Maran,Skincare,Moisturizers,1,39
P232327,Broad Spectrum SPF 50 Sunscreen Face Cream,CLINIQUE,Skincare,Sunscreen,45,40
P232902,Gentle Daily Wash,Kate Somerville,Skincare,Cleansers,21,41
P232903,EradiKate Acne Treatment,Kate Somerville,Skincare,Treatments,8,42
P232906,Oil Free Moisturizer,Kate Somerville,Skincare,Moisturizers,24,43
P232907,Anti Bac Acne Clearing Lotion,Kate Somerville,Skincare,Treatments,27,44
P232910,Goat Milk Moisturizing Cream,Kate Somerville,Skincare,Moisturizers,33,45
P232915,ExfoliKate Intensive Pore Exfoliating Treatment,Kate Somerville,Skincare,Cleansers,38,46
P232920,Line Release Under Eye Repair Cream,Kate Somerville,Skincare,Eye Care,48,47
P244701,Acne Solutions Oil-Control Cleansing Mask,CLINIQUE,Skincare,Masks,22,48
P248404,Pure Skin Face Cleanser,First Aid Beauty,Skincare,Cleansers,27,49
P248407,Ultra Repair Cream Intense Hydration,First Aid Beauty,Skincare,Moisturizers,23,50
P251529,Retinol Fusion PM Night Serum,Peter Thomas Roth,Skincare,Treatments,12,51
P254720,Acne Control Clarifying Cream Cleanser,Murad,Skincare,Cleansers,53,52
P257537,All About Eyes Serum De-Puffing Eye Massage,CLINIQUE,Skincare,Eye Care,34,53
P266126,Rosebud Salve in a Tube,Rosebud Perfume Co.,Skincare,Lip Balms & Treatments,4,54
P268700,Hydro-Dynamic Ultimate Moisture,Murad,Skincare,Moisturizers,58,55
P269122,Alpha Beta Extra Strength Daily Peel Pads,Dr. Dennis Gross Skincare,Skincare,Treatments,42,56
P270543,Hydrating Face Cream Moisturizer,Bobbi Brown,Skincare,Moisturizers,48,57
P270544,Hydrating Eye Cream,Bobbi Brown,Skincare,Eye Care,32,58
P270594,Vitamin Enriched Face Base Priming Moisturizer,Bobbi Brown,Skincare,Moisturizers,34,59
P270600,Extra Eye Repair Cream Intense,Bobbi Brown,Skincare,Eye Care,56,60
P271682,Instant FIRMx Temporary Face Tightener,Peter Thomas Roth,Skincare,Treatments,16,61
P278317,Facial Radiance Pads,First Aid Beauty,Skincare,Treatments,22,62
P281835,GLO Brilliant White Smile - At Home Teeth Whitening Device,GLO Science,Skincare,Value & Gift Sets,25,63
P282920,Pore Refining Solutions Correcting Serum,CLINIQUE,Skincare,Treatments,45,64
P283106,Instant FIRMx Eye Temporary Eye Tightener,Peter Thomas Roth,Skincare,Eye Care,29,65
P283501,Argan Cleansing Oil,Josie Maran,Skincare,Moisturizers,10,66
P296413,Gentle Rejuvenating Cleanser,Algenist,Skincare,Cleansers,30,67
P296415,Overnight Restorative Cream,Algenist,Skincare,Moisturizers,40,68
P297516,Checks and Balances Frothy Face Wash,Origins,Skincare,Cleansers,27,69
P297517,Super Spot Remover Acne Treatment Gel,Origins,Skincare,Treatments,23,70
P297524,Clear Improvement Active Charcoal Mask to Clear Pores,Origins,Skincare,Masks,23,71
P297531,Eye Doctor Moisture Care For Skin Around Eyes,Origins,Skincare,Eye Care,44,72
P302103,Sugar Advanced Lip Balm Intense Hydration Treatment,fresh,Skincare,Lip Balms & Treatments,29,73
P302900,Turnaround Revitalizing Serum,CLINIQUE,Skincare,Treatments,44,74
P306941,DermalQuench Hyaluronic Acid Hydration Treatment,Kate Somerville,Skincare,Treatments,31,75
P309306,Juno Antioxidant + Superfood Face Oil,Sunday Riley,Skincare,Moisturizers,9,76
P309308,Good Genes All-In-One AHA Lactic Acid Treatment,Sunday Riley,Skincare,Treatments,24,77
P309310,Ceramic Slip French Green Clay Cleanser,Sunday Riley,Skincare,Cleansers,23,78
P309409,Repairwear Uplifting Firming Cream,CLINIQUE,Skincare,Moisturizers,46,79
P311143,SUBLIME DEFENSE Ultra Lightweight UV Defense Fluid SPF 50,Algenist,Skincare,Sunscreen,28,80
P34402,Acne Control Clarifying Body Spray,Murad,Skincare,Treatments,15,81
P3550,Goodbye Acne AHA/BHA Acne Clearing Gel Face Body Spot Treatment,Peter Thomas Roth,Skincare,Treatments,21,82
P3617,Therapeutic Sulfur Acne Treatment Mask,Peter Thomas Roth,Skincare,Masks,16,83
P374115,Pore Refining Solutions Stay-Matte Hydrator,CLINIQUE,Skincare,Moisturizers,37,84
P374841,Even Better Eyes Dark Circle Corrector,CLINIQUE,Skincare,Eye Care,46,85
P375354,Capture Totale Intensive Night Restorative Crème,Dior,Skincare,Moisturizers,65,86
P375534,Ultra Repair Face Moisturizer,First Aid Beauty,Skincare,Moisturizers,25,87
P375841,Advanced Génifique Yeux Light-Pearl Eye Serum,Lancôme,Skincare,Eye Care,27,88
P375849,Facial Treatment Essence (Pitera Essence),SK-II,Skincare,Moisturizers,7,89
P375850,Facial Treatment Cleanser,SK-II,Skincare,Cleansers,20,90
P375852,Pitera Facial Treatment Mask,SK-II,Skincare,Masks,7,91
P375853,Facial Treatment Clear Lotion Toner,SK-II,Skincare,Cleansers,16,92
P375854,Ultimate Revival Cream,SK-II,Skincare,Moisturizers,42,93
P375864,Brightening Derm Revival Mask,SK-II,Skincare,Masks,15,94
P376135,Rénergie Lift Multi-Action Night Cream,Lancôme,Skincare,Moisturizers,41,95
P376726,Maracuja Oil,tarte,Skincare,Moisturizers,9,96
P376946,Repairwear Uplifting Firming Cream Broad Spectrum SPF 15,CLINIQUE,Skincare,Moisturizers,60,97
P377178,Rapid Collagen Infusion,Murad,Skincare,Treatments,50,98
P377368,D-Scar Scar Diminishing Serum,Kate Somerville,Skincare,Treatments,37,99
P377533,Alpha Beta Universal Daily Peel Pads,Dr. Dennis Gross Skincare,Skincare,Treatments,38,100
P377545,Maracuja C-Brighter Eye Treatment,tarte,Skincare,Eye Care,50,101
P377561,FIRMx Exfoliating Peel Gel,Peter Thomas Roth,Skincare,Treatments,25,102
P377576,Repairwear Laser Focus Wrinkle Correcting Eye Cream,CLINIQUE,Skincare,Eye Care,62,103
P377577,Moisture Surge Overnight Face Mask,CLINIQUE,Skincare,Masks,42,104
P377919,Plantscription Anti-Aging Cleanser,Origins,Skincare,Cleansers,34,105
P379009,Rénergie Lift Multi-Action Day Cream with SPF 15 - All Skin Types,Lancôme,Skincare,Moisturizers,45,106
P379064,Lotus Balancing & Hydrating Natural Face Treatment Oil,Clarins,Skincare,Moisturizers,16,107
P379510,Advanced Génifique Radiance Boosting Face Serum,Lancôme,Skincare,Treatments,24,108
P379704,Retinoic Nutrient Face Oil With Vitamin A,Tata Harper,Skincare,Moisturizers,17,109
P379705,Hydrating Hyaluronic Acid Floral Essence,Tata Harper,Skincare,Moisturizers,21,110
P379707,Resurfacing BHA Glow Mask,Tata Harper,Skincare,Masks,22,111
P379709,Repairative Anti-Aging Moisturizer,Tata Harper,Skincare,Moisturizers,38,112
P379710,Regenerating Exfoliating Cleanser,Tata Harper,Skincare,Cleansers,28,113
P379711,Rejuvenating Anti-Aging Serum,Tata Harper,Skincare,Treatments,40,114
P379907,Advanced Anti-Aging Repairing Oil,Algenist,Skincare,Moisturizers,12,115
P379995,Perfectionist CP+R Wrinkle Lifting/Firming Serum,Estée Lauder,Skincare,Treatments,72,116
P380000,"DayWear Advanced Multi-Protection Anti-Oxidant Moisturizer, Normal/Combination",Estée Lauder,Skincare,Moisturizers,78,117
P380001,"DayWear Advanced Multi-Protection Anti-Oxidant Creme, Dry",Estée Lauder,Skincare,Moisturizers,76,118
P380027,Perfectly Clean Multi-Action Foam Cleanser/Purifying Mask,Estée Lauder,Skincare,Cleansers,24,119
P380030,Perfectly Clean Multi-Action Toning Lotion/Refiner,Estée Lauder,Skincare,Cleansers,65,120
P381020,Vinoclean Cleansing Micellar Water,Caudalie,Skincare,Cleansers,15,121
P381030,Dramatically Different Moisturizing Lotion+,CLINIQUE,Skincare,Moisturizers,22,122
P38217,Renewing Cleansing Cream,Murad,Skincare,Cleansers,38,123
P382204,Cucumber Gel Mask Extreme Detoxifying Hydrator,Peter Thomas Roth,Skincare,Masks,29,124
P382356,Age Arrest Anti-Wrinkle Cream,Kate Somerville,Skincare,Moisturizers,64,125
P383051,Do Not Age with Dr. Brandt Time Defying Cream,Dr. Brandt Skincare,Skincare,Moisturizers,35,126
P383052,Do Not Age with Dr. Brandt Moisturizing Neck Cream,Dr. Brandt Skincare,Skincare,Moisturizers,39,127
P383053,Do Not Age with Dr. Brandt Triple Peptide Eye Cream,Dr. Brandt Skincare,Skincare,Eye Care,46,128
P383054,Do Not Age with Dr. Brandt Transforming Pearl Serum,Dr. Brandt Skincare,Skincare,Treatments,38,129
P383308,Age Arrest Eye Cream,Kate Somerville,Skincare,Eye Care,63,130
P384537,GENIUS Ultimate Anti-Aging Cream,Algenist,Skincare,Moisturizers,38,131
P384539,Deep Cleanser with Red Clay,First Aid Beauty,Skincare,Cleansers,23,132
P384778,Black Tea Firming and De-Puffing Eye Cream,fresh,Skincare,Eye Care,52,133
P384780,Pure Argan Milk Intensive Hydrating Treatment,Josie Maran,Skincare,Treatments,4,134
P384821,Take The Day Off  Cleansing Oil Makeup Remover,CLINIQUE,Skincare,Moisturizers,13,135
P385253,Dr. Andrew Weil For Origins Mega-Bright SPF 30 Skin Tone Correcting Oil-Free Moisturizer,Origins,Skincare,Moisturizers,70,136
P385320,Trinity + Eye and Lip Enhancer Attachment Bundle,NuFACE,Skincare,High Tech Tools,14,137
P385432,Acne Solutions Clinical Clearing Gel,CLINIQUE,Skincare,Treatments,8,138
P385631,"Great Skin, Great Deal Set for Combination Oily Skin",CLINIQUE,Skincare,Value & Gift Sets,59,139
P385632,"Great Skin, Great Deal Set for Dry Combination Skin",CLINIQUE,Skincare,Value & Gift Sets,53,140
P385773,Hyaluronic Marine Hydration Booster,Dr. Dennis Gross Skincare,Skincare,Treatments,52,141
P386197,GinZing Refreshing Scrub Cleanser,Origins,Skincare,Cleansers,31,142
P386739,Restorative Plumping + Brightening Eye Cream,Tata Harper,Skincare,Eye Care,60,143
P386754,Daily Cleanse Clear Skin and Body Detox Supplement,HUM Nutrition,Skincare,Wellness,14,144
P386755,Collagen Love Skin Firming Supplement with Hyaluronic Acid & Vitamin C,HUM Nutrition,Skincare,Wellness,6,145
P386757,Wing Man Liver Detox and Dark Circle Supplement,HUM Nutrition,Skincare,Wellness,6,146
P386759,Moody Bird PMS Support Supplement,HUM Nutrition,Skincare,Wellness,5,147
P386760,OMG! Omega The Great Fish Oil Supplement,HUM Nutrition,Skincare,Wellness,5,148
P386762,Here Comes The Sun Vitamin D Immune System Support Supplement,HUM Nutrition,Skincare,Wellness,5,149
P386764,Uber Energy Adrenal Fatigue and Adaptogen Supplement,HUM Nutrition,Skincare,Wellness,17,150
P387261,Pumpkin Enzyme Mask Enzymatic Dermal Resurfacer,Peter Thomas Roth,Skincare,Masks,26,151
P387511,Immortelle Divine Cream,L'Occitane,Skincare,Moisturizers,51,152
P388200,GENIUS Ultimate Anti-Aging Melting Cleanser,Algenist,Skincare,Cleansers,20,153
P388262,GENIUS Ultimate Anti-Aging Eye Cream,Algenist,Skincare,Eye Care,44,154
P388545,Perfect Cleansing Oil,Shiseido,Skincare,Cleansers,12,155
P388982,Big ChillAdaptogenStress Management Supplement,HUM Nutrition,Skincare,Wellness,4,156
P389097,Arctic Repair Fine Lines and Wrinkles Supplement,HUM Nutrition,Skincare,Wellness,10,157
P391799,Black Tea Firming Overnight Mask,fresh,Skincare,Masks,53,158
P391802,Needles No More Wrinkle Smoothing Cream,Dr. Brandt Skincare,Skincare,Treatments,49,159
P392142,Nourishing Makeup Removing Oil Cleanser,Tata Harper,Skincare,Cleansers,29,160
P392143,Tata's Daily Essentials Kit,Tata Harper,Skincare,Value & Gift Sets,65,161
P392144,Purifying Pore Detox Cleanser,Tata Harper,Skincare,Cleansers,35,162
P392235,The Camellia Oil 2-in-1 Makeup Remover & Cleanser,Tatcha,Skincare,Cleansers,16,163
P392239,Menthol And Eucalyptus Lip Balm,Rosebud Perfume Co.,Skincare,Lip Balms & Treatments,4,164
P392245,Virgin Marula Luxury Face Oil,Drunk Elephant,Skincare,Moisturizers,1,165
P392246,T.L.C. Framboos Glycolic Resurfacing Night Serum,Drunk Elephant,Skincare,Treatments,34,166
P392248,Pekee Cleansing Bar,Drunk Elephant,Skincare,Cleansers,11,167
P392249,JuJu Exfoliating Bar,Drunk Elephant,Skincare,Cleansers,13,168
P392472,All About Clean Foaming Facial Soap,CLINIQUE,Skincare,Cleansers,21,169
P392522,Santal Soothing & Hydrating Natural Face Treatment Oil,Clarins,Skincare,Moisturizers,10,170
P392607,24K Gold Mask Pure Luxury Lift & Firm,Peter Thomas Roth,Skincare,Masks,17,171
P392608,Irish Moor Mud Purifying Black Mask,Peter Thomas Roth,Skincare,Masks,23,172
P392648,Extra Illuminating Moisture Balm,Bobbi Brown,Skincare,Moisturizers,54,173
P39274,Anti-Aging Cleansing Gel,Peter Thomas Roth,Skincare,Cleansers,26,174
P392891,Nutritious Super-Pomegranate Radiant Energy Night Moisturizer Creme/Mask,Estée Lauder,Skincare,Masks,51,175
P392945,GENIUS Ultimate Anti-Aging Vitamin C+ Serum,Algenist,Skincare,Treatments,38,176
P393076,Ultra Repair Hydra-Firm Night Cream,First Aid Beauty,Skincare,Moisturizers,38,177
P393501,Acne Solutions Cleansing Gel,CLINIQUE,Skincare,Treatments,22,178
P393600,Trinity Facial Toning Device + Wrinkle Reducer Attachment Bundle,NuFACE,Skincare,High Tech Tools,6,179
P393718,Luna Sleeping Retinoid Night Oil,Sunday Riley,Skincare,Moisturizers,16,180
P394124,Argan Daily Moisturizer Tinted SPF 47 Protect + Perfect,Josie Maran,Skincare,Sunscreen,38,181
P394397,Invisiblur Perfecting Shield Broad Spectrum SPF 30 PA+++,Murad,Skincare,Treatments,38,182
P394624,The True Cream Moisturizing Bomb,belif,Skincare,Moisturizers,54,183
P394639,The True Cream Aqua Bomb,belif,Skincare,Moisturizers,54,183
P394702,Plantscription Anti-Aging Power Eye Cream,Origins,Skincare,Eye Care,53,184
P394826,Flatter Me Digestive Enzyme Supplement,HUM Nutrition,Skincare,Wellness,23,185
P395389,GLO Brilliant Teeth Whitening GLO Vials 10 Pack plus Lip Care,GLO Science,Skincare,High Tech Tools,23,186
P395507,Extra Repair Moisture Cream,Bobbi Brown,Skincare,Moisturizers,62,187
P395615,Pore Minimizing Instant Detox Mask,Caudalie,Skincare,Masks,35,188
P395723,Classic Body Organic Sunscreen Spray SPF 50 Fragrance-Free,COOLA,Skincare,Sunscreen,9,189
P396623,Makeup Setting Spray Organic Sunscreen SPF 30,COOLA,Skincare,Sunscreen,22,190
P397310,PoreDermabrasion Pore Perfecting Exfoliator,Dr. Brandt Skincare,Skincare,Cleansers,32,191
P397465,Strawberry Lip Balm,Rosebud Perfume Co.,Skincare,Lip Balms & Treatments,5,192
P397622,Dermask Water Jet Soothing Hydra Solution,Dr. Jart+,Skincare,Masks,41,193
P397623,Dermask Water Jet Vital Hydra Solution,Dr. Jart+,Skincare,Masks,35,194
P397624,Dermask Micro Jet Clearing Solution,Dr. Jart+,Skincare,Masks,29,195
P397625,Dermask Micro Jet Brightening Solution,Dr. Jart+,Skincare,Masks,35,196
P397626,Dermask Intra Jet Wrinkless Solution,Dr. Jart+,Skincare,Masks,21,197
P397627,Dermask Intra Jet Firming Solution,Dr. Jart+,Skincare,Masks,21,197
P398717,Dramatically Different Moisturizing Cream,CLINIQUE,Skincare,Moisturizers,25,198
P398761,Alpha Beta Ultra Gentle Daily Peel Pads for Sensitive Skin,Dr. Dennis Gross Skincare,Skincare,Treatments,53,199
P399622,Luminous Deep Hydration Lifting Mask,Tatcha,Skincare,Masks,25,200
P399623,Luminous Dewy Skin Mist,Tatcha,Skincare,Moisturizers,36,201
P399656,Fab Faves To Go Kit,First Aid Beauty,Skincare,Value & Gift Sets,40,202
P39970,Rose Floral Toner,fresh,Skincare,Cleansers,11,203
P399755,GLO Lit Teeth Whitening Vials 7 Pack + Lip Care,GLO Science,Skincare,High Tech Tools,23,204
P399932,Acne-Clear Invisible Dots,Peter Thomas Roth,Skincare,Treatments,16,205
P399934,NightWear Plus Anti-Oxidant Night Detox Moisturizer Creme,Estée Lauder,Skincare,Moisturizers,80,206
P400203,Lapis Blue Tansy Face Oil - For Oily & Acne-Prone Skin,Herbivore,Skincare,Moisturizers,8,207
P400204,Phoenix Rosehip Anti-Aging Face Oil - For Dry Skin,Herbivore,Skincare,Moisturizers,9,208
P400205,Orchid Antioxidant Beauty Face Oil - For Combination Skin,Herbivore,Skincare,Moisturizers,7,209
P400207,Blue Tansy BHA and Enzyme Pore Refining Mask,Herbivore,Skincare,Masks,22,210
P400259,C-Firma Fresh Vitamin-C Day Serum,Drunk Elephant,Skincare,Treatments,33,211
P4010,AHA/BHA Exfoliating Cleanser,Murad,Skincare,Cleansers,21,212
P4015,Clarifying Toner,Murad,Skincare,Cleansers,25,213
P401570,Mega-Mushroom Skin Relief Micellar Cleanser,Origins,Skincare,Cleansers,39,214
P4016,Acne Control Clarifying Cleanser,Murad,Skincare,Cleansers,39,215
P402014,Blue Moon Clean-Rinse Cleansing Balm,Sunday Riley,Skincare,Cleansers,29,216
P402718,Power Couple Advanced Retinol and Lactic Acid Duo,Sunday Riley,Skincare,Value & Gift Sets,37,217
P402943,Silk Pillowcase - King,Slip,Skincare,Wellness,1,218
P402944,Silk Pillowcase - Standard/Queen,Slip,Skincare,Wellness,1,218
P402992,Trinity + Eye and Lip Enhancer Attachment Bundle,NuFACE,Skincare,High Tech Tools,6,179
P402993,Trinity Facial Toning Device + Wrinkle Reducer Attachment Bundle,NuFACE,Skincare,High Tech Tools,6,179
P4032,Hydrating Toner,Murad,Skincare,Cleansers,31,219
P403315,Gold Camellia Beauty Oil,Tatcha,Skincare,Moisturizers,21,220
P403748,Black Tea Corset Firming Serum,fresh,Skincare,Treatments,43,221
P403817,Pep-Start Eye Cream,CLINIQUE,Skincare,Eye Care,44,222
P403818,Lippe Balm,Drunk Elephant,Skincare,Lip Balms & Treatments,31,223
P4039,Perfecting Day Cream Broad Spectrum SPF 30 PA+++,Murad,Skincare,Moisturizers,52,224
P404168,POWER Advanced Wrinkle Fighter Moisturizer,Algenist,Skincare,Moisturizers,35,225
P404169,POWER Advanced Wrinkle Fighter 360° Eye Serum,Algenist,Skincare,Eye Care,38,226
P404232,DermalQuench +Retinol Advanced Resurfacing Treatment,Kate Somerville,Skincare,Treatments,44,227
P404322,ExfoliKate Cleanser Daily Foaming Wash,Kate Somerville,Skincare,Cleansers,35,228
P404338,Whipped Argan Oil Face Butter,Josie Maran,Skincare,Moisturizers,35,229
P404465,GLO Lit Teeth Whitening Vials 3 Pack,GLO Science,Skincare,High Tech Tools,10,230
P404793,Sunshine Vitamin C + Squalane Face Oil,MILK MAKEUP,Skincare,Moisturizers,19,231
P404794,Hydrating Oil Stick,MILK MAKEUP,Skincare,Moisturizers,12,232
P404795,Cooling Water,MILK MAKEUP,Skincare,Moisturizers,19,233
P405032,Micro Essence Infusion Mask,Estée Lauder,Skincare,Masks,33,234
P405096,SEA Deep Dive Cleansing Gel,tarte,Skincare,Cleansers,30,235
P405285,Smart Broad Spectrum SPF 15 Custom-Repair Moisturizer for Very Dry to Dry Skin,CLINIQUE,Skincare,Moisturizers,50,236
P405286,Smart Broad Spectrum SPF 15 Custom-Repair Moisturizer for Dry Combination Skin,CLINIQUE,Skincare,Moisturizers,51,237
P405584,Baby Pekee Bar + Juju Bar Travel Duo,Drunk Elephant,Skincare,Value & Gift Sets,16,238
P405589,Multi-Active Anti-Aging Day Cream-Gel Moisturizer for Glowing Skin,Clarins,Skincare,Moisturizers,38,239
P405599,SEA drink of H2O hydrating boost moisturizer,tarte,Skincare,Moisturizers,35,240
P405825,Repairwear Laser Focus Line Smoothing Cream Broad Spectrum SPF 15 for Very Dry to Dry Combination Skin,CLINIQUE,Skincare,Moisturizers,77,241
P405944,Ultra Sun Protection Lotion Broad Spectrum SPF 50+ WetForce for Sensitive Skin & Children,Shiseido,Skincare,Sunscreen,32,242
P406104,24K Gold Pure Luxury Lift & Firm Hydra-Gel Eye Patches,Peter Thomas Roth,Skincare,Eye Care,29,243
P406529,Advanced Night Micro Cleansing Balm,Estée Lauder,Skincare,Cleansers,17,244
P406656,Repairwear Laser Focus Line Smoothing Cream Broad Spectrum SPF 15 for Combination Oily to Oily Skin,CLINIQUE,Skincare,Moisturizers,63,245
P406712,B-Hydra Intensive Hydration Serum with Hyaluronic Acid,Drunk Elephant,Skincare,Treatments,28,246
P406941,Multi-Active Anti-Aging Day Moisturizer with SPF 20 for Glowing Skin,Clarins,Skincare,Moisturizers,39,247
P406942,Multi-Active Anti-Aging Night Moisturizer for Glowing Skin,Clarins,Skincare,Moisturizers,41,248
P407040,Acne Solutions Acne + Line Correcting Serum,CLINIQUE,Skincare,Treatments,40,249
P407381,Sun-Kissed Face Gelee Complexion Multitasker Bronzer,CLINIQUE,Skincare,Self Tanners,12,250
P407387,Beauty zzZz Sleep Support Supplement with Melatonin,HUM Nutrition,Skincare,Wellness,10,251
P407444,Bamboo Charcoal Detoxifying Soap Bar,Herbivore,Skincare,Cleansers,12,252
P407448,Self Tan Express Bronzing Mousse,St. Tropez,Skincare,Self Tanners,23,253
P407450,Self Tan Classic Bronzing Mousse,St. Tropez,Skincare,Self Tanners,30,254
P408230,V-Facial Instant Depuffing Face Mask,Clarins,Skincare,Masks,34,255
P408241,Plantscription Youth-Renewing Power Night Cream,Origins,Skincare,Moisturizers,72,256
P408271,Turn Back Time Turmeric Supplement for UV Damage,HUM Nutrition,Skincare,Wellness,5,257
P408273,Advanced Night Micro Cleansing Foam,Estée Lauder,Skincare,Cleansers,38,258
P408301,Purifying Pore & Blackhead Detox Mask,Tata Harper,Skincare,Masks,45,259
P408542,One Essential Eye Serum,Dior,Skincare,Eye Care,47,260
P408678,Midnight Secret Late Night Recovery Treatment Anti-Fatigue Serum,GUERLAIN,Skincare,Treatments,44,261
P409227,Multi-Active Anti-Aging Day Moisturizer for Glowing Skin,Clarins,Skincare,Moisturizers,51,262
P409630,SEA Pack Your Bags Undereye Patches,tarte,Skincare,Eye Care,21,263
P409631,SEA FRXXXTION Stick Exfoliating Cleanser,tarte,Skincare,Cleansers,17,264
P409800,Cleansing & Exfoliating Wipes,SEPHORA COLLECTION,Skincare,Cleansers,17,265
P409816,Plantscription SPF 25 Power Anti-Aging Oil-Free Cream,Origins,Skincare,Moisturizers,77,266
P409834,Plantscription SPF 25 Power Anti-Aging Cream,Origins,Skincare,Moisturizers,80,267
P409920,Clarifying Lotion 1.0 Twice A Day Exfoliator,CLINIQUE,Skincare,Cleansers,18,268
P410101,Broad Spectrum SPF 50 Mineral Sunscreen Fluid for Face,CLINIQUE,Skincare,Sunscreen,29,269
P410400,U.F.O. Salicylic Acid BHA Acne Treatment Face Oil,Sunday Riley,Skincare,Moisturizers,35,270
P410657,Extra-Firming & Smoothing Face Mask,Clarins,Skincare,Masks,27,271
P410755,GenOptics Spot Essence Serum,SK-II,Skincare,Moisturizers,37,272
P410756,GenOptics Aura Essence Serum,SK-II,Skincare,Moisturizers,41,273
P410809,ELEVATE Firming & Lifting Contouring Eye Cream,Algenist,Skincare,Eye Care,54,274
P410883,Acne Clearing Wash,Peter Thomas Roth,Skincare,Cleansers,30,275
P411254,MAGNETIGHT Age-Defier Mask,Dr. Brandt Skincare,Skincare,Masks,22,276
P411360,Hyaluronic Marine Hydrating Modeling Mask,Dr. Dennis Gross Skincare,Skincare,Masks,24,277
P411365,Retinol Youth Renewal Serum,Murad,Skincare,Treatments,53,278
P411387,Superfood Antioxidant Cleanser,Youth To The People,Skincare,Cleansers,35,279
P411388,Superfood Air-Whip Lightweight Moisturizer with Hyaluronic Acid,Youth To The People,Skincare,Moisturizers,37,280
P411393,Bye Bye Redness Neutralizing Color-Correcting Cream,IT Cosmetics,Skincare,Moisturizers,63,281
P411401,Bye Bye Under Eye Brightening Eye Cream for Dark Circles,IT Cosmetics,Skincare,Eye Care,52,282
P411403,Confidence in a Cream Anti-Aging Hydrating Moisturizer,IT Cosmetics,Skincare,Moisturizers,39,283
P411539,Cicapair Tiger Grass Cream,Dr. Jart+,Skincare,Moisturizers,64,284
P411540,Cicapair Tiger Grass Color Correcting Treatment SPF 30,Dr. Jart+,Skincare,Moisturizers,70,285
P411881,Retinol Firming Eye Cream,Kate Somerville,Skincare,Eye Care,43,286
P412025,Cucumber De-Tox Hydra-Gel Eye Patches,Peter Thomas Roth,Skincare,Eye Care,33,287
P412117,Dry Skin Saver,Kate Somerville,Skincare,Moisturizers,31,288
P412407,Clarifying Moisturizer,Tata Harper,Skincare,Moisturizers,54,289
P413326,Camellia Gold Spun Lip Balm,Tatcha,Skincare,Lip Balms & Treatments,18,290
P414293,Honey Savior All-in-One Skin Repair Salve,Farmacy,Skincare,Moisturizers,19,291
P414737,Pearly Girl Vegan Teeth Whitening Pen,tarte,Skincare,High Tech Tools,9,292
P415202,Wrinkle Warrior 2-in-1 Plumping Moisturizer + Serum,Kate Somerville,Skincare,Moisturizers,40,293
P415237,Hello FAB Coconut Skin Smoothie Priming Moisturizer,First Aid Beauty,Skincare,Moisturizers,44,294
P415619,Dreamskin Skin Perfector,Dior,Skincare,Moisturizers,46,295
P415620,Evercalm Ultra Comforting Rescue Mask,REN Clean Skincare,Skincare,Masks,40,296
P415667,EradiKate Daily Cleanser Acne Treatment,Kate Somerville,Skincare,Treatments,31,297
P415701,Water Drench Hyaluronic Acid Moisturizer,Peter Thomas Roth,Skincare,Moisturizers,45,298
P415747,Brazilian Kiss Cupuaçu Lip Butter,Sol de Janeiro,Skincare,Lip Balms & Treatments,13,299
P415771,The Essence Skincare Boosting Treatment,Tatcha,Skincare,Moisturizers,6,300
P415773,Pep-Start Daily UV Protector Broad Spectrum SPF 50,CLINIQUE,Skincare,Sunscreen,29,301
P415777,T.L.C. Sukari Babyfacial AHA + BHA Mask,Drunk Elephant,Skincare,Masks,39,302
P416139,Mini C.E.O. Vitamin C Brightening Rich Hydration Moisturizer,Sunday Riley,Skincare,Moisturizers,48,303
P416312,Gentle Foaming Face Wash,Skin Laundry,Skincare,Cleansers,18,304
P416341,Crème de la Mer Moisturizer,La Mer,Skincare,Moisturizers,42,305
P416344,The Cleansing Foam,La Mer,Skincare,Cleansers,54,306
P416538,The Lifting and Firming Mask,La Mer,Skincare,Masks,102,307
P416552,POWER Recharging Night Pressed Serum,Algenist,Skincare,Treatments,47,308
P416560,Squalane + Antioxidant Makeup Removing Cleansing Oil,Biossance,Skincare,Cleansers,22,309
P416561,Squalane + Probiotic Balancing Gel Moisturizer,Biossance,Skincare,Moisturizers,27,310
P416562,Squalane + Peptide Brightening & De-Puffing Eye Gel,Biossance,Skincare,Eye Care,32,311
P416563,Squalane + Vitamin C Rose Firming Oil,Biossance,Skincare,Moisturizers,7,312
P416564,100% Sugarcane Squalane Oil,Biossance,Skincare,Moisturizers,1,313
P416588,Wrinkle Release Neck & Chest Sheet Mask,Skin Laundry,Skincare,Masks,24,314
P416589,Wrinkle Release Facial Sheet Mask,Skin Laundry,Skincare,Masks,24,314
P416725,The Revitalizing Hydrating Serum,La Mer,Skincare,Treatments,94,315
P416728,Dreamskin Skin Perfector Refill,Dior,Skincare,Treatments,46,295
P416755,Hyaluronic Marine Oil-Free Moisture Cushion,Dr. Dennis Gross Skincare,Skincare,Moisturizers,45,316
P416815,Find Your Balance Oil Control Cleanser,OLEHENRIKSEN,Skincare,Cleansers,28,317
P416816,Balancing Force Oil Control Toner,OLEHENRIKSEN,Skincare,Cleansers,26,318
P416824,Fresh Pressed Daily Booster with Pure Vitamin C 10%,CLINIQUE,Skincare,Treatments,44,319
P416825,FAB Skin Lab Retinol Serum 0.25% Pure Concentrate,First Aid Beauty,Skincare,Treatments,34,320
P416923,Superfood Hydrate + Firm Peptide Eye Cream,Youth To The People,Skincare,Eye Care,32,321
P417107,The Moisturizing Soft Lotion,La Mer,Skincare,Moisturizers,76,322
P417110,The Lifting Eye Serum,La Mer,Skincare,Eye Care,56,323
P417111,The Eye Balm Intense,La Mer,Skincare,Eye Care,76,324
P417114,The Cleansing Micellar Water,La Mer,Skincare,Cleansers,40,325
P417115,The Intensive Revitalizing Mask,La Mer,Skincare,Masks,80,326
P417118,The Broad Spectrum SPF 50 UV Protecting Fluid,La Mer,Skincare,Sunscreen,56,327
P417238,Green Clean Makeup Removing Cleansing Balm,Farmacy,Skincare,Cleansers,33,328
P417241,The Renewal Oil,La Mer,Skincare,Moisturizers,70,329
P417242,The Lip Balm,La Mer,Skincare,Lip Balms & Treatments,49,330
P417243,The Tonic,La Mer,Skincare,Cleansers,35,331
P417323,Fresh Pressed Renewing Powder Cleanser with Pure Vitamin C,CLINIQUE,Skincare,Cleansers,15,332
P417359,Advanced Night Repair Concentrated Eye Treatment Mask,Estée Lauder,Skincare,Eye Care,41,333
P417604,Hydra Life Deep Hydration Sorbet Water Essence,Dior,Skincare,Treatments,43,334
P417625,24/7 Retinol Eye Cream,Dr. Brandt Skincare,Skincare,Eye Care,30,335
P417867,The Silk Cream,Tatcha,Skincare,Moisturizers,40,336
P417936,Rose & Hyaluronic Acid Deep Hydration Toner,fresh,Skincare,Cleansers,20,337
P417980,City Skin Age Defense Broad Spectrum SPF 50 PA++++,Murad,Skincare,Sunscreen,44,338
P417984,Moisture Surge Hydrating Supercharged Concentrate,CLINIQUE,Skincare,Moisturizers,36,339
P418218,The Water Cream Oil-Free Pore Minimizing Moisturizer,Tatcha,Skincare,Moisturizers,29,340
P418221,Organic Sunless Tan Anti-Aging Face Serum,COOLA,Skincare,Self Tanners,28,341
P418346,C.E.O. 15% Vitamin C Brightening Serum,Sunday Riley,Skincare,Treatments,26,342
P418624,Noni Glow Plumping Face Oil,KORA Organics,Skincare,Moisturizers,16,343
P418629,C.E.O. Vitamin C Brightening Rich Hydration Moisturizer,Sunday Riley,Skincare,Moisturizers,48,303
P418872,Pore-Balance Facial Sauna Scrub,OLEHENRIKSEN,Skincare,Cleansers,28,344
P419221,Umbra Tinte Physical Daily Defense SPF 30,Drunk Elephant,Skincare,Sunscreen,42,345
P419222,Umbra Sheer Physical Daily Defense SPF 30,Drunk Elephant,Skincare,Sunscreen,41,345
P419223,Shaba Complex Firming Eye Serum,Drunk Elephant,Skincare,Eye Care,44,346
P420143,Clarifying AHA + BHA Mask,Tata Harper,Skincare,Masks,46,347
P420158,Vitamin C Glow Moisturizer,fresh,Skincare,Moisturizers,45,348
P420224,Vinoperfect Brightening Glycolic Essence,Caudalie,Skincare,Moisturizers,18,349
P420230,Pout Prep Lip Exfoliant,tarte,Skincare,Lip Balms & Treatments,11,350
P420638,ELEVATE Advanced Lift Contouring Cream,Algenist,Skincare,Moisturizers,51,351
P420652,Lip Sleeping Mask Intense Hydration with Vitamin C,LANEIGE,Skincare,Lip Balms & Treatments,34,352
P420699,Violet-C Radiance Mask,Tatcha,Skincare,Masks,35,353
P421235,Double Serum Firming & Smoothing Anti-Aging Concentrate,Clarins,Skincare,Treatments,52,354
P421243,Sugar Hydrating Lip Balm,fresh,Skincare,Lip Balms & Treatments,38,355
P421249,The Moisturizing Matte Lotion,La Mer,Skincare,Moisturizers,74,356
P421271,Wrinkle Warrior Eye Gel Visible Dark Circle Eraser,Kate Somerville,Skincare,Eye Care,27,357
P421275,Salicylic Acid Acne Healing Dots,Peace Out,Skincare,Treatments,4,358
P421276,ExfoliKate Glow Moisturizer,Kate Somerville,Skincare,Moisturizers,43,359
P421277,GENIUS Liquid Collagen Serum,Algenist,Skincare,Treatments,38,360
P421432,Rapid Relief Acne Spot Treatment,Murad,Skincare,Treatments,26,361
P421600,Jasmine Green Tea Oil Control Toner,Herbivore,Skincare,Cleansers,10,362
P421996,Ultra Facial Moisturizing Cream with Squalane,Kiehl's Since 1851,Skincare,Moisturizers,30,363
P421997,Calendula Herbal Extract Alcohol Free Toner,Kiehl's Since 1851,Skincare,Cleansers,12,364
P421998,Midnight Recovery Concentrate Moisturizing Face Oil,Kiehl's Since 1851,Skincare,Treatments,23,365
P422000,Creamy Eye Treatment with Avocado,Kiehl's Since 1851,Skincare,Eye Care,26,366
P422002,Rare Earth Deep Pore Minimizing Cleansing Clay Mask,Kiehl's Since 1851,Skincare,Masks,19,367
P422003,Daily Reviving Concentrate,Kiehl's Since 1851,Skincare,Treatments,18,368
P422004,Ultra Facial Moisturizer Sunscreen SPF 30,Kiehl's Since 1851,Skincare,Moisturizers,24,369
P422005,Ultra Facial Moisturizer,Kiehl's Since 1851,Skincare,Moisturizers,18,370
P422007,Ultra Facial Cleanser,Kiehl's Since 1851,Skincare,Cleansers,28,371
P422011,Ultra Facial Toner,Kiehl's Since 1851,Skincare,Cleansers,16,372
P422012,Ultra Facial Cream Sunscreen SPF 30,Kiehl's Since 1851,Skincare,Moisturizers,38,373
P422013,Calendula Deep Clean Foaming Face Wash,Kiehl's Since 1851,Skincare,Cleansers,18,374
P422022,Clearly Corrective Dark Spot Correcting Serum,Kiehl's Since 1851,Skincare,Treatments,24,375
P42204,Rosebud Salve,Rosebud Perfume Co.,Skincare,Lip Balms & Treatments,4,376
P42205,Strawberry Lip Balm,Rosebud Perfume Co.,Skincare,Lip Balms & Treatments,4,377
P422248,Rare Earth Deep Pore Daily Cleanser,Kiehl's Since 1851,Skincare,Cleansers,19,378
P422253,Rare Earth Pore Refining Tonic,Kiehl's Since 1851,Skincare,Cleansers,16,379
P422260,Super Multi-Corrective Cream Sunscreen Broad Spectrum SPF 30,Kiehl's Since 1851,Skincare,Moisturizers,36,380
P422428,Hydra Zen Anti-Stress Moisturizing Face Cream,Lancôme,Skincare,Moisturizers,40,381
P422430,Hydra Zen Gel-Cream Oil-Free Moisturizer with Salicylic Acid,Lancôme,Skincare,Moisturizers,32,382
P422510,Mini Ultra Facial Moisturizing Cream with Squalane,Kiehl's Since 1851,Skincare,Mini Size,40,383
P422536,Original Skin Matte Moisturizer with Willowherb,Origins,Skincare,Moisturizers,59,384
P422648,DayWear Matte Oil-Control Anti-Oxidant Moisturizer Gel Creme,Estée Lauder,Skincare,Moisturizers,50,385
P422649,Resilience Multi-Effect Night Tri-Peptide Face and Neck Moisturizer Creme,Estée Lauder,Skincare,Moisturizers,69,386
P422848,Crème Riche Anti-Aging Peptide Night Cream,Tata Harper,Skincare,Moisturizers,64,387
P422905,Moisturizing Eye Bomb with Squalane,belif,Skincare,Eye Care,57,388
P423123,Daily Superfoliant Exfoliator,Dermalogica,Skincare,Cleansers,41,389
P423125,Ultracalming Serum Concentrate,Dermalogica,Skincare,Treatments,30,390
P423127,Ultracalming Cleanser,Dermalogica,Skincare,Cleansers,29,391
P423130,MultiVitamin Power Recovery Mask,Dermalogica,Skincare,Masks,53,392
P423134,MultiVitamin Power Firm Eye Cream,Dermalogica,Skincare,Eye Care,21,393
P423135,Super Rich Repair Moisturizer,Dermalogica,Skincare,Moisturizers,48,394
P423136,Special Cleansing Gel,Dermalogica,Skincare,Cleansers,25,395
P423142,Active Moist Moisturizer,Dermalogica,Skincare,Moisturizers,42,396
P423143,Stress Positive Eye Lift Mask,Dermalogica,Skincare,Eye Care,40,397
P423145,Age Reversal Eye Complex,Dermalogica,Skincare,Eye Care,77,398
P423148,Precleanse Cleansing Oil,Dermalogica,Skincare,Cleansers,24,399
P423150,Multi-Active Toner,Dermalogica,Skincare,Cleansers,48,400
P423157,Sex Dust   Adaptogens For Fire*,Moon Juice,Skincare,Wellness,1,401
P423159,Brain Dust,Moon Juice,Skincare,Wellness,1,402
P423163,Future Solution LX Concentrated Balancing Softener,Shiseido,Skincare,Moisturizers,46,403
P423164,Future Solution LX Extra Rich Cleansing Foam,Shiseido,Skincare,Cleansers,25,404
P423165,Future Solution LX Eye and Lip Contour Regenerating Cream,Shiseido,Skincare,Eye Care,61,405
P423166,Future Solution LX Intensive Firming Contour Serum,Shiseido,Skincare,Treatments,54,406
P423167,Future Solution LX Total Protective Cream Broad Spectrum SPF 20 Sunscreen,Shiseido,Skincare,Sunscreen,38,407
P423168,Future Solution LX Total Protective Emulsion Broad Spectrum SPF 20 Sunscreen,Shiseido,Skincare,Sunscreen,44,408
P423169,Future Solution LX Total Regenerating Cream,Shiseido,Skincare,Moisturizers,49,409
P423254,Water Drench Hyaluronic Cloud Hydra-Gel Eye Patches,Peter Thomas Roth,Skincare,Eye Care,61,410
P423259,Cicapair Tiger Grass Serum,Dr. Jart+,Skincare,Treatments,38,411
P423264,One Essential Skin Boosting Super Serum,Dior,Skincare,Treatments,48,412
P423688,Daily Microfoliant Exfoliator,Dermalogica,Skincare,Cleansers,29,413
P423690,Skin Resurfacing Lactic Acid Cleanser,Dermalogica,Skincare,Cleansers,30,414
P424378,Mini Virgin Marula LuxuryFace Oil,Drunk Elephant,Skincare,Moisturizers,1,165
P424948,Auto Correct Brightening + Depuffing Eye Cream for Dark Circles,Sunday Riley,Skincare,Eye Care,40,415
P424984,HYDRA MOUSSE Hydrating Self-Tan Mousse,TAN-LUXE,Skincare,Self Tanners,27,416
P424985,THE WATER Hydrating Self-Tan Water,TAN-LUXE,Skincare,Self Tanners,26,417
P424986,THE BUTTER Illuminating Tanning Butter,TAN-LUXE,Skincare,Self Tanners,37,418
P424987,SLEEP OIL Rejuvenating Miracle Tanning Oil,TAN-LUXE,Skincare,Self Tanners,34,419
P424988,THE FACE Illuminating Self-Tan Drops,TAN-LUXE,Skincare,Self Tanners,22,420
P424989,THE BODY Illuminating Self-Tan Drops,TAN-LUXE,Skincare,Self Tanners,25,421
P424990,THE GRADUAL Illuminating Gradual Tan Lotion,TAN-LUXE,Skincare,Self Tanners,33,422
P426080,Lotus Youth Preserve Rescue Mask,fresh,Skincare,Masks,51,423
P426183,Mini Facial Treatment Essence (Pitera Essence),SK-II,Skincare,Moisturizers,7,89
P426340,The Rice Polish Foaming Enzyme Powder,Tatcha,Skincare,Cleansers,23,424
P426501,Mini Crème de la Mer Moisturizer,La Mer,Skincare,Mini Size,43,425
P426707,Hello FAB Coconut Water Cream,First Aid Beauty,Skincare,Moisturizers,29,426
P426829,Confidence in a Cleanser Hydrating Facial Cleanser Serum,IT Cosmetics,Skincare,Cleansers,47,427
P426836,Beste No. 9 Jelly Cleanser,Drunk Elephant,Skincare,Cleansers,23,428
P427393,Hyaluronic Marine Dew It Right Eye Gel,Dr. Dennis Gross Skincare,Skincare,Eye Care,37,429
P427397,Hydro Biotic Recovery Sleeping Mask,Dr. Brandt Skincare,Skincare,Masks,34,430
P427404,Ascorbyl Tetraisopalmitate Solution 20% in Vitamin F,The Ordinary,Skincare,Treatments,7,431
P427405,Matrixyl* 10% + HA,The Ordinary,Skincare,Treatments,17,432
P427406,Glycolic Acid 7% Exfoliating Toning Solution,The Ordinary,Skincare,Cleansers,42,433
P427409,Vitamin C Suspension 30% in Silicone,The Ordinary,Skincare,Treatments,4,434
P427410,Vitamin C Suspension 23% + HA Spheres 2%,The Ordinary,Skincare,Treatments,15,435
P427411,Azelaic Acid 10% Suspension Brightening Cream,The Ordinary,Skincare,Treatments,17,436
P427412,Alpha Arbutin 2% + HA Hyperpigmentation Serum,The Ordinary,Skincare,Treatments,12,437
P427413,Lactic Acid 10% + HA 2% Exfoliating Serum,The Ordinary,Skincare,Treatments,15,438
P427414,Natural Moisturizing Factors + HA,The Ordinary,Skincare,Treatments,46,439
P427415,100% Organic Cold-Pressed Rose Hip Seed Oil,The Ordinary,Skincare,Moisturizers,1,440
P427416,Caffeine 5% + EGCG Depuffing Eye Serum,The Ordinary,Skincare,Treatments,26,441
P427417,Niacinamide 10% + Zinc 1% Oil Control Serum,The Ordinary,Skincare,Treatments,11,442
P427418,Granactive Retinoid* 2% Emulsion,The Ordinary,Skincare,Treatments,31,443
P427419,Hyaluronic Acid 2% + B5 Hydrating Serum,The Ordinary,Skincare,Treatments,17,444
P427420,Multi-Peptide + HA Serum,The Ordinary,Skincare,Treatments,51,445
P427421,Protini Polypeptide Firming Refillable Moisturizer,Drunk Elephant,Skincare,Moisturizers,58,446
P427513,Perfectionist Pro Rapid Firm + Lift Treatment,Estée Lauder,Skincare,Treatments,86,447
P427529,Powerful-Strength Vitamin C Serum,Kiehl's Since 1851,Skincare,Treatments,1,448
P427536,The Deep Cleanse Gentle Exfoliating Cleanser,Tatcha,Skincare,Cleansers,22,449
P427638,Nutrient-Charged Water Gel,Murad,Skincare,Moisturizers,70,450
P427640,DayWear Eye Cooling Anti-Oxidant Moisture GelCreme,Estée Lauder,Skincare,Eye Care,41,451
P427641,Mini Confidence in a Cream Hydrating Moisturizer,IT Cosmetics,Skincare,Moisturizers,39,283
P427729,Capture Youth Age-Delay Advanced Crème,Dior,Skincare,Moisturizers,41,452
P427731,Capture Youth Glow Booster Age-Delay Illuminating Serum,Dior,Skincare,Treatments,21,453
P427732,Capture Youth Plump Filler Age-Delay Plumping Serum,Dior,Skincare,Treatments,23,454
P428005,NuBODY Skin Toning Device,NuFACE,Skincare,High Tech Tools,25,455
P428095,Ready Steady Glow Daily AHA Tonic,REN Clean Skincare,Skincare,Cleansers,16,456
P428100,Potent-C Vitamin C Power Serum,Peter Thomas Roth,Skincare,Treatments,29,457
P428103,Ultimate Revival Essence,SK-II,Skincare,Moisturizers,14,458
P428240,Calm Water Gel Moisturizer,Dermalogica,Skincare,Moisturizers,25,459
P428250,Oil-Absorbing Pore Treatment Strips,Peace Out,Skincare,Treatments,3,460
P428255,Capture Youth Serum Collection,Dior,Skincare,Treatments,21,453
P428414,Skin Saviors,Jack Black,Skincare,Value & Gift Sets,101,461
P428416,Honey Butter Beeswax Lip Balm,Farmacy,Skincare,Lip Balms & Treatments,22,462
P428422,Oil Control Blotting Paper,Shiseido,Skincare,Cleansers,15,463
P428423,Refreshing Cleansing Sheets,Shiseido,Skincare,Cleansers,22,464
P428636,Mini The Cleansing Foam,La Mer,Skincare,Cleansers,54,306
P428637,Mini The Lifting and Firming Mask,La Mer,Skincare,Mini Size,102,307
P428639,Mini The Renewal Oil,La Mer,Skincare,Mini Size,70,465
P428668,Baggage Claim Eye Masks,Wander Beauty,Skincare,Eye Care,40,466
P428816,Noni Radiant Brightening Eye Oil,KORA Organics,Skincare,Eye Care,19,467
P428819,Watermelon Pink Juice Oil-Free Moisturizer,Glow Recipe,Skincare,Moisturizers,24,468
P429043,LUXE+ Advanced Sonic Dermaplaning + Peach Fuzz Removal,DERMAFLASH,Skincare,High Tech Tools,5,469
P429242,Clear Sunscreen Stick SPF 50+,Shiseido,Skincare,Sunscreen,27,470
P429250,Cicapair  Tiger Grass Camo Drops Color Corrector SPF 35,Dr. Jart+,Skincare,Treatments,75,471
P429504,Extra-Firming & Smoothing Night Moisturizer,Clarins,Skincare,Moisturizers,35,472
P429508,Sunless Tan Dry Body Oil Mist,COOLA,Skincare,Self Tanners,24,473
P429515,C-Tango Vitamin C Eye Cream,Drunk Elephant,Skincare,Eye Care,78,474
P429516,Full Spectrum 360° Sun Silk Drops Organic Sunscreen SPF 30,COOLA,Skincare,Sunscreen,29,475
P429522,Super Fluid Daily UV Defense Sunscreen Broad Spectrum SPF 50+,Kiehl's Since 1851,Skincare,Sunscreen,24,476
P429526,Multi-Vitamin Infusion Oil,Murad,Skincare,Moisturizers,28,477
P429529,Sheet Masks,Dr. Jart+,Skincare,Masks,35,194
P429538,Lotus Youth Preseve Rescue Mask Mini,fresh,Skincare,Shop by Concern,51,423
P429637,The Moisturizing Cool Gel Cream,La Mer,Skincare,Moisturizers,55,478
P429659,Squalane + Hyaluronic Toning Mist,Biossance,Skincare,Moisturizers,32,479
P429661,pores no more Mattifying Hydrator Pore Minimizing Gel,Dr. Brandt Skincare,Skincare,Treatments,37,480
P429662,pores no more Vacuum Cleaner Pore Purifying Mask,Dr. Brandt Skincare,Skincare,Masks,28,481
P429675,Hydra Life Balancing Hydration 2 in 1 Sorbet Water,Dior,Skincare,Moisturizers,27,482
P429676,Hydra Life Cooling Hydration Sorbet Eye Gel,Dior,Skincare,Eye Care,32,483
P429683,Self Tan Purity Bronzing Water Mousse,St. Tropez,Skincare,Self Tanners,18,484
P429952,Jet Lag Mask,Summer Fridays,Skincare,Masks,33,485
P429953,Glow Stick Sunscreen SPF 50 PA++++,Supergoop!,Skincare,Sunscreen,20,486
P429954,Clarifying Blemish & Oil Control Cleanser,Tata Harper,Skincare,Cleansers,44,487
P430143,Mini Confidence in a Cleanser,IT Cosmetics,Skincare,Mini Size,69,488
P430146,Superberry Hydrate + Glow Dream Oil,Youth To The People,Skincare,Moisturizers,25,489
P430337,C-Rush Vitamin C Gel Moisturizer,OLEHENRIKSEN,Skincare,Moisturizers,46,490
P430338,Extra-Firming & Smoothing Day Moisturizer with SPF 15,Clarins,Skincare,Moisturizers,42,491
P430405,Mini The Moisturizing Cool Gel Cream,La Mer,Skincare,Mini Size,55,478
P430809,THE ESSENTIALS Sonic Dermaplaning Refill Kit,DERMAFLASH,Skincare,Value & Gift Sets,5,469
P430812,Max Mineral Tinted Sunscreen Broad Spectrum SPF 45,Peter Thomas Roth,Skincare,Sunscreen,38,492
P430813,Advanced Génifique Hydrogel Melting Mask,Lancôme,Skincare,Masks,39,493
P430818,SEA Mermaid Skin Hyaluronic H2O Serum,tarte,Skincare,Treatments,9,494
P430903,Watermelon Brightening Serum,MILK MAKEUP,Skincare,Treatments,44,495
P431180,Self Tanning Bronzing Face Drops,Isle of Paradise,Skincare,Self Tanners,28,496
P431181,Self-Tanning Water,Isle of Paradise,Skincare,Self Tanners,32,497
P431187,Clean Bee Ultra Gentle Facial Cleanser,Farmacy,Skincare,Cleansers,46,498
P431416,The Replenishing Oil Exfoliator,La Mer,Skincare,Cleansers,53,499
P431418,Disco Tan Instant Wash-Off Body Bronzer,Isle of Paradise,Skincare,Self Tanners,28,500
P431419,Over It Magic Self-Tan Eraser,Isle of Paradise,Skincare,Moisturizers,23,501
P431733,Epidermal Re-Texturizing Micro-Dermabrasion,Kiehl's Since 1851,Skincare,Cleansers,17,502
P431840,Coconut Milk Bath Soak,Herbivore,Skincare,Wellness,40,503
P431847,Glow Sweet Glow - Skin Hydration Vegan Gummies with Hyaluronic Acid & Vitamin C + E,HUM Nutrition,Skincare,Wellness,11,504
P431848,Cold Plunge Pore Mask,OLEHENRIKSEN,Skincare,Masks,31,505
P432045,GENIUS Liquid Collagen Lip Treatment,Algenist,Skincare,Lip Balms & Treatments,37,506
P432048,Resurfacing AHA + BHA Serum,Tata Harper,Skincare,Treatments,53,507
P432049,SuperYou Daily Stress Management,Moon Juice,Skincare,Wellness,11,508
P432053,Multivitamins 15% Vitamin C + Retinol Mini Set,Sunday Riley,Skincare,Value & Gift Sets,38,509
P432239,Buttermask Intense Repair Lip Treatment,Kiehl's Since 1851,Skincare,Lip Balms & Treatments,24,510
P432240,Oil-Control Toner,Jack Black,Skincare,Cleansers,35,511
P432241,Dramatically Different Hydrating Jelly,CLINIQUE,Skincare,Moisturizers,30,512
P432242,Blackhead Solutions 7 Day Deep Pore Cleanse & Face Scrub,CLINIQUE,Skincare,Cleansers,24,513
P432243,Blackhead Solutions Self-heating Blackhead Extractor,CLINIQUE,Skincare,Cleansers,20,514
P432255,Mini Black Tea Firming Overnight Mask,fresh,Skincare,Mini Size,53,158
P432256,Mini Black Tea Instant Perfecting Mask,fresh,Skincare,Mini Size,47,36
P432262,Self Tan Purity Bronzing Water Face Mist,St. Tropez,Skincare,Self Tanners,27,515
P432421,SUPERMASK - The Charcoal Mask,SEPHORA COLLECTION,Skincare,Masks,25,516
P432662,Rose Quartz Facial Roller,Herbivore,Skincare,Wellness,63,517
P432668,D-Bronzi Anti-Pollution Bronzing Drops with Peptides,Drunk Elephant,Skincare,Treatments,36,518
P432824,De-Puffing Jade Facial Roller,Mount Lai,Skincare,Wellness,2,519
P432829,Adaptogen Deep Moisturizing Cream with Ashwagandha + Reishi,Youth To The People,Skincare,Moisturizers,31,520
P432831,Plump Jelly Hyaluronic Serum,Moon Juice,Skincare,Treatments,18,521
P433143,Outsmart Acne Clarifying Treatment,Murad,Skincare,Treatments,45,522
P433155,Prep It Self-Tan Priming Spray,Isle of Paradise,Skincare,Self Tanners,27,523
P433435,CC+ Cream Oil-Free Matte with SPF 40,IT Cosmetics,Skincare,Moisturizers,53,524
P433440,Wonder Oil Illuminating Self-Tan Oil,TAN-LUXE,Skincare,Self Tanners,32,525
P433443,Aqua Bomb Sleeping Mask,belif,Skincare,Moisturizers,16,526
P433444,Clear Improvement Charcoal Honey Mask to Purify and Nourish,Origins,Skincare,Masks,45,527
P433446,Mini Original Skin Matte Moisturizer with Willowherb,Origins,Skincare,Mini Size,59,528
P433456,Potent-C Vitamin C Power Eye Cream,Peter Thomas Roth,Skincare,Eye Care,43,529
P433457,Potent-C Vitamin C Targeted Spot Brightener,Peter Thomas Roth,Skincare,Treatments,26,530
P433461,Rose Sugar Scrub,Lancôme,Skincare,Cleansers,19,531
P433465,Make My Day Activated Mask,FOREO,Skincare,Masks,12,532
P433466,Call It A Night Activated Mask,FOREO,Skincare,Masks,20,533
P433468,EradiKate Salicylic Acid Acne Treatment,Kate Somerville,Skincare,Treatments,47,534
P433469,ELEVATE Advanced Retinol Serum,Algenist,Skincare,Treatments,46,535
P433519,Refillable Magic Night Moisturizer with Retinol,Charlotte Tilbury,Skincare,Moisturizers,49,536
P433520,Magic Cream Moisturizer with Hyaluronic Acid,Charlotte Tilbury,Skincare,Moisturizers,50,537
P433521,Charlotte’s Magic Eye Cream with Retinol,Charlotte Tilbury,Skincare,Eye Care,57,538
P433522,Goddess Clay Mask,Charlotte Tilbury,Skincare,Masks,28,539
P433524,Multi-Miracle Glow Cleansing Balm,Charlotte Tilbury,Skincare,Cleansers,35,540
P433617,Deep Cleansing Foam,Shiseido,Skincare,Cleansers,36,541
P433618,Clarifying Cleansing Foam,Shiseido,Skincare,Cleansers,31,542
P433619,Extra Rich Cleansing Milk,Shiseido,Skincare,Cleansers,26,543
P433620,Treatment Softener,Shiseido,Skincare,Moisturizers,31,544
P433621,Treatment Softener Enriched,Shiseido,Skincare,Moisturizers,36,545
P433627,Turmeric BHA Pore & Brightening Treatment Mask,KORA Organics,Skincare,Masks,37,546
P433884,Dermask Ultra Jet Peeling Solution,Dr. Jart+,Skincare,Treatments,44,547
P433887,Squalane + Omega Repair Deep Hydration Moisturizer,Biossance,Skincare,Moisturizers,26,548
P433962,Treatment Lotion Hydrating Mask,La Mer,Skincare,Masks,72,549
P433971,Skin Warrior Moisture Rescue Cream,Naturally Serious,Skincare,Moisturizers,52,550
P433973,Get Even Cold-Pressed Peel Pads,Naturally Serious,Skincare,Treatments,36,551
P433974,Supercharge Anti-Oxidant Moisture Serum,Naturally Serious,Skincare,Treatments,50,552
P433975,Zero Baggage Anti-Dark Circle Eye Cream,Naturally Serious,Skincare,Eye Care,39,553
P434336,Mini Noni Glow Face Oil,KORA Organics,Skincare,Mini Size,16,343
P434340,De-Puffing Rose Quartz Facial Roller,Mount Lai,Skincare,Wellness,2,554
P434360,High-Potency Night-a-Mins Resurfacing Cream with Fruit-Derived AHAs,Origins,Skincare,Moisturizers,61,555
P434361,High-Potency Night-A-Mins Oil-Free Resurfacing Cream with Fruit Derived AHAs,Origins,Skincare,Moisturizers,51,556
P434545,Glow Cycle Retin-ALT Power Serum,OLEHENRIKSEN,Skincare,Treatments,42,557
P434546,Goodnight Glow Bakuchiol Sleeping Crème,OLEHENRIKSEN,Skincare,Moisturizers,50,558
P434548,Honeymoon Glow AHA Resurfacing Night Serum,Farmacy,Skincare,Moisturizers,52,559
P434550,Revitalixir Recovery Serum,Murad,Skincare,Treatments,46,560
P435209,Radiance Resurfacing Foam,Dr. Brandt Skincare,Skincare,Treatments,63,561
P435386,Mini Watermelon Pink Juice Oil-Free Moisturizer,Glow Recipe,Skincare,Mini Size,24,468
P435387,Mini Rose Floral Toner,fresh,Skincare,Mini Size,11,203
P435790,Radiance Revitalizing Foam,Dr. Brandt Skincare,Skincare,Treatments,63,561
P435800,Acid Potion AHA + BHA Resurfacing Exfoliator,Moon Juice,Skincare,Treatments,20,562
P435801,Aqua Bomb Mist,belif,Skincare,Moisturizers,43,563
P435975,Mini Charlotte's Magic Cream,Charlotte Tilbury,Skincare,Moisturizers,49,564
P436094,Evercalm Overnight Recovery Balm,REN Clean Skincare,Skincare,Moisturizers,28,565
P436343,H2Overdose Activated Mask,FOREO,Skincare,Masks,33,566
P436346,Youth Junkie Activated Mask,FOREO,Skincare,Masks,32,567
P436347,Glow Addict Activated Mask,FOREO,Skincare,Masks,34,568
P436353,Mini Rose & Hyaluronic Acid Deep Hydration Toner,fresh,Skincare,Mini Size,20,337
P436359,Blueberry Bounce Gentle Cleanser,Glow Recipe,Skincare,Cleansers,20,569
P436365,+Retinol Vita C Power Serum,Kate Somerville,Skincare,Treatments,37,570
P436378,Dermatologist Solutions Centella Sensitive Cica-Cream,Kiehl's Since 1851,Skincare,Moisturizers,29,571
P436387,Overtime Mask,Summer Fridays,Skincare,Masks,29,572
P437477,Stop Being So Sensitive Evercalm Kit,REN Clean Skincare,Skincare,Value & Gift Sets,98,573
P437960,Baggage Claim Rose Gold Eye Masks,Wander Beauty,Skincare,Eye Care,40,466
P437981,Emerald Hemp Seed Deep Moisture Glow Oil,Herbivore,Skincare,Moisturizers,20,574
P438362,Tonique Confort Hydrating & Toning Duo,Lancôme,Skincare,Value & Gift Sets,23,575
P438617,All Day Hyaluronic Acid Hydrator Moisturizer,SEPHORA COLLECTION,Skincare,Moisturizers,27,576
P438618,Clean Skin Gel Cleanser with Prebiotics,SEPHORA COLLECTION,Skincare,Cleansers,10,577
P438619,Brightening Eye Cream with Caffeine and Hyaluronic Acid,SEPHORA COLLECTION,Skincare,Eye Care,23,578
P438620,Nourishing Moisturizer with Prebiotics,SEPHORA COLLECTION,Skincare,Moisturizers,35,579
P438628,Contouring + De-Puffing Rose Quartz Roller,BeautyBio,Skincare,Wellness,1,580
P438629,The Radiance Brightening Vitamin E + Rosehip Seed Facial Oil,BeautyBio,Skincare,Moisturizers,26,581
P438630,Contouring + De-Puffing Rose Quartz GloPRO Attachment Head,BeautyBio,Skincare,High Tech Tools,1,580
P438635,The Pout Sparkling Rosé Hyaluronic Acid Collagen Plumping Lip Serum,BeautyBio,Skincare,Lip Balms & Treatments,25,582
P438637,Bright Eyes Collagen-Infused Brightening Colloidal Silver Eye Masks,BeautyBio,Skincare,Eye Care,22,583
P438640,The Nightly Retinol + Peptide Anti-Aging Serum,BeautyBio,Skincare,Treatments,31,584
P438642,GloPRO Prep Pads Clarifying Skin Cleansing Wipes with Peptides,BeautyBio,Skincare,Cleansers,20,585
P438643,The Balance pH Balancing Gel Cleanser,BeautyBio,Skincare,Cleansers,17,586
P438648,The Quench Quadralipid Rapid Recovery Facial Moisturizer,BeautyBio,Skincare,Moisturizers,41,587
P439055,GENIUS Sleeping Collagen Moisturizer,Algenist,Skincare,Moisturizers,42,588
P439057,Confidence in a Gel Lotion,IT Cosmetics,Skincare,Moisturizers,45,589
P439058,Violet-C Brightening Serum 20% Vitamin C + 10% AHA,Tatcha,Skincare,Treatments,30,590
P439061,Glow2OH Dark Spot Toner,OLEHENRIKSEN,Skincare,Cleansers,22,591
P439098,Clarifying Lotion 3,CLINIQUE,Skincare,Cleansers,17,12
P439099,Clarifying Lotion 2,CLINIQUE,Skincare,Cleansers,13,592
P439626,Black Tea Firming Eye Serum,fresh,Skincare,Eye Care,42,593
P439643,Clinique iD Custom-Blend Hydrator Collection,CLINIQUE,Skincare,Moisturizers,48,594
P439648,Clinique iD:  Moisturizer + Concentrate for Pores & Uneven Texture,CLINIQUE,Skincare,Moisturizers,48,594
P439926,A-Passioni Retinol Cream,Drunk Elephant,Skincare,Treatments,63,595
P439927,Liquid ExfoliKate Triple Acid Resurfacing Treatment,Kate Somerville,Skincare,Treatments,30,596
P439928,Superscreen Daily Moisturizer Sunscreen SPF 40 PA+++,Supergoop!,Skincare,Moisturizers,21,597
P440072,Noni Glow Overnight Plumping Hydration Mask,KORA Organics,Skincare,Masks,35,598
P440075,A+ High-Dose Retinol Serum,Sunday Riley,Skincare,Treatments,55,599
P440302,needles no more Neck Sculpting Cream,Dr. Brandt Skincare,Skincare,Moisturizers,43,600
P440305,Goat Milk Moisturizing Cleanser,Kate Somerville,Skincare,Cleansers,38,601
P440306,SEA Mini Drink of H2O Hydrating Boost Moisturizer,tarte,Skincare,Mini Size,35,240
P440307,Superberry Hydrate + Glow Dream Night Mask with Vitamin C,Youth To The People,Skincare,Masks,32,602
P440312,Lotus Anti-Aging Night Moisturizer,fresh,Skincare,Moisturizers,39,603
P440317,Potent-C Vitamin C Bright & Plump Moisturizer,Peter Thomas Roth,Skincare,Moisturizers,57,604
P440482,"Facial Spray with Aloe, Herbs and Rosewater",Mario Badescu,Skincare,Moisturizers,17,605
P440483,"Facial Spray with Aloe, Cucumber and Green Tea",Mario Badescu,Skincare,Moisturizers,22,606
P440484,"Facial Spray with Aloe, Chamomile and Lavender",Mario Badescu,Skincare,Moisturizers,19,607
P440485,Enzyme Cleansing Gel,Mario Badescu,Skincare,Cleansers,20,608
P440486,Glycolic Acid Toner,Mario Badescu,Skincare,Cleansers,18,609
P440489,Glycolic Foaming Cleanser,Mario Badescu,Skincare,Cleansers,16,610
P440490,Acne Facial Cleanser,Mario Badescu,Skincare,Cleansers,21,611
P440491,Botanical Exfoliating Scrub,Mario Badescu,Skincare,Cleansers,15,612
P440492,Buttermilk Moisturizer,Mario Badescu,Skincare,Moisturizers,20,613
P440493,Oil Free Moisturizer Broad Spectrum SPF 30,Mario Badescu,Skincare,Moisturizers,21,614
P440494,Vitamin C Serum,Mario Badescu,Skincare,Treatments,12,615
P440496,Buffering Lotion,Mario Badescu,Skincare,Cleansers,18,616
P440498,Drying Lotion,Mario Badescu,Skincare,Treatments,10,617
P440499,Silver Powder,Mario Badescu,Skincare,Treatments,3,618
P440500,Super Collagen Mask,Mario Badescu,Skincare,Masks,17,619
P440501,Seaweed Night Cream,Mario Badescu,Skincare,Moisturizers,26,620
P440502,Hyaluronic Eye Cream,Mario Badescu,Skincare,Eye Care,24,621
P440503,Lip Balm,Mario Badescu,Skincare,Lip Balms & Treatments,38,622
P440504,R + R Mask,Summer Fridays,Skincare,Masks,17,623
P440505,Goddess Cleansing Ritual Duo,Charlotte Tilbury,Skincare,Value & Gift Sets,40,624
P440650,Mini Retinol Youth Renewal Serum,Murad,Skincare,Mini Size,53,278
P440651,Mini Acne Control Clarifying Cleanser,Murad,Skincare,Mini Size,39,215
P440658,Baby Bar Travel Duo with Case,Drunk Elephant,Skincare,Value & Gift Sets,18,625
P440922,Capture Youth Intense Rescue Age-Delay Revitalizing Oil-Serum,Dior,Skincare,Treatments,28,626
P440923,Capture Youth Age-Delay Advanced Eye Treatment,Dior,Skincare,Eye Care,39,627
P440925,Drink Up Intensive Overnight Hydrating Mask with Avocado & Swiss Glacier Water,Origins,Skincare,Masks,63,628
P440926,Mini Drink Up Intensive Overnight Hydrating Mask with Avocado & Swiss Glacier Water,Origins,Skincare,Mini Size,63,628
P440929,Mini Original Skin Retexturizing Mask with Rose Clay,Origins,Skincare,Mini Size,40,629
P440933,Mini Clear Improvement Active Charcoal Mask to Clear Pore,Origins,Skincare,Mini Size,23,71
P440934,The Silk Canvas Protective Primer Mini,Tatcha,Skincare,Mini Size,36,630
P440937,Cannabis Sativa Seed Oil Herbal Concentrate (Hemp-Derived),Kiehl's Since 1851,Skincare,Moisturizers,12,631
P440949,Liquid Gold Exfoliating Treatment with Glycolic acid,Alpha-H,Skincare,Treatments,9,632
P440981,Age Adapting CBD Serum,Flora + Bast,Skincare,Treatments,3,633
P441101,The Dewy Skin Cream Plumping & Hydrating Moisturizer,Tatcha,Skincare,Moisturizers,47,634
P441220,Ultra Repair Oat & Hemp Seed Dry Oil,First Aid Beauty,Skincare,Moisturizers,28,635
P441323,Mini Blueberry Bounce Gentle Cleanser,Glow Recipe,Skincare,Mini Size,20,569
P441644,Mini Superfood Antioxidant Cleanser,Youth To The People,Skincare,Mini Size,35,279
P441645,Sunless Tan Firming Lotion,COOLA,Skincare,Self Tanners,27,636
P442001,Hyaluronic Facial Cream,Dr. Brandt Skincare,Skincare,Moisturizers,57,637
P442003,Sugar Mint Rush Freshening Lip Treatment,fresh,Skincare,Lip Balms & Treatments,28,638
P442263,needles no more 3-D LIP PLUMPFIX,Dr. Brandt Skincare,Skincare,Lip Balms & Treatments,72,639
P442267,Sunless Tan Express Sculpting Mousse,COOLA,Skincare,Self Tanners,31,640
P442535,Glow Peel Pads,SEPHORA COLLECTION,Skincare,Treatments,17,641
P442537,Liquid Gold Firming Eye Cream,Alpha-H,Skincare,Eye Care,43,642
P442539,Vitamin B Serum with 5% Niacinamide and Peptides,Alpha-H,Skincare,Treatments,20,643
P442540,Vitamin A Serum with 0.5% Retinol,Alpha-H,Skincare,Treatments,18,644
P442542,Beauty Sleep Power Peel Age-Defying Night Peel,Alpha-H,Skincare,Treatments,8,645
P442545,Triple Action Cleanser,Alpha-H,Skincare,Cleansers,13,646
P442546,Balancing Cleanser,Alpha-H,Skincare,Cleansers,14,647
P442548,Mini Liquid Gold Exfoliating Treatment with Glycolic Acid,Alpha-H,Skincare,Mini Size,9,632
P442563,AHA 30% + BHA 2% Exfoliating Peeling Solution,The Ordinary,Skincare,Treatments,25,648
P442564,Emerald CBD + Adaptogens Deep Moisture Glow Oil,Herbivore,Skincare,Moisturizers,22,649
P442566,Slaai  Makeup-Melting Butter Cleanser,Drunk Elephant,Skincare,Cleansers,23,650
P442589,Instant Masks,SEPHORA COLLECTION,Skincare,Masks,26,651
P442594,Ultra Glow Serum: Glow + Strengthen Vitamin C Serum,SEPHORA COLLECTION,Skincare,Treatments,24,652
P442713,FAB Skin Lab Retinol Eye Cream with Triple Hyaluronic Acid,First Aid Beauty,Skincare,Eye Care,57,653
P442734,Immortelle Reset Overnight Reset Oil-In Serum,L'Occitane,Skincare,Treatments,24,654
P442741,Peptide 21 Wrinkle Resist Serum,Peter Thomas Roth,Skincare,Treatments,56,655
P442742,Peptide 21 Amino Acid Exfoliating Peel Pads,Peter Thomas Roth,Skincare,Treatments,52,656
P442743,Peptide 21 Wrinkle Resist Moisturizer,Peter Thomas Roth,Skincare,Moisturizers,71,657
P442744,Watermelon Glow Ultra-Fine Mist,Glow Recipe,Skincare,Moisturizers,24,658
P442745,Plantscription Retinol Night Moisturizer,Origins,Skincare,Moisturizers,69,659
P442747,Self Tan Purity Water Gel,St. Tropez,Skincare,Self Tanners,28,660
P442748,Hydrating Floral Mask,Tata Harper,Skincare,Masks,49,661
P442752,"""Buffet"" + Copper Peptides 1%",The Ordinary,Skincare,Treatments,49,662
P442753,Argireline Solution 10%,The Ordinary,Skincare,Treatments,11,663
P442754,Ascorbic Acid 8% + Alpha Arbutin 2%,The Ordinary,Skincare,Treatments,3,664
P442755,Resveratrol 3% + Ferulic Acid 3%,The Ordinary,Skincare,Treatments,3,665
P442756,Ascorbyl Glucoside Solution 12%,The Ordinary,Skincare,Treatments,12,666
P442757,"""B"" Oil",The Ordinary,Skincare,Moisturizers,19,667
P442758,Mandelic Acid 10% + HA,The Ordinary,Skincare,Treatments,13,668
P442759,Amino Acids + B5,The Ordinary,Skincare,Treatments,26,669
P442761,C.E.O Glow Vitamin C + Turmeric Face Oil,Sunday Riley,Skincare,Moisturizers,30,670
P442833,EUK 134 0.1%,The Ordinary,Skincare,Treatments,2,671
P442836,Barrier+ Foaming Oil Hydrating Cleanser,Skinfix,Skincare,Cleansers,29,672
P442837,Barrier+ Triple Lipid-Hyaluronate Serum,Skinfix,Skincare,Treatments,38,673
P442838,Barrier+ Triple Lipid-Boost 360° Brightening Eye Cream,Skinfix,Skincare,Eye Care,35,674
P442839,Barrier+ Triple Lipid-Peptide Lotion Moisturizer,Skinfix,Skincare,Moisturizers,39,675
P442840,Barrier+ Triple Lipid-Peptide Face Cream,Skinfix,Skincare,Moisturizers,46,676
P442841,Barrier+ Lip Repair Balm,Skinfix,Skincare,Lip Balms & Treatments,6,677
P442843,Eczema+ Dermatitis Face Balm,Skinfix,Skincare,Moisturizers,9,678
P442850,Redness Recovery+ Antioxidant Redness Treatment Overnight Mask,Skinfix,Skincare,Masks,42,679
P442853,Focuspot Blemish Micro Tip Patch,Dr. Jart+,Skincare,Treatments,8,680
P442854,Focuspot Dark Spot Micro Tip Patch,Dr. Jart+,Skincare,Treatments,8,681
P442857,Focuspot Micro Tip Patches,Dr. Jart+,Skincare,Treatments,8,680
P442858,Rose Deep Hydration Sleeping Mask,fresh,Skincare,Masks,46,682
P442859,ALIVE Prebiotic Balancing Mask,Algenist,Skincare,Masks,43,683
P442860,ALIVE Prebiotic Balancing Moisturizer SPF 15,Algenist,Skincare,Moisturizers,30,684
P442867,Kx Active Concentrates Bio-Mimicking Peptides Serum,Kate Somerville,Skincare,Treatments,37,685
P442871,Beta Hydroxy Acid (BHA) Blemish + Blackhead Serum,The INKEY List,Skincare,Treatments,13,686
P442989,Youth or Dare Multi-Acid & C-Serum,tarte,Skincare,Treatments,17,687
P442990,Clean Screen Mineral SPF 30 Mattifying Face Sunscreen,REN Clean Skincare,Skincare,Sunscreen,44,688
P443349,Skin Squad Pre + ProbioticSupplement for Acne-Prone Skin,HUM Nutrition,Skincare,Wellness,12,689
P443350,Mini Precleanse Cleansing Oil,Dermalogica,Skincare,Mini Size,24,399
P443351,Mini Multi-Active Toner,Dermalogica,Skincare,Mini Size,48,400
P443352,Mini Daily Microfoliant Exfoliator,Dermalogica,Skincare,Mini Size,29,413
P443358,Intensive Moisture Balance Moisturizer,Dermalogica,Skincare,Moisturizers,38,690
P443359,Skin Smoothing Cream Moisturizer,Dermalogica,Skincare,Moisturizers,63,691
P443366,Prisma Protect SPF 30 Moisturizer,Dermalogica,Skincare,Moisturizers,49,692
P443369,Sound Sleep Cocoon Night Gel-Cream,Dermalogica,Skincare,Treatments,29,693
P443370,BioLumin-C Vitamin C Serum,Dermalogica,Skincare,Treatments,33,694
P443375,White Lucent Brightening Gel Cream,Shiseido,Skincare,Moisturizers,58,695
P443376,White Lucent Overnight Cream & Mask,Shiseido,Skincare,Moisturizers,50,696
P443377,White Lucent Day Emulsion Broad Spectrum SPF 23,Shiseido,Skincare,Sunscreen,52,697
P443383,Moisture Surge Eye 96-Hour Hydro-Filler Concentrate,CLINIQUE,Skincare,Eye Care,52,698
P443549,Dr. Andrew Weil for Origins Mega-Mushroom Relief & Resilience Soothing Cream,Origins,Skincare,Moisturizers,48,699
P443550,Dr. Andrew Weil for Origins Mega-Mushroom Relief & Resilience Hydra Burst Gel Lotion,Origins,Skincare,Moisturizers,47,700
P443563,Lip Glowy Balm,LANEIGE,Skincare,Lip Balms & Treatments,36,701
P443700,Mini Special Cleansing Gel,Dermalogica,Skincare,Mini Size,25,395
P443810,The Daily Vitamin C Day Serum with Antioxidant Complex,BeautyBio,Skincare,Treatments,18,702
P443812,R45 The Lift 3-Phase Advanced Neck Contouring Treatment,BeautyBio,Skincare,Treatments,39,703
P443829,"Glow Clear, Color Correcting Self-Tanning Mousse",Isle of Paradise,Skincare,Self Tanners,28,704
P443830,Polyglutamic Acid Hydrating Serum,The INKEY List,Skincare,Treatments,25,705
P443833,Salicylic Acid Acne + Pore Cleanser,The INKEY List,Skincare,Cleansers,26,706
P443834,Rosehip Nourishing Night Oil,The INKEY List,Skincare,Moisturizers,1,707
P443837,Kaolin Mask,The INKEY List,Skincare,Masks,27,708
P443838,Glycolic Acid Exfoliating Toner,The INKEY List,Skincare,Cleansers,14,709
P443840,Caffeine Eye Cream,The INKEY List,Skincare,Eye Care,33,710
P443841,Vitamin C Brightening Cream,The INKEY List,Skincare,Treatments,4,434
P443842,Retinol Anti-Aging Serum,The INKEY List,Skincare,Treatments,31,711
P443843,Q10 Antioxidant Serum,The INKEY List,Skincare,Treatments,26,712
P443845,Hyaluronic Acid Hydrating Serum,The INKEY List,Skincare,Treatments,14,713
P443846,Collagen Booster Firming Peptide Serum,The INKEY List,Skincare,Treatments,15,714
P444057,Aqua Bomb Jelly Cleanser,belif,Skincare,Cleansers,34,715
P444216,After-Dark Natural Peptide Sleeping Cream,Naturally Serious,Skincare,Moisturizers,43,716
P444225,Clean Biotic pH-balanced yogurt cleanser with chlorophyll,Dr. Brandt Skincare,Skincare,Cleansers,27,717
P444226,Honey Grail Ultra-Hydrating Face Oil,Farmacy,Skincare,Moisturizers,5,718
P444237,Mini Cleansing Wipes - Coconut Water,SEPHORA COLLECTION,Skincare,Cleansers,19,719
P444614,Express Ultra Dark Mousse,Isle of Paradise,Skincare,Self Tanners,36,720
P444615,Witch Hazel & Rosewater Toner,Mario Badescu,Skincare,Cleansers,24,721
P444718,Squalane Cleanser,The Ordinary,Skincare,Cleansers,20,722
P444964,The Lip Volumizer,La Mer,Skincare,Lip Balms & Treatments,71,723
P444967,"Mini Facial Spray with Aloe, Herbs and Rosewater",Mario Badescu,Skincare,Mini Size,17,605
P444968,"Mini Facial Spray with Aloe, Cucumber and Green Tea",Mario Badescu,Skincare,Mini Size,22,606
P444969,"Mini Facial Spray with Aloe, Chamomile and Lavender",Mario Badescu,Skincare,Mini Size,19,607
P444970,Replenishing Multi-Acid Peel,Murad,Skincare,Treatments,35,724
P444980,Adaptogen Soothe + Hydrate Activated Mist with Peptides,Youth To The People,Skincare,Moisturizers,23,725
P444987,Capture Youth Age-Delay Progressive Peeling Crème,Dior,Skincare,Treatments,41,452
P444990,Blend It Multi-Purpose Self-Tan Blender,Isle of Paradise,Skincare,Self Tanners,21,726
P445726,Firming Night Cream with Peptides,SEPHORA COLLECTION,Skincare,Moisturizers,28,727
P445822,Intensive Moisture Cleanser,Dermalogica,Skincare,Cleansers,63,728
P445827,Sugar Strawberry Exfoliating Face Wash,fresh,Skincare,Cleansers,22,729
P445832,Acne Clearing Skin Wash Cleanser,Dermalogica,Skincare,Cleansers,56,730
P445833,AGE Bright Clearing Serum,Dermalogica,Skincare,Treatments,32,731
P445951,Midnight Recovery Concentrate Moisturizing Face Oil,Kiehl's Since 1851,Skincare,Mini Size,23,365
P446102,"Mini DayWear Advanced Multi-Protection Anti-Oxidant Creme, Normal/Combination",Estée Lauder,Skincare,Mini Size,78,117
P446111,V Shaping Facial Lift Depuff & Contour Serum with Hyaluronic Acid,Clarins,Skincare,Treatments,29,732
P446419,Noni Bright 12% Vitamin C Serum,KORA Organics,Skincare,Treatments,41,733
P446421,Clear Improvement Pore Clearing Moisturizer with Salicylic Acid,Origins,Skincare,Moisturizers,42,734
P446422,Avocado Nourishing Hydration Mask,Kiehl's Since 1851,Skincare,Masks,28,735
P446423,InvisiScar Post-Acne Resurfacing Treatment,Murad,Skincare,Treatments,19,736
P446518,Soothing Face Cleanser Oil,Bobbi Brown,Skincare,Cleansers,38,737
P446612,Instant Magic Facial Dry Sheet Mask,Charlotte Tilbury,Skincare,Masks,47,738
P446638,Power Cleanse Duo,Dermalogica,Skincare,Value & Gift Sets,48,739
P446641,Argan Bright Skin Vitamin C Serum,Josie Maran,Skincare,Treatments,20,740
P446820,Grapefruit Peeling Mask - Skin Perfection,SEPHORA COLLECTION,Skincare,Masks,26,651
P446822,Hemp Mousse Mask - Anti-Blemish,SEPHORA COLLECTION,Skincare,Masks,40,741
P446908,Advanced Night Repair Treatment Intense Reset Concentrate,Estée Lauder,Skincare,Treatments,56,742
P446909,Zincscreen 100% Mineral Sunscreen Lotion SPF 40 PA+++,Supergoop!,Skincare,Sunscreen,31,743
P446916,Eczema+ Care Kit,Skinfix,Skincare,Value & Gift Sets,40,744
P446930,Cream Skin Toner & Moisturizer,LANEIGE,Skincare,Moisturizers,15,745
P446934,Oil and Pore Control Mattifier Broad Spectrum SPF 45 PA++++,Murad,Skincare,Moisturizers,39,746
P446938,Lala Retro Whipped Refillable Moisturizer with Ceramides,Drunk Elephant,Skincare,Moisturizers,35,747
P446942,Niacinamide Oil Control Serum,The INKEY List,Skincare,Treatments,23,748
P447199,Super Glow Hyaluronic Self-Tan Serum,TAN-LUXE,Skincare,Self Tanners,43,749
P447200,Baba Bomb Moisturizer,tarte,Skincare,Moisturizers,28,750
P447210,Squalane + Marine Algae Firming & Lifting Eye Cream,Biossance,Skincare,Eye Care,21,751
P447212,Hyaluronic Serum,Dr. Barbara Sturm,Skincare,Treatments,8,752
P447213,4.5% Retinol Serum,SOBEL SKIN Rx,Skincare,Treatments,30,753
P447409,Mini Baba Bomb Moisturizer,tarte,Skincare,Mini Size,28,750
P447504,AA (Alguronic Acid) Barrier Serum,Algenist,Skincare,Treatments,50,754
P447592,Alpha Beta Pore Perfecting & Refining Serum,Dr. Dennis Gross Skincare,Skincare,Treatments,56,755
P447596,100% Organic Cold-Pressed Moroccan Argan Oil,The Ordinary,Skincare,Moisturizers,1,39
P447597,100% Organic Virgin Chia Seed Oil,The Ordinary,Skincare,Moisturizers,1,756
P447603,Ultra Repair Wild Oat Hydrating Toner,First Aid Beauty,Skincare,Cleansers,28,757
P447607,Rose Milk Re-Hydrating Mist,Lancôme,Skincare,Moisturizers,33,758
P447608,Rose Sorbet Cryo-Mask,Lancôme,Skincare,Masks,21,759
P447773,PITERA First Experience Kit,SK-II,Skincare,Value & Gift Sets,20,760
P447778,Bakuchiol Retinol Alternative Moisturizer,The INKEY List,Skincare,Treatments,19,761
P447780,The Silk Peony Melting Eye Cream,Tatcha,Skincare,Eye Care,44,762
P447781,Face Cream,Dr. Barbara Sturm,Skincare,Moisturizers,32,763
P447782,Glow Drops,Dr. Barbara Sturm,Skincare,Treatments,36,764
P447783,Cleanser,Dr. Barbara Sturm,Skincare,Cleansers,19,765
P447785,Eye Cream,Dr. Barbara Sturm,Skincare,Eye Care,23,766
P447787,Super Anti-Aging Serum,Dr. Barbara Sturm,Skincare,Treatments,10,767
P447788,Calming Serum,Dr. Barbara Sturm,Skincare,Treatments,23,768
P447789,Sun Drops SPF 50,Dr. Barbara Sturm,Skincare,Sunscreen,27,769
P447790,Anti-Pollution Drops,Dr. Barbara Sturm,Skincare,Treatments,13,770
P447791,Avocado Fine Line Eye Cream with Retinol,Glow Recipe,Skincare,Eye Care,58,771
P448184,Cicapair Tiger Grass Calming Mist,Dr. Jart+,Skincare,Moisturizers,39,772
P448185,Cicapair Tiger Grass Calming Gel Cream,Dr. Jart+,Skincare,Moisturizers,49,773
P448192,Mini Sugar Strawberry Exfoliating Face Wash,fresh,Skincare,Mini Size,22,729
P448200,Benefiance Wrinkle Smoothing Cream,Shiseido,Skincare,Moisturizers,52,774
P448201,Benefiance Wrinkle Smoothing Day Cream SPF 23,Shiseido,Skincare,Moisturizers,49,775
P448202,Benefiance Wrinkle Smoothing Cream Enriched,Shiseido,Skincare,Moisturizers,50,776
P448203,Benefiance Wrinkle Smoothing Eye Cream,Shiseido,Skincare,Eye Care,57,777
P448207,PHAT Glow Facial Mask,OLEHENRIKSEN,Skincare,Masks,42,778
P448530,Salicylic Acid 2% Masque,The Ordinary,Skincare,Masks,19,779
P448537,Alpha Arbutin Brightening Serum,The INKEY List,Skincare,Treatments,22,780
P448542,Clarifying Mask,Dr. Barbara Sturm,Skincare,Masks,36,781
P448544,Darker Skin Tones Face Cream,Dr. Barbara Sturm,Skincare,Moisturizers,47,782
P448545,Darker Skin Tones Foam Cleanser,Dr. Barbara Sturm,Skincare,Cleansers,18,783
P448546,Darker Skin Tones Enzyme Cleanser,Dr. Barbara Sturm,Skincare,Cleansers,9,784
P448547,Darker Skin Tones Face Cream Rich,Dr. Barbara Sturm,Skincare,Moisturizers,38,785
P448548,Darker Skin Tones Hyaluronic Serum,Dr. Barbara Sturm,Skincare,Treatments,12,786
P448549,Brightening Serum,Dr. Barbara Sturm,Skincare,Treatments,30,787
P448550,Brightening Face Cream,Dr. Barbara Sturm,Skincare,Moisturizers,41,788
P448551,Brightening Face Lotion,Dr. Barbara Sturm,Skincare,Moisturizers,39,789
P448553,Face Cream Rich,Dr. Barbara Sturm,Skincare,Moisturizers,35,790
P448554,Enzyme Cleanser,Dr. Barbara Sturm,Skincare,Cleansers,9,784
P448557,Clarifying Serum,Dr. Barbara Sturm,Skincare,Treatments,16,791
P448558,Clarifying Face Cream,Dr. Barbara Sturm,Skincare,Moisturizers,49,792
P448562,Barrier+ Foaming Clay Cleanser,Skinfix,Skincare,Cleansers,25,793
P448563,Clinique Smart Clinical MD Multi-Dimensional Age Transformer Revolumize,CLINIQUE,Skincare,Moisturizers,68,794
P448564,Clinique Smart Clinical MD Multi-Dimensional Age Transformer Resculpt,CLINIQUE,Skincare,Moisturizers,63,795
P448565,Clinique Smart Clinical MD Multi-Dimensional Age Transformer Duo Resculpt + Revolumize,CLINIQUE,Skincare,Moisturizers,102,796
P448710,pores no more Pore Purifying Cleanser,Dr. Brandt Skincare,Skincare,Cleansers,23,797
P448711,Face Mask,Dr. Barbara Sturm,Skincare,Masks,16,798
P448713,Clarifying Spot Treatment,Dr. Barbara Sturm,Skincare,Treatments,32,799
P448715,Balancing Toner,Dr. Barbara Sturm,Skincare,Cleansers,15,800
P448719,PRO Strength Lactic Pore Treatment,Peter Thomas Roth,Skincare,Treatments,27,801
P448802,Brighten-i Eye Cream,The INKEY List,Skincare,Eye Care,30,802
P448852,SOS Daily Rescue Facial Spray,Tower 28 Beauty,Skincare,Moisturizers,3,803
P448853,Mini SOS Daily Rescue Facial Spray,Tower 28 Beauty,Skincare,Moisturizers,3,803
P448934,Bye Bye Pores Leave-On Solution Pore-Refining Toner,IT Cosmetics,Skincare,Cleansers,29,804
P448937,ICE Ceramide Moisturizer with Vitamin F,Sunday Riley,Skincare,Moisturizers,52,805
P449102,Crystal Ball Roller Gloss,INC.redible,Skincare,Wellness,9,806
P449150,Hydrating Oil,Anastasia Beverly Hills,Skincare,Moisturizers,26,807
P449158,Mini Lotus Anti-Aging Night Moisturizer,fresh,Skincare,Mini Size,39,808
P449175,Aqua Bomb Hydrating Toner,belif,Skincare,Cleansers,45,809
P449177,AGE Smart Phyto-Nature Firming Serum,Dermalogica,Skincare,Treatments,65,810
P449180,CC Me Vitamin C + Niacinamide Serum,Summer Fridays,Skincare,Treatments,40,811
P449188,Green Defense Daily Mineral Sunscreen SPF 30,Farmacy,Skincare,Sunscreen,39,812
P449410,Boosted Contouring Retinol Eye Balm,Tata Harper,Skincare,Eye Care,56,813
P449411,Mini Micellar Magic Makeup Remover & Cleanser,tarte,Skincare,Mini Size,14,814
P449541,Pure Vitality Skin Renewing Cream,Kiehl's Since 1851,Skincare,Moisturizers,37,815
P449599,Mini Anti-Aging Cleansing Gel,Peter Thomas Roth,Skincare,Mini Size,26,174
P449601,Face Cream Light,Dr. Barbara Sturm,Skincare,Moisturizers,29,816
P449835,Mini Maracuja Oil,tarte,Skincare,Mini Size,9,96
P449836,Mini SEA Deep Dive Cleansing Gel,tarte,Skincare,Mini Size,30,235
P450210,Vitamin Nectar Glow Juice Antioxidant Face Serum,fresh,Skincare,Treatments,37,817
P450211,Mini Vitamin Nectar Glow Juice Antioxidant Face Serum,fresh,Skincare,Mini Size,37,817
P450244,Ceramide Hydrating Night Treatment,The INKEY List,Skincare,Treatments,38,818
P450262,Polyhydroxy Acid (PHA) Gentle Exfoliating Toner,The INKEY List,Skincare,Cleansers,16,819
P450271,Green Clean Makeup Meltaway Cleansing Balm Limited Edition Jumbo,Farmacy,Skincare,Cleansers,13,820
P450290,The Regenerating Serum,La Mer,Skincare,Treatments,90,821
P450583,Prism AHA + BHA Exfoliating Glow Serum,Herbivore,Skincare,Treatments,18,822
P450587,Illumi-nation Anti-Fatigue Power Serum,Naturally Serious,Skincare,Treatments,23,823
P450614,Tranexamic Acid Hyperpigmentation Treatment,The INKEY List,Skincare,Treatments,23,824
P450632,Gentle Cleansing Foam Hydrating Makeup Remover,Sulwhasoo,Skincare,Cleansers,32,825
P450633,Gentle Cleansing Oil Makeup Remover,Sulwhasoo,Skincare,Cleansers,27,826
P450917,Mini FIRMx Exfoliating Peel Gel,Peter Thomas Roth,Skincare,Mini Size,25,102
P450934,Abeille Royale Day Cream,GUERLAIN,Skincare,Moisturizers,44,827
P450935,Abeille Royale Night Cream,GUERLAIN,Skincare,Moisturizers,54,828
P450947,Mini A-Passioni Retinol Cream,Drunk Elephant,Skincare,Mini Size,63,595
P451727,Mini Magic Night 15ml Travel Size,Charlotte Tilbury,Skincare,Moisturizers,49,829
P451728,Mini Goddess Clay Mask 15ml Travel Size,Charlotte Tilbury,Skincare,Masks,28,539
P451737,Advanced Génifique Face & Eye Serum Set,Lancôme,Skincare,Value & Gift Sets,41,830
P451745,30% Glycolic Acid Peel Concentrate,SOBEL SKIN Rx,Skincare,Treatments,14,831
P451748,15% Niacinamide Gel Serum,SOBEL SKIN Rx,Skincare,Treatments,11,832
P451750,Oligo Peptide Eye Cream,SOBEL SKIN Rx,Skincare,Eye Care,38,833
P452002,Classic Face Sunscreen SPF 50 White Tea,COOLA,Skincare,Sunscreen,26,834
P452004,Rose Hibiscus Hydrating Mist,Herbivore,Skincare,Moisturizers,12,835
P453224,Squalane + 10% Lactic Acid Resurfacing Serum,Biossance,Skincare,Treatments,19,836
P453225,The Kissu Lip Mask,Tatcha,Skincare,Lip Balms & Treatments,32,837
P453227,Truth Juice Daily Cleanser,OLEHENRIKSEN,Skincare,Cleansers,36,838
P453253,Vegan Milk Moisturizer,MILK MAKEUP,Skincare,Moisturizers,53,839
P453713,Collagen POP + Vitamin C Dissolvable Tablets,HUM Nutrition,Skincare,Wellness,11,840
P453816,Mini Take The Day Off Cleansing Balm Makeup Remover,CLINIQUE,Skincare,Mini Size,9,18
P453818,GENIUS Collagen Calming Relief,Algenist,Skincare,Moisturizers,45,841
P453822,Dark Spots No More Triple Acid Spot Minimizing Concentrate,Dr. Brandt Skincare,Skincare,Treatments,23,842
P453823,Vital-E Antioxidant Recovery Eye Cream,Peter Thomas Roth,Skincare,Eye Care,45,843
P453824,Vital-E Antioxidant Recovery Cream,Peter Thomas Roth,Skincare,Moisturizers,37,844
P453825,Hydra Zen Glow Liquid Lightweight Moisturizer with Hyaluronic Acid,Lancôme,Skincare,Moisturizers,46,845
P453826,Rénergie Lift Multi-Action Ultra Dark Spot Correcting Cream SPF 30,Lancôme,Skincare,Moisturizers,52,846
P453928,Retinol Youth Renewal Eye Serum,Murad,Skincare,Eye Care,40,847
P453929,Retinol Youth Renewal Night Cream,Murad,Skincare,Moisturizers,57,848
P453930,Biolumin-C Vitamin C Eye Serum,Dermalogica,Skincare,Eye Care,55,849
P454018,The Serum Stick: Treatment & Touch Up Balm,Tatcha,Skincare,Treatments,14,850
P454019,Teatreement Moisturizer,Dr. Jart+,Skincare,Moisturizers,51,851
P454029,Rènergie Lift Multi-Action Ultra Double-Wrapping Cream Face Mask,Lancôme,Skincare,Masks,56,852
P454084,Argan Beta Retinol Pink Algae Serum,Josie Maran,Skincare,Treatments,34,853
P454085,Teatreement Toner,Dr. Jart+,Skincare,Cleansers,28,854
P454086,Teatreement Cleansing Foam,Dr. Jart+,Skincare,Cleansers,36,855
P454090,Cosmic Cream Collagen Protecting Moisturizer,Moon Juice,Skincare,Moisturizers,39,856
P454095,Perfect Canvas Clean Jelly Oil Cleanser,REN Clean Skincare,Skincare,Cleansers,2,857
P454100,Prism AHA + BHA Exfoliating Glow Facial,Herbivore,Skincare,Treatments,36,858
P454102,PRO Strength Niacinamide Discoloration Treatment,Peter Thomas Roth,Skincare,Treatments,46,859
P454120,F-Balm Electrolyte Waterfacial Mask,Drunk Elephant,Skincare,Masks,57,860
P454313,Cica Sleeping Mask,LANEIGE,Skincare,Masks,28,861
P454315,Milk Cleanse Gentle Foaming Cleanser,Moon Juice,Skincare,Cleansers,28,862
P454375,Clarifying Acne Spot Treatment,Dr. Barbara Sturm,Skincare,Treatments,14,863
P454376,knockout daily exfoliating cleanser,tarte,Skincare,Cleansers,28,864
P454377,Mini knockout daily exfoliating cleanser,tarte,Skincare,Mini Size,28,864
P454378,Lotus Anti- Aging Daily Moisturizer,fresh,Skincare,Moisturizers,38,865
P454380,Unseen Sunscreen SPF 40 PA+++,Supergoop!,Skincare,Sunscreen,26,866
P454383,PLAY Everyday Sunscreen Lotion SPF 50 PA++++,Supergoop!,Skincare,Sunscreen,45,867
P454384,Mini PLAY Everyday Lotion SPF 50 with Sunflower Extract,Supergoop!,Skincare,Mini Size,45,867
P454385,Mini PLAY Everyday Sunscreen Lotion SPF 30 PA++++,Supergoop!,Skincare,Sunscreen,45,868
P454387,Glow Oil Body Sunscreen SPF 50 PA++++,Supergoop!,Skincare,Sunscreen,29,869
P454388,Mini Glow Oil SPF 50 PA++++,Supergoop!,Skincare,Mini Size,29,869
P454389,PLAY Antioxidant Body Sunscreen Mist SPF 50 PA++++,Supergoop!,Skincare,Sunscreen,28,870
P454395,Mini Lotus Youth Preserve Moisturizer,fresh,Skincare,Mini Size,38,865
P454396,Lotus Youth Preserve Eye Cream,fresh,Skincare,Eye Care,41,871
P454794,Mini The Water Cream,Tatcha,Skincare,Mini Size,29,340
P454795,Mini The Dewy Skin Cream,Tatcha,Skincare,Mini Size,47,634
P454799,Mini SuperYou Daily Stress Management,Moon Juice,Skincare,Mini Size,11,508
P454800,Mini Glow2OH Dark Spot Toner,OLEHENRIKSEN,Skincare,Mini Size,22,591
P454806,Capture Totale Firming & Wrinkle-Correcting Cream,Dior,Skincare,Moisturizers,47,872
P454807,Capture Totale Firming & Wrinkle-Correcting Eye Cream,Dior,Skincare,Eye Care,59,873
P454822,Mini SEA Mermaid Skin Hyaluronic H2O Serum,tarte,Skincare,Mini Size,9,494
P454837,Confidence in Your Beauty Sleep Night Cream,IT Cosmetics,Skincare,Moisturizers,41,874
P454838,Powerful-Strength Dark Circle Reducing Vitamin C Eye Serum,Kiehl's Since 1851,Skincare,Eye Care,26,875
P454935,Mini Glow Drops,Dr. Barbara Sturm,Skincare,Mini Size,36,764
P454936,Mini Hyaluronic Serum,Dr. Barbara Sturm,Skincare,Mini Size,8,752
P454937,Mini Super Anti-Aging Serum,Dr. Barbara Sturm,Skincare,Mini Size,10,767
P454939,Perfectionist Pro Rapid Brightening Serum with Ferment² + Vitamin C,Estée Lauder,Skincare,Treatments,59,876
P455010,Knock Me Out Sleep Chews,goop,Skincare,Wellness,11,877
P455215,Illuminating Hydrator - Radiance + Smoothing,SEPHORA COLLECTION,Skincare,Moisturizers,21,878
P455217,Gradual Self-Tanning Face Gel,SEPHORA COLLECTION,Skincare,Sunscreen,23,879
P455227,Glow One Step Further Radiance Kit,REN Clean Skincare,Skincare,Value & Gift Sets,57,880
P455229,White Lucent Illuminating Micro-Spot Serum,Shiseido,Skincare,Treatments,53,881
P455235,Superstars Anti-Aging Serum and Eye Kit,Sunday Riley,Skincare,Value & Gift Sets,127,882
P455236,Glow Lip Pop Lip Balm,Glow Recipe,Skincare,Lip Balms & Treatments,42,883
P455237,Melt Moisturizer with Bakuchiol and Squalane,alpyn beauty,Skincare,Moisturizers,45,884
P455241,Noni Night AHA Pore & Resurfacing Serum,KORA Organics,Skincare,Treatments,41,885
P455242,Super Amino Gel Cleanser,Summer Fridays,Skincare,Cleansers,31,886
P455332,Hydrating Water Fresh Cream Moisturizer,Bobbi Brown,Skincare,Moisturizers,40,887
P455338,100% L-Ascorbic Acid Powder,The Ordinary,Skincare,Treatments,1,888
P455339,Lactic Acid 5% + HA,The Ordinary,Skincare,Treatments,15,438
P455341,Classic Body Organic Sunscreen Spray SPF 70 Peach Blossom,COOLA,Skincare,Sunscreen,25,889
P455364,Oat Cleansing Balm,The INKEY List,Skincare,Cleansers,19,890
P455365,"Vitamin B, C, and E Moisturizer",The INKEY List,Skincare,Moisturizers,23,891
P455366,Retinol Eye Cream,The INKEY List,Skincare,Eye Care,29,892
P455368,15% Vitamin C and EGF Brightening Serum,The INKEY List,Skincare,Treatments,13,893
P455369,Peptide Moisturizer,The INKEY List,Skincare,Moisturizers,23,894
P455421,Complete Cleansing Microfoam,Shiseido,Skincare,Cleansers,25,895
P455610,Confidence in a Neck Cream,IT Cosmetics,Skincare,Moisturizers,102,896
P455611,Clearly Corrective Dark Spot Solution Duo,Kiehl's Since 1851,Skincare,Value & Gift Sets,24,375
P455612,Vitamin C & Bearberry Instant Glow Serum,alpyn beauty,Skincare,Treatments,42,897
P455613,Line-Filling Eye Cream with Bakuchiol and Caffeine,alpyn beauty,Skincare,Eye Care,40,898
P455614,Creamy Bubbling Cleanser with Vitamin C & AHAs,alpyn beauty,Skincare,Cleansers,31,899
P455618,Full Spectrum 360° Refreshing Water Mist Organic Face Sunscreen SPF 18,COOLA,Skincare,Sunscreen,33,900
P455622,Even Better Clinical Radical Dark Spot Corrector + Interrupter Serum,CLINIQUE,Skincare,Treatments,49,901
P455623,The ZenBubble Gel Cream,BeautyBio,Skincare,Moisturizers,25,902
P455676,Yo Glow AHA & BHA Facial Enzyme Scrub,Wishful,Skincare,Cleansers,49,903
P455894,Ultra Repair Oil-Control Moisturizer,First Aid Beauty,Skincare,Moisturizers,32,904
P455897,Ethylated Ascorbic Acid 15% Solution,The Ordinary,Skincare,Treatments,2,905
P455898,Pycnogenol 5%,The Ordinary,Skincare,Treatments,2,906
P455899,Marine Hyaluronics,The Ordinary,Skincare,Treatments,33,907
P455900,100% Plant-Derived Hemi-Squalane,The Ordinary,Skincare,Treatments,1,908
P455909,Facial Spray with Aloe Sage & Orange Blossom,Mario Badescu,Skincare,Moisturizers,22,909
P455915,Mini MultiVitamin Power Recovery Mask,Dermalogica,Skincare,Mini Size,38,910
P455919,MenoReverse Volumizing Serum-in-Moisturizer,KORRES,Skincare,Moisturizers,47,911
P455924,The Eye Concentrate Cream,La Mer,Skincare,Eye Care,88,912
P455926,Retinol Reform Treatment Serum,Shani Darden Skin Care,Skincare,Treatments,45,913
P455927,Mini Retinol Reform,Shani Darden Skin Care,Skincare,Mini Size,45,913
P455929,Cleansing Serum,Shani Darden Skin Care,Skincare,Cleansers,23,914
P455930,Weightless Oil-Free Moisturizer,Shani Darden Skin Care,Skincare,Moisturizers,19,915
P455931,Sake Toning Essence,Shani Darden Skin Care,Skincare,Moisturizers,16,916
P455934,Yerba Mate Resurfacing + Exfoliating Energy Facial with Enzymes + Niacinamide,Youth To The People,Skincare,Cleansers,33,917
P455936,Lip Butter Balm,Summer Fridays,Skincare,Lip Balms & Treatments,17,918
P456126,Vegan Milk Cleanser,MILK MAKEUP,Skincare,Cleansers,53,919
P456192,Night Magic Restorative Face Oil with Firming Botanicals,Prima,Skincare,Moisturizers,18,920
P456193,The Afterglow Deep Moisturizing Cream with Hyaluronic Acid & Vegan Collagen,Prima,Skincare,Moisturizers,57,921
P456194,Extra-Firming + Smoothing Neck & Décolleté Moisturizer,Clarins,Skincare,Moisturizers,50,922
P456203,Self Tan Express Starter Kit,St. Tropez,Skincare,Value & Gift Sets,30,923
P456204,Purity Tanning Waters Mini Kit,St. Tropez,Skincare,Value & Gift Sets,23,924
P456206,Self Tan Purity Vitamins Bronzing Water Body Mist,St. Tropez,Skincare,Self Tanners,26,925
P456207,Greek Yoghurt Nourishing Probiotic Gel-Cream,KORRES,Skincare,Moisturizers,64,926
P456208,GOOPGLOW 15% Glycolic Acid Overnight Glow Peel,goop,Skincare,Treatments,28,927
P456210,GOOPGLOW 20% Vitamin C and Hyaluronic Glow Serum,goop,Skincare,Treatments,23,928
P456211,GOOPGLOW Morning Skin Superpowder,goop,Skincare,Wellness,11,929
P456213,GOOPGLOW Microderm Instant Glow Exfoliator,goop,Skincare,Cleansers,41,930
P456218,Glowscreen Sunscreen SPF 40 PA+++ with Hyaluronic Acid + Niacinamide,Supergoop!,Skincare,Sunscreen,41,931
P456392,Daily UV Defense Invisible Broad Spectrum SPF 36 Sunscreen,innisfree,Skincare,Sunscreen,38,932
P456395,Volcanic Clusters Pore Clearing Toner,innisfree,Skincare,Cleansers,21,933
P456398,Ultimate Sun Protector Lotion SPF 50+ Sunscreen,Shiseido,Skincare,Sunscreen,41,934
P456399,Ultimate Sun Protector Cream SPF 50+ Face Sunscreen,Shiseido,Skincare,Sunscreen,39,935
P456401,Self Tan Express Bronzing Gel,St. Tropez,Skincare,Self Tanners,32,936
P456407,PLAY Body Sunscreen Mousse SPF 50,Supergoop!,Skincare,Sunscreen,48,937
P456410,Squalane + Zinc Sheer Mineral Sunscreen SPF 30 PA +++,Biossance,Skincare,Sunscreen,23,938
P456412,Greek Yoghurt Foaming Cream Cleanser,KORRES,Skincare,Cleansers,40,939
P456413,Mini Greek Yoghurt Foaming Cream Cleanser,KORRES,Skincare,Mini Size,40,939
P456414,Greek Yoghurt Probiotic Superdose Face Mask,KORRES,Skincare,Masks,63,940
P456417,Wild Rose Brightening Absolute Oil,KORRES,Skincare,Moisturizers,22,941
P456418,Wild Rose Night-Brightening Sleeping Facial,KORRES,Skincare,Moisturizers,42,942
P456421,Black Pine 3D Eye-Lift Super Serum,KORRES,Skincare,Eye Care,36,943
P456434,knockout brightening gel moisturizer,tarte,Skincare,Moisturizers,35,944
P456566,Banana Bright 15% Vitamin C Serum,OLEHENRIKSEN,Skincare,Treatments,45,945
P456569,Active Clay Prebiotic Cleanser,Dermalogica,Skincare,Cleansers,38,946
P456571,Vitamin C Glycolic Brightening Serum,Murad,Skincare,Treatments,53,947
P456572,Vitamin C Dark Circle Correcting Eye Serum,Murad,Skincare,Eye Care,47,948
P456582,Invisible Physical Defense Mineral Sunscreen SPF30,Dermalogica,Skincare,Sunscreen,37,949
P456957,Clarifying Serum,SEPHORA COLLECTION,Skincare,Treatments,23,950
P456988,Own Your Glow Kit,Isle of Paradise,Skincare,Value & Gift Sets,37,951
P456989,Super Glow Body Hyaluronic Self-Tan Serum,TAN-LUXE,Skincare,Self Tanners,47,952
P456990,Mini GENIUS Liquid Collagen,Algenist,Skincare,Mini Size,38,360
P456991,Superdefense City Block Broad Spectrum SPF 50 Daily Energy + Face Protector Primer,CLINIQUE,Skincare,Sunscreen,34,953
P456992,Superdefense SPF 25 Fatigue + 1st Signs of Age Multi-Correcting Cream,CLINIQUE,Skincare,Moisturizers,73,954
P456994,Eye Duty Niacinamide Brightening Eye Cream,First Aid Beauty,Skincare,Eye Care,48,955
P456997,Night Serum,Dr. Barbara Sturm,Skincare,Treatments,19,956
P457002,SuperBeauty Daily Antioxidant SkinSupplement,Moon Juice,Skincare,Wellness,5,957
P457005,Rose & Squalane Deep Hydration Oil-Infused Serum,fresh,Skincare,Treatments,29,958
P457008,Cryo Rubber Masks,Dr. Jart+,Skincare,Masks,64,959
P457009,Cryo Rubber Mask with Moisturizing Hyaluronic Acid,Dr. Jart+,Skincare,Masks,64,959
P457010,Cryo Rubber Mask with Soothing Allantoin,Dr. Jart+,Skincare,Masks,63,960
P457011,Cryo Rubber Mask with Firming Collagen,Dr. Jart+,Skincare,Masks,59,961
P457012,Cryo Rubber Mask with Brightening Vitamin C,Dr. Jart+,Skincare,Masks,64,962
P457272,Abeille Royale Anti-Aging Eye Cream,GUERLAIN,Skincare,Eye Care,49,963
P457273,Immortelle Overnight Reset Eye Serum,L'Occitane,Skincare,Eye Care,39,964
P457274,Hand Cream Trio,L'Occitane,Skincare,Value & Gift Sets,60,965
P457279,Moisturizer Mini knockout brightening gel,tarte,Skincare,Mini Size,35,944
P457439,Clarifying Lotion,SEPHORA COLLECTION,Skincare,Treatments,13,966
P457441,The Clarifying Kit,SEPHORA COLLECTION,Skincare,Value & Gift Sets,43,967
P457442,Face Serum,SEPHORA COLLECTION,Skincare,Treatments,27,968
P457468,Brazilliance 2HR Express Deep Foaming Self-Tanner,tarte,Skincare,Self Tanners,37,969
P457510,Private Party: Supports Vaginal & Urinary Tract Health,HUM Nutrition,Skincare,Wellness,6,970
P457512,Overnight Glow Dark Spot Sleeping Cream,REN Clean Skincare,Skincare,Moisturizers,65,971
P457517,Rose Petal-Soft Deep Hydration Lip Balm,fresh,Skincare,Lip Balms & Treatments,30,972
P457519,Water Drench Hyaluronic Cloud Hydrating Eye Gel,Peter Thomas Roth,Skincare,Eye Care,64,973
P457520,FIRMx Collagen Moisturizer,Peter Thomas Roth,Skincare,Moisturizers,37,974
P457521,Every Sun Day Mineral Sunscreen SPF 50+,Dr. Jart+,Skincare,Sunscreen,24,975
P457522,Every Sun Day Sun Fluid SPF 50+,Dr. Jart+,Skincare,Sunscreen,23,976
P457694,Blue Algae Vitamin C Dark Spot Correcting Peel,Algenist,Skincare,Treatments,45,977
P457695,DeliKate Recovery Cream,Kate Somerville,Skincare,Moisturizers,61,978
P457696,DeliKate Soothing Cleanser,Kate Somerville,Skincare,Cleansers,41,979
P457697,DeliKate Recovery Serum,Kate Somerville,Skincare,Treatments,35,980
P457854,Vital Perfection Uplifting and Firming Cream Day Cream,Shiseido,Skincare,Moisturizers,55,981
P457864,Vital Skin-Strengthening Hyaluronic Acid Super Serum,Kiehl's Since 1851,Skincare,Treatments,39,982
P458209,Daily Greens Oil-Free Gel Moisturizer with Moringa and Papaya,Farmacy,Skincare,Moisturizers,47,983
P458216,Mini Yo Glow AHA & BHA Facial Enzyme Scrub,Wishful,Skincare,Mini Size,49,903
P458219,Watermelon Glow PHA + BHA Pore-Tight Toner,Glow Recipe,Skincare,Cleansers,22,984
P458546,Set The Stage Hydrating Primer Serum,LAWLESS,Skincare,Treatments,28,985
P458573,Lip Balm Trio,Jack Black,Skincare,Value & Gift Sets,16,986
P458576,Water Drench Hyaluronic Hydrating Moisturizer SPF 45,Peter Thomas Roth,Skincare,Moisturizers,55,987
P458755,Charlotte’s Magic Serum with Vitamin C,Charlotte Tilbury,Skincare,Treatments,66,988
P458900,Pineapple Enzyme Pore Clearing Cleanser,Josie Maran,Skincare,Cleansers,28,989
P458917,Water-Lock Moisturizer with Skin-Smoothing Peptides,Tata Harper,Skincare,Moisturizers,42,990
P458958,Hydrating Boob and Bum Sheet Mask Duo,INC.redible,Skincare,Masks,29,991
P458961,G.Tox Malachite and Fruit Acid Pore Purifying Cleanser,goop,Skincare,Cleansers,30,992
P458962,G.Tox Malachite and AHA Pore Refining Tonic,goop,Skincare,Cleansers,32,993
P458963,G.Tox Detoxifying Superpowder,goop,Skincare,Wellness,9,994
P459116,Mini Cream Skin Toner & Moisturizer,LANEIGE,Skincare,Mini Size,15,995
P459127,Platinum Lip Plump SPF 30,Dr. Lara Devgan Scientific Beauty,Skincare,Lip Balms & Treatments,34,996
P459128,Vitamin C+B+E Ferulic Serum,Dr. Lara Devgan Scientific Beauty,Skincare,Treatments,16,997
P459129,Peptide Eye Cream,Dr. Lara Devgan Scientific Beauty,Skincare,Eye Care,28,998
P459130,Hyaluronic Serum,Dr. Lara Devgan Scientific Beauty,Skincare,Treatments,15,999
P459131,3 Mega Wonders,OLEHENRIKSEN,Skincare,Value & Gift Sets,78,1000
P459133,Mini Truth Juice Daily Cleanser,OLEHENRIKSEN,Skincare,Mini Size,36,838
P459140,Self-Tanning Water Refill,Isle of Paradise,Skincare,Self Tanners,32,1001
P459141,Deep Sweep 2% BHA Pore Cleaning Toner with Moringa + Papaya,Farmacy,Skincare,Cleansers,22,1002
P459299,Mini GOOPGLOW Microderm Instant Glow Exfoliator,goop,Skincare,Mini Size,41,930
P459300,Mini GOOPGLOW Morning Skin Superpowder,goop,Skincare,Mini Size,11,929
P459301,Mini GOOPGLOW 15% Glycolic Acid Overnight Glow Peel,goop,Skincare,Mini Size,28,927
P459835,Mini Charlotte’s Magic Serum with Vitamin C,Charlotte Tilbury,Skincare,Mini Size,66,988
P460511,Mini Liquid ExfoliKate Triple Acid Resurfacing Treatment,Kate Somerville,Skincare,Mini Size,30,596
P460512,Mini Liquid Silk Canvas: Featherweight Protective Primer,Tatcha,Skincare,Mini Size,41,1003
P460513,Cream Skin Mist,LANEIGE,Skincare,Moisturizers,15,1004
P460514,Cream Skin Milk Oil Cleanser,LANEIGE,Skincare,Cleansers,29,1005
P460515,E-Rase Milki Micellar Water,Drunk Elephant,Skincare,Cleansers,27,1006
P460516,Papaya Sorbet Smoothing Enzyme Cleansing Balm & Makeup Remover,Glow Recipe,Skincare,Cleansers,21,1007
P460554,Clarifying Peel Pads,SEPHORA COLLECTION,Skincare,Treatments,17,1008
P460578,GOOPGENES All-In-One Nourishing Face Cream,goop,Skincare,Moisturizers,40,1009
P460622,25 Years of Dr. Brandt Kit,Dr. Brandt Skincare,Skincare,Value & Gift Sets,121,1010
P460624,Discover Healthy Skin Kit,Dermalogica,Skincare,Value & Gift Sets,126,1011
P460627,Saturn Sulfur + Niacinamide Spot Treatment Mask,Sunday Riley,Skincare,Masks,34,1012
P460701,Clean Face Mask,SEPHORA COLLECTION,Skincare,Masks,16,1013
P460704,The Hydrating Kit,SEPHORA COLLECTION,Skincare,Value & Gift Sets,57,1014
P460723,Clean Cleansing & Gentle Exfoliating Wipes,SEPHORA COLLECTION,Skincare,Cleansers,12,1015
P460747,Pink Cloud Rosewater + Squalane Makeup Removing Face Wash,Herbivore,Skincare,Cleansers,20,1016
P460756,Hyaluronic Dew Cream,Mario Badescu,Skincare,Moisturizers,30,1017
P460757,Brightening Mask with Vitamin C,Mario Badescu,Skincare,Masks,21,1018
P460758,Cool Biotic Prebiotic Redness Relief Cream,Dr. Brandt Skincare,Skincare,Moisturizers,35,1019
P460779,Skinlongevity Long Life Herb Anti-Aging Face Serum,bareMinerals,Skincare,Treatments,43,1020
P460855,Clean Lip Balm & Scrub,SEPHORA COLLECTION,Skincare,Lip Balms & Treatments,21,1021
P460856,Clean Eye Mask,SEPHORA COLLECTION,Skincare,Masks,21,1022
P461159,Estee Lauder Advanced Night Repair Synchronized Multi-Recovery Complex Serum,Estée Lauder,Skincare,Treatments,43,1023
P461160,Mini Advanced Night Repair Synchronized Multi-Recovery Complex,Estée Lauder,Skincare,Mini Size,43,1023
P461161,FAB Pharma BHA Acne Spot Treatment Gel 2% Salicylic Acid,First Aid Beauty,Skincare,Treatments,25,1024
P461162,FAB Pharma White Clay Acne Treatment Pads 2% Salicylic Acid,First Aid Beauty,Skincare,Treatments,27,1025
P461165,GOOPGENES All-In-One Nourishing Eye Cream,goop,Skincare,Eye Care,46,1026
P461177,Mini Turmeric BHA Pore & Brightening Treatment Mask,KORA Organics,Skincare,Mini Size,37,546
P461195,Clean Hemp Mask,SEPHORA COLLECTION,Skincare,Masks,30,1027
P461199,Clean Peeling Mask,SEPHORA COLLECTION,Skincare,Masks,29,1028
P461200,Clean Watermelon After Sun Mask,SEPHORA COLLECTION,Skincare,Masks,33,1029
P461213,Honey Balm Niacinamide Moisturizer,Wishful,Skincare,Moisturizers,36,1030
P461439,Hyaluronic Marine Makeup Removing Meltaway Cleanser,Dr. Dennis Gross Skincare,Skincare,Cleansers,27,1031
P461451,Abeille Royale Anti-Aging Fortifying Lotion Toner,GUERLAIN,Skincare,Cleansers,19,1032
P461491,Bright Repair Eye Cream – 10% Vitamin C,Saint Jane Beauty,Skincare,Eye Care,25,1033
P461520,Clean Foot Mask,SEPHORA COLLECTION,Skincare,Masks,26,1034
P461521,Clean Hand Mask,SEPHORA COLLECTION,Skincare,Masks,19,1035
P461522,Clean Charcoal Nose Strip,SEPHORA COLLECTION,Skincare,Masks,17,1036
P461535,All About Acne Breakout + Blackhead Set,Sunday Riley,Skincare,Value & Gift Sets,148,1037
P461537,The Rice Wash Skin-Softening Cleanser,Tatcha,Skincare,Cleansers,23,1038
P461555,Mini Superberry Hydrate + Glow Dream Mask,Youth To The People,Skincare,Mini Size,32,602
P461667,Mini GO OFF Makeup Dissolving Mist,ONE/SIZE by Patrick Starrr,Skincare,Mini Size,10,1039
P461933,Advanced Night Repair Synchronized Multi-Recovery Complex Duo,Estée Lauder,Skincare,Treatments,43,1023
P461935,BEAR Facial Toning Device,FOREO,Skincare,High Tech Tools,45,1040
P461936,BEAR mini Facial Toning Device,FOREO,Skincare,High Tech Tools,45,1040
P461937,Serum Serum Serum,FOREO,Skincare,Treatments,45,1040
P461947,Calendula Petal-Infused Calming Mask with Aloe Vera,Kiehl's Since 1851,Skincare,Masks,37,1041
P461948,Super Multi-Corrective Anti-Aging Face and Neck Cream,Kiehl's Since 1851,Skincare,Moisturizers,42,1042
P461949,The Concentrate Serum,La Mer,Skincare,Treatments,49,1043
P461950,Mini The Concentrate Serum,La Mer,Skincare,Mini Size,49,1043
P462336,Aqua Bomb Cleansing Balm,belif,Skincare,Cleansers,41,1044
P462339,Vitamin Enriched Eye Base,Bobbi Brown,Skincare,Eye Care,52,1045
P462344,Hydro Masque Exfoliant,Dermalogica,Skincare,Cleansers,65,1046
P462347,E-Rase Milki Micellar Water Mini,Drunk Elephant,Skincare,Mini Size,27,1006
P462375,Hyaluronic Dew Drops Hydrating Serum,Mario Badescu,Skincare,Treatments,21,1047
P462378,Anti-Aging Regimen Kit,Mario Badescu,Skincare,Value & Gift Sets,72,1048
P462379,Witch Hazel & Lavender Toner,Mario Badescu,Skincare,Cleansers,20,1049
P462381,Glycolic Eye Cream,Mario Badescu,Skincare,Eye Care,16,1050
P462383,Flower & Tonic Clay Mask,Mario Badescu,Skincare,Masks,33,1051
P462384,Spritz. Mist. Glow. Facial Spray Trio,Mario Badescu,Skincare,Value & Gift Sets,42,1052
P462386,Drying Cream,Mario Badescu,Skincare,Treatments,50,1053
P462390,PRO Strength 10% PHA Exfoliating Clarifying Liquid,Peter Thomas Roth,Skincare,Treatments,23,1054
P462666,Total Eye Lift Firming & Smoothing Anti-Aging Eye Cream,Clarins,Skincare,Eye Care,40,1055
P462699,Plum Plump Hyaluronic Acid Serum,Glow Recipe,Skincare,Treatments,35,1056
P462747,Mini Clarifying Blemish & Oil Control Cleanser,Tata Harper,Skincare,Mini Size,44,487
P462748,Mini Purifying Pore Detox Cleanser,Tata Harper,Skincare,Mini Size,35,162
P462829,Squalane + Elderberry Nourishing Jelly Cleanser,Biossance,Skincare,Cleansers,24,1057
P462891,GinZing Into the Glow Brightening Serum,Origins,Skincare,Treatments,43,1058
P463036,Honey Halo Ultra-Hydrating Ceramide Moisturizer,Farmacy,Skincare,Moisturizers,41,1059
P463105,Benefiance Wrinkle Smoothing Retinol Serum,Shiseido,Skincare,Treatments,54,1060
P463106,Vital Perfection Uplifting and Firming Eye Cream,Shiseido,Skincare,Eye Care,61,1061
P463109,Overnight Vitalizing Sleeping Mask,Sulwhasoo,Skincare,Masks,63,1062
P463110,Clarifying Peel Off Mask,Sulwhasoo,Skincare,Masks,30,1063
P463144,Dream Eye Cream with Vitamin C and Ceramides,Youth To The People,Skincare,Eye Care,35,1064
P463353,CC Screen 100% Mineral CC Cream SPF 50 PA++++,Supergoop!,Skincare,Moisturizers,26,1065
P463371,Mini Adaptogen Deep Moisture Cream with Ashwagandha + Reishi,Youth To The People,Skincare,Mini Size,31,520
P463613,Moisture Surge Intense 72H Lipid-Replenishing Hydrator Moisturizer,CLINIQUE,Skincare,Moisturizers,39,1066
P463665,Get Even Rose Face Oil,Wishful,Skincare,Moisturizers,23,1067
P463792,Rejuvenating Scalp + Fuller Hair Therapy Set,BeautyBio,Skincare,Value & Gift Sets,19,1068
P463951,Mini Benefiance Wrinkle Smoothing Cream Enriched,Shiseido,Skincare,Mini Size,50,776
P463964,Pink Drink Firming Resurfacing Peptide Face Mist,Sunday Riley,Skincare,Moisturizers,56,1069
P464233,Mini Face Cream,Dr. Barbara Sturm,Skincare,Moisturizers,32,763
P464234,Advanced Retinol Night Repair Treatment,Dr. Zenovia Skincare,Skincare,Treatments,20,1070
P464235,Inflam-Aging Night Repair Treatment,Dr. Zenovia Skincare,Skincare,Treatments,33,1071
P464237,Retinol Recovery Eye Cream,Dr. Zenovia Skincare,Skincare,Eye Care,59,1072
P464238,Peptide + Ceramide Repairing Moisturizer,Dr. Zenovia Skincare,Skincare,Moisturizers,45,1073
P464239,Aloe Vera Blemish Soothing Moisturizer,Dr. Zenovia Skincare,Skincare,Moisturizers,21,1074
P464240,10% Glycolic Acne Control Peel Pads,Dr. Zenovia Skincare,Skincare,Treatments,18,1075
P464241,5% Benzoyl Peroxide Acne Spot Treatment,Dr. Zenovia Skincare,Skincare,Treatments,15,1076
P464242,Hyaluronic Acid + Peptide Serum,Dr. Zenovia Skincare,Skincare,Treatments,20,1077
P464243,10% Benzoyl Peroxide Acne Cleanser,Dr. Zenovia Skincare,Skincare,Cleansers,19,1078
P464244,Vitamin C Brightening Toner,Dr. Zenovia Skincare,Skincare,Cleansers,24,1079
P464245,Bakuchiol Hydrating Cleanser,Dr. Zenovia Skincare,Skincare,Cleansers,33,1080
P464250,GOOPGENES Nourishing Repair Body Butter,goop,Skincare,Moisturizers,44,1081
P464799,Potent-C Power Brightening Hydra-Gels,Peter Thomas Roth,Skincare,Eye Care,37,1082
P465365,Puffy Under-Eye Patches,Peace Out,Skincare,Eye Care,34,1083
P465368,Mini Ready Steady Glow Daily AHA Tonic,REN Clean Skincare,Skincare,Cleansers,16,456
P465741,Wild Huckleberry 8-Acid Polishing Peel Mask,alpyn beauty,Skincare,Masks,62,1084
P465752,Mini Protini Polypeptide Moisturizer,Drunk Elephant,Skincare,Mini Size,58,446
P466114,Resveratrol Lift Instant Firming Retinol Alternative Serum,Caudalie,Skincare,Treatments,28,1085
P466117,Sweet Biome Fermented Sake Hydrating Spray,Drunk Elephant,Skincare,Moisturizers,55,1086
P466122,Kombucha 2-in-1 No-Rinse Cleanser & Prebiotic Treatment,fresh,Skincare,Cleansers,17,1087
P466123,Watermelon Glow Niacinamide Dew Drops,Glow Recipe,Skincare,Treatments,23,1088
P466134,Radian-C Cream with Vitamin C,LANEIGE,Skincare,Moisturizers,29,1089
P466142,Lemonade Smoothing Scrub,OLEHENRIKSEN,Skincare,Cleansers,39,1090
P466153,Cloud Dew Gel Cream Moisturizer,Summer Fridays,Skincare,Moisturizers,52,1091
P466154,Daily Dose Vitamin C + SPF 40 Sunscreen Serum PA+++,Supergoop!,Skincare,Sunscreen,32,1092
P466155,The Dewy Serum Resurfacing and Plumping Treatment,Tatcha,Skincare,Treatments,39,1093
P466163,Thirst Trap Juice Hyaluronic Acid & Peptide Hydrating Facial Serum,Wishful,Skincare,Treatments,32,1094
P466164,15% Vitamin C + Clean Caffeine Energy Serum,Youth To The People,Skincare,Treatments,34,1095
P466661,Whipped Greens Oil-Free Foaming Cleanser with Moringa and Papaya,Farmacy,Skincare,Cleansers,50,1096
P466673,Rapid Dark Spot Correcting Serum,Murad,Skincare,Treatments,31,1097
P466878,Mini Alpha Beta Exfoliating Body Treatment Peel,Dr. Dennis Gross Skincare,Skincare,Mini Size,39,1098
P467028,Glow In A Wink ExfoliKate Bestsellers Set,Kate Somerville,Skincare,Value & Gift Sets,77,1099
P467038,Retinol Eye Stick,Peace Out,Skincare,Eye Care,33,1100
P467110,Squalane + 10% Vitamin C Dark Spot Serum,Biossance,Skincare,Treatments,16,1101
P467111,Retinol Acne Clearing Oil,Dermalogica,Skincare,Moisturizers,21,1102
P467112,Daily Microfoliant Exfoliator Refill Pack,Dermalogica,Skincare,Cleansers,29,413
P467115,Facial Radiance Niacinamide Dark Spot Serum,First Aid Beauty,Skincare,Treatments,25,1103
P467118,That Limitless Glow Sheet Mask,JLo Beauty,Skincare,Masks,38,1104
P467120,That Hit Single Gel-Cream Cleanser,JLo Beauty,Skincare,Cleansers,47,1105
P467122,That Fresh Take Eye Cream with Peptides,JLo Beauty,Skincare,Eye Care,42,1106
P467123,That Big Screen Moisturizer with Broad Spectrum SPF 30,JLo Beauty,Skincare,Moisturizers,41,1107
P467124,That Blockbuster Cream with Hyaluronic Acid,JLo Beauty,Skincare,Moisturizers,52,1108
P467126,That Jlo Glow Brightening & Firming Serum with Niacinamide,JLo Beauty,Skincare,Treatments,38,1109
P467129,Acne Control 30-Day Trial Kit for Clearer Skin,Murad,Skincare,Value & Gift Sets,95,1110
P467137,Water Drench Hyaluronic Glow Serum,Peter Thomas Roth,Skincare,Treatments,29,1111
P467247,Total Cleans'r Makeup-Removing Cleanser with Barbados Cherry,Fenty Skin,Skincare,Cleansers,32,1112
P467248,Fat Water Niacinamide Pore-Refining Toner Serum with Barbados Cherry,Fenty Skin,Skincare,Cleansers,22,1113
P467249,Hydra Vizor Invisible Moisturizer Broad Spectrum SPF 30 Sunscreen with Niacinamide + Kalahari Melon,Fenty Skin,Skincare,Moisturizers,40,1114
P467250,Instant Reset Brightening Overnight Recovery Gel-Cream With Niacinamide + Kalahari Melon Oil,Fenty Skin,Skincare,Moisturizers,48,1115
P467251,Fenty Skin Travel Size Start'r Set,Fenty Skin,Skincare,Value & Gift Sets,76,1116
P467602,Triple Algae Eye Renewal Balm Eye Cream,Algenist,Skincare,Eye Care,64,1117
P467608,Smart Night Clinical MD Multi-Dimensional Repair Treatment Retinol Serum,CLINIQUE,Skincare,Treatments,49,1118
P467614,C Scription Vitamin C Brightening Serum,Dr. Brandt Skincare,Skincare,Treatments,38,1119
P467615,Cicapair Tiger Grass Sleepair Intensive Mask,Dr. Jart+,Skincare,Masks,57,1120
P467617,Clear Complexion Acne Solutions System,Dr. Zenovia Skincare,Skincare,Value & Gift Sets,33,1121
P467628,Mini Clearly Corrective Dark Spot Correcting Serum,Kiehl's Since 1851,Skincare,Mini Size,24,375
P467630,Rénergie Lift Multi-Action Ultra Dark Circle Correcting Eye Cream,Lancôme,Skincare,Eye Care,43,1122
P467647,Melting Cleansing Balm Cleanse + Balance,SEPHORA COLLECTION,Skincare,Cleansers,25,1123
P467649,Clean 1 Minute Face Masks,SEPHORA COLLECTION,Skincare,Masks,20,1124
P467650,Self-Tanning Body Mousse,SEPHORA COLLECTION,Skincare,Self Tanners,14,1125
P467651,Pores Target Serum,SEPHORA COLLECTION,Skincare,Treatments,23,1126
P467652,Lip Sleeping Mask,SEPHORA COLLECTION,Skincare,Lip Balms & Treatments,16,1127
P467655,Succinic Acid Acne Treatment,The INKEY List,Skincare,Treatments,22,1128
P467748,Resveratrol Lift Firming Eye Gel-Cream,Caudalie,Skincare,Eye Care,28,1129
P467749,Resveratrol Lift Retinol Alternative Firming Night Moisturizer,Caudalie,Skincare,Moisturizers,37,1130
P467750,Resveratrol Lift Retinol Alternative Firming Cashmere Moisturizer,Caudalie,Skincare,Moisturizers,42,1131
P467755,Hydrating Toner Lotion with Aloe Vera,Clarins,Skincare,Cleansers,29,1132
P467756,Soothing Toning Lotion with Chamomile,Clarins,Skincare,Cleansers,22,1133
P467757,Total Cleansing Oil & Makeup Remover,Clarins,Skincare,Cleansers,18,1134
P467762,Mini Watermelon Glow PHA + BHA Pore-Tight Toner,Glow Recipe,Skincare,Mini Size,22,984
P467945,Capture Totale Super Potent Rich Cream,Dior,Skincare,Moisturizers,50,1135
P467971,Brightening Dark Circle Eye Cream,REN Clean Skincare,Skincare,Eye Care,33,1136
P467972,The C Drops – 20% Vitamin C Blend Brightening Serum,Saint Jane Beauty,Skincare,Treatments,14,1137
P467973,Intensive Eye Renewal Cream with Firming Peptides,Shani Darden Skin Care,Skincare,Eye Care,30,1138
P467976,(Re)setting 100% Mineral Powder Sunscreen SPF 35 PA+++,Supergoop!,Skincare,Sunscreen,17,1139
P468143,GOOPGENES All-In-One Super Nutrient Face Oil,goop,Skincare,Moisturizers,30,1140
P468149,Calm Sweet Calm Stress Management Vegan Gummies with Ashwagandha & L-Theanine,HUM Nutrition,Skincare,Wellness,13,1141
P468196,The Glow Up,Mario Badescu,Skincare,Value & Gift Sets,67,1142
P468211,Sunvisor Radiant Moisturizing Face Sunscreen SPF 35,Saie,Skincare,Sunscreen,31,1143
P468229,Ageless Revitalizing Neck Cream,Tatcha,Skincare,Moisturizers,39,1144
P468351,Moisture Surge 100H Auto-Replenishing Hydrator Moisturizer,CLINIQUE,Skincare,Moisturizers,43,1145
P468354,Hydrating Ultra Repair Cream Duo,First Aid Beauty,Skincare,Value & Gift Sets,23,1146
P468369,Hello Results Wrinkle-Reducing Daily Retinol Serum-in-Cream,IT Cosmetics,Skincare,Moisturizers,30,1147
P468396,PLANTSCRIPTION Multi-powered Anti-Aging Peptide Serum,Origins,Skincare,Treatments,62,1148
P468408,SKINPOWER Eye Cream,SK-II,Skincare,Eye Care,50,1149
P468409,SKINPOWER Airy Milky Lotion,SK-II,Skincare,Moisturizers,47,1150
P468410,SKINPOWER Essence Serum,SK-II,Skincare,Moisturizers,36,1151
P468411,SKINPOWER Cream,SK-II,Skincare,Moisturizers,45,1152
P468412,Pitera Power Kit,SK-II,Skincare,Value & Gift Sets,61,1153
P468634,Vitamin Enriched Face Base Jumbo,Bobbi Brown,Skincare,Moisturizers,34,59
P468637,Vinoclean Makeup Removing Cleansing Oil,Caudalie,Skincare,Cleansers,8,1154
P468658,Volcanic AHA Pore Clearing Clay Mask,innisfree,Skincare,Masks,39,1155
P468671,Clarifying Cleansing Foam with Bija Seed Oil,innisfree,Skincare,Cleansers,21,1156
P468672,Clarifying Spot Serum with Bija Seed Oil,innisfree,Skincare,Treatments,30,1157
P468684,Milky Mushroom Gentle Cleansing Oil Makeup Remover,KORA Organics,Skincare,Cleansers,30,1158
P468709,100% Niacinamide Powder,The Ordinary,Skincare,Treatments,1,1159
P468813,Vinoclean Moisturizing Toner with Rose Water,Caudalie,Skincare,Cleansers,14,1160
P468818,Mini Moisture Surge 100H Auto-Replenishing Hydrator Moisturizer,CLINIQUE,Skincare,Mini Size,43,1145
P468821,Ultra Repair Firming Collagen Cream with Peptides and Niacinamide,First Aid Beauty,Skincare,Moisturizers,31,1161
P468850,Signature Moisturizer,ROSE Ingleton MD,Skincare,Moisturizers,49,1162
P469087,Flash Nap Instant Revival Priming Eye Gel-Cream With Green Tea + Persian Silk Tree,Fenty Skin,Skincare,Eye Care,36,1163
P469088,Fulvic Acid Brightening Cleanser,The INKEY List,Skincare,Cleansers,19,1164
P469110,KateCeuticals Firming Serum with Hyaluronic Acid,Kate Somerville,Skincare,Treatments,46,1165
P469111,KateCeuticals Lifting Eye Cream,Kate Somerville,Skincare,Eye Care,49,1166
P469112,KateCeuticals Total Repair Cream,Kate Somerville,Skincare,Moisturizers,48,1167
P469118,Melting Moisture Mask,Dermalogica,Skincare,Masks,44,1168
P469121,Microdermabrasion Scrub,Dr. Lara Devgan Scientific Beauty,Skincare,Cleansers,31,1169
P469193,Supers Set,Moon Juice,Skincare,Wellness,46,1170
P469200,The Good C Vitamin C Serum,Dr. Barbara Sturm,Skincare,Treatments,26,1171
P469213,Wrinkle Blur Bakuchiol Eye Gel Crème,OLEHENRIKSEN,Skincare,Eye Care,56,1172
P469439,Squalane+ Rose Vegan Lip Balm,Biossance,Skincare,Lip Balms & Treatments,21,1173
P469444,Vinoclean Gentle Cleansing Almond Milk,Caudalie,Skincare,Cleansers,24,1174
P469448,Purifying Gentle Foaming Cleanser with Salicylic Acid,Clarins,Skincare,Cleansers,37,1175
P469449,Hydrating Gentle Foaming Cleanser with Aloe Vera,Clarins,Skincare,Cleansers,29,1176
P469451,All About Clean 2-in-1 Cleansing + Exfoliating Jelly,CLINIQUE,Skincare,Cleansers,33,1177
P469452,All About Clean 2-in-1 Charcoal Face Mask + Scrub,CLINIQUE,Skincare,Masks,22,1178
P469454,Beauty Oil with Gold Leaf,Danessa Myricks Beauty,Skincare,Moisturizers,10,1179
P469478,Party Recharge Hydrating Hyaluronic Under Eye Masks,INC.redible,Skincare,Eye Care,29,1180
P469482,Even Skin Tone Self-Tanning Body Butter,Isle of Paradise,Skincare,Self Tanners,42,1181
P469490,Lip Treatment Balm,LANEIGE,Skincare,Lip Balms & Treatments,32,1182
P469502,Skin Perfecting 2% BHA Liquid Exfoliant,Paula's Choice,Skincare,Cleansers,8,1183
P469503,Mini Skin Perfecting 2% BHA Liquid Exfoliant,Paula's Choice,Skincare,Mini Size,8,1183
P469504,Skin Perfecting 8% AHA Gel Exfoliant,Paula's Choice,Skincare,Cleansers,15,1184
P469505,Skin Perfecting BHA 9 Treatment,Paula's Choice,Skincare,Treatments,13,1185
P469506,C15 Vitamin C Super Booster,Paula's Choice,Skincare,Treatments,21,1186
P469507,10% Azelaic Acid Booster,Paula's Choice,Skincare,Treatments,21,1187
P469508,Hyaluronic Acid Booster,Paula's Choice,Skincare,Treatments,22,1188
P469510,CLINICAL 1% Retinol Treatment,Paula's Choice,Skincare,Treatments,53,1189
P469511,CLINICAL Niacinamide 20% Treatment,Paula's Choice,Skincare,Treatments,25,1190
P469512,CLINICAL Ceramide-Enriched Firming Eye Cream,Paula's Choice,Skincare,Eye Care,56,1191
P469513,CLEAR Pore Normalizing Acne Cleanser,Paula's Choice,Skincare,Cleansers,18,1192
P469514,CLEAR Anti-Redness Exfoliating Solution with 2% Salicylic Acid,Paula's Choice,Skincare,Cleansers,18,1193
P469515,CLEAR Daily Skin Clearing Treatment with 2.5% Benzoyl Peroxide,Paula's Choice,Skincare,Treatments,14,1194
P469516,CLEAR Ultra-Light Daily Hydrating Fluid SPF 30+,Paula's Choice,Skincare,Sunscreen,29,1195
P469517,CLEAR Oil-Free Moisturizer,Paula's Choice,Skincare,Moisturizers,34,1196
P469518,RESIST Barrier Repair Moisturizer with Retinol,Paula's Choice,Skincare,Moisturizers,28,1197
P469519,RESIST Advanced Replenishing Toner with Hyaluronic Acid,Paula's Choice,Skincare,Cleansers,41,1198
P469520,RESIST Perfectly Balanced Foaming Cleanser,Paula's Choice,Skincare,Cleansers,29,1199
P469521,RESIST Weightless Advanced Repairing Toner,Paula's Choice,Skincare,Cleansers,24,1200
P469522,RESIST Youth-Extending Daily Hydrating Fluid SPF 50,Paula's Choice,Skincare,Sunscreen,29,1195
P469523,RESIST Anti-Aging Clear Skin Hydrator,Paula's Choice,Skincare,Moisturizers,29,1201
P469524,RESIST Super-Light Daily Wrinkle Defense SPF 30,Paula's Choice,Skincare,Sunscreen,30,1202
P469525,Omega+ Complex Serum,Paula's Choice,Skincare,Treatments,43,1203
P469526,Water-Infusing Electrolyte Moisturizer,Paula's Choice,Skincare,Moisturizers,46,1204
P469527,The UnScrub Gentle Cleansing Scrub,Paula's Choice,Skincare,Cleansers,23,1205
P469528,Skin Perfecting 25% AHA + 2% BHA Exfoliant Peel,Paula's Choice,Skincare,Treatments,26,1206
P469530,Blemish Balm Cleanser,Peace Out,Skincare,Cleansers,45,1207
P469537,Bestsellers Trial Kit,Sulwhasoo,Skincare,Value & Gift Sets,123,1208
P469538,Anti-Aging First Care Activating Serum,Sulwhasoo,Skincare,Treatments,55,1209
P469544,C-50 Blemish Night Treatment,The INKEY List,Skincare,Treatments,21,1210
P469801,Mini Equilibrium Rebalancing Cream Cleanser,Hourglass,Skincare,Cleansers,19,1211
P469806,Abeille Royale Anti-Aging Eye Lifting Serum,GUERLAIN,Skincare,Eye Care,34,1212
P469818,Cactus Water Cleansing Lactic Acid Toner,Freck Beauty,Skincare,Cleansers,16,1213
P469829,Equilibrium Biomimetic Skin Active Serum,Hourglass,Skincare,Treatments,25,1214
P469830,Equilibrium Day Fluid Sunscreen Broad Spectrum SPF 30,Hourglass,Skincare,Sunscreen,21,1215
P469831,Equilibrium Intensive Hydrating Eye Balm,Hourglass,Skincare,Eye Care,24,1216
P469832,Equilibrium Rebalancing Cream Cleanser,Hourglass,Skincare,Cleansers,19,1211
P469833,Equilibrium Restoring Essence,Hourglass,Skincare,Moisturizers,19,1217
P469862,Rich Bitch Cactus + Vitamin C Moisturizer,Freck Beauty,Skincare,Moisturizers,31,1218
P470007,Vinoclean Gentle Foam Cleanser,Caudalie,Skincare,Cleansers,18,1219
P470024,Protini Powerpeptide Resurfacing Serum with Lactic Acid,Drunk Elephant,Skincare,Treatments,77,1220
P470040,Ultra Facial Oil-Free Gel Cream,Kiehl's Since 1851,Skincare,Moisturizers,22,1221
P470041,"UV Expert Aquagel Defense Sunscreen, Primer & Moisturizer SPF 50 Duo",Lancôme,Skincare,Value & Gift Sets,34,1222
P470048,Bestsellers Recruitment Set,Origins,Skincare,Value & Gift Sets,146,1223
P470049,Clearcalm Clarifying Clay Cleanser,REN Clean Skincare,Skincare,Cleansers,29,1224
P470057,Mineral Sheerscreen Sunscreen SPF 30 PA+++,Supergoop!,Skincare,Sunscreen,28,1225
P470058,Glowscreen Body Sunscreen SPF 40 PA+++,Supergoop!,Skincare,Sunscreen,32,1226
P470065,Superclay Purify + Clear Power Mask with Niacinamide,Youth To The People,Skincare,Masks,38,1227
P470217,Liquid Sun Shield Daily Brightening Mineral Sunscreen SPF 50,Dr. Brandt Skincare,Skincare,Sunscreen,41,1228
P470221,Milk-Peel Gentle Exfoliating Toner,Kiehl's Since 1851,Skincare,Cleansers,26,1229
P470227,Vitamin C Triple Exfoliating Facial,Murad,Skincare,Treatments,46,1230
P470240,Truth Serum Vitamin C Serum,OLEHENRIKSEN,Skincare,Treatments,37,1231
P470243,PRO Strength Microdermabrasion Blackhead Eliminator,Peter Thomas Roth,Skincare,Cleansers,22,1232
P470245,Complexion Brightening Booster Serum,ROSE Ingleton MD,Skincare,Treatments,30,1233
P470246,Calming Hydration Booster Serum,ROSE Ingleton MD,Skincare,Treatments,29,1234
P470247,Blemish Control Booster Serum,ROSE Ingleton MD,Skincare,Treatments,39,1235
P470248,Retexturizing Retinol Booster Serum,ROSE Ingleton MD,Skincare,Treatments,34,1236
P470255,Mini Unseen Sunscreen SPF 40 PA+++,Supergoop!,Skincare,Mini Size,26,866
P470259,Faded Serum for Dark Spots & Discoloration,Topicals,Skincare,Treatments,37,1237
P470506,The Cream Cleansing Gel with TFC8 Gentle Cleanser,Augustinus Bader,Skincare,Cleansers,28,1238
P470507,The Cream with TFC8 Face Moisturizer,Augustinus Bader,Skincare,Moisturizers,52,1239
P470508,Mini The Cream with TFC8 Face Moisturizer,Augustinus Bader,Skincare,Mini Size,52,1239
P470509,The Rich Cream with TFC8 Face Moisturizer,Augustinus Bader,Skincare,Moisturizers,36,1240
P470510,Mini The Rich Cream with TFC8 Face Moisturizer,Augustinus Bader,Skincare,Mini Size,36,1240
P470529,Avocado Soothing Skin Barrier Serum with Ceramides,Glow Recipe,Skincare,Treatments,66,1241
P470535,"KateCeuticals Resurfacing Overnight Peel with Glycolic Acid, Retinol & Niacinamide",Kate Somerville,Skincare,Treatments,46,1242
P470536,Clarifique Exfoliating & Hydrating Face Essence with Glycolic Acid,Lancôme,Skincare,Moisturizers,28,1243
P470538,SuperPower Immune Support Supplement,Moon Juice,Skincare,Wellness,5,1244
P470545,Super Gloss Instant Bronzing Face Drops with SPF 30,TAN-LUXE,Skincare,Self Tanners,27,1245
P470548,Knockout 10% Acid Complex Serum,tarte,Skincare,Treatments,23,1246
P471000,Algae Niacinamide Moisture Veil,Algenist,Skincare,Moisturizers,34,1247
P471003,Squalane + BHA Pore-Minimizing Toner,Biossance,Skincare,Cleansers,27,1248
P471009,Vinoperfect Brightening Glycolic Peel Mask,Caudalie,Skincare,Masks,41,1249
P471011,Take The Day Off Cleansing Balm Makeup Remover Duo,CLINIQUE,Skincare,Value & Gift Sets,9,1250
P471017,Super Anti-Aging Face Cream,Dr. Barbara Sturm,Skincare,Moisturizers,32,1251
P471029,GOOPGLOW Glow Lotion,goop,Skincare,Moisturizers,53,1252
P471033,CLOUD JELLY Plumping Hydration Serum,Herbivore,Skincare,Treatments,20,1253
P471037,Slushy Serum Moisturizer Crush Infused with Bakuchiol,iNNBEAUTY PROJECT,Skincare,Treatments,36,1254
P471038,Glaze Lip Oil,iNNBEAUTY PROJECT,Skincare,Lip Balms & Treatments,14,1255
P471039,Pimple Paste Overnight Blemish Drying Paste,iNNBEAUTY PROJECT,Skincare,Treatments,33,1256
P471040,Foam Around Clarifying Daily Cleanser Infused with Glycolic Acid,iNNBEAUTY PROJECT,Skincare,Cleansers,50,1257
P471041,Down to Tone Resurfacing Acid Toner,iNNBEAUTY PROJECT,Skincare,Cleansers,39,1258
P471042,Next Level Moisturizer,iNNBEAUTY PROJECT,Skincare,Moisturizers,60,1259
P471043,Argan Pro-Retinol Eye Cream,Josie Maran,Skincare,Eye Care,54,1260
P471045,Daily Deflector Mineral Sunscreen SPF 40  PA++++,Kate Somerville,Skincare,Sunscreen,38,1261
P471046,Turmeric Glow Brightening Moisturizer,KORA Organics,Skincare,Moisturizers,56,1262
P471062,Full-Size Water Drench Hydra-Pair 2-Piece Kit,Peter Thomas Roth,Skincare,Value & Gift Sets,96,1263
P471064,Max Matte Shine Control Sunscreen Broad Spectrum SPF 45,Peter Thomas Roth,Skincare,Sunscreen,49,1264
P471065,Mini Water Drench  Hyaluronic Hydrating Moisturizer SPF 45,Peter Thomas Roth,Skincare,Mini Size,55,987
P471085,Targeted Dark Spots Serum,SEPHORA COLLECTION,Skincare,Treatments,17,1265
P471086,Targeted Wrinkle Serum,SEPHORA COLLECTION,Skincare,Treatments,16,1266
P471097,Facial Sculpting Wand,Shani Darden Skin Care,Skincare,High Tech Tools,17,1267
P471101,Resurface+ AHA/BHA Niacinamide Exfoliating Pads for Face and Targeted Body,Skinfix,Skincare,Treatments,23,1268
P471111,Yo Detox Charcoal Face & Body Enzyme Scrub,Wishful,Skincare,Cleansers,36,1269
P471226,Vinoperfect Instant Brightening Moisturizer with Niacinamide,Caudalie,Skincare,Moisturizers,28,1270
P471227,Vinoperfect Brightening Glycolic Night Cream,Caudalie,Skincare,Moisturizers,38,1271
P471237,Rose & Hyaluronic Acid Deep Hydration Moisturizer,fresh,Skincare,Moisturizers,46,1272
P471535,Aqua Bomb Brightening Vitamin C Cream,belif,Skincare,Moisturizers,55,1273
P471541,Vinosource-Hydra Grape Water Gel Moisturizer,Caudalie,Skincare,Moisturizers,26,1274
P471546,Mini Cicapair Tiger Grass Color Correcting Treatment SPF 30,Dr. Jart+,Skincare,Mini Size,70,285
P471547,Mini Beste No. 9 Jelly Cleanser,Drunk Elephant,Skincare,Mini Size,23,428
P471566,Mini Lemonade Smoothing Scrub,OLEHENRIKSEN,Skincare,Mini Size,39,1090
P471567,Checks and Balances Polishing Exfoliator,Origins,Skincare,Cleansers,38,1275
P471761,Call It A Night Glycolic Serum + Moisturizer duo,Drunk Elephant,Skincare,Value & Gift Sets,56,1276
P471784,Gentle Foaming Cleanser,Mario Badescu,Skincare,Cleansers,17,1277
P471788,Mini AHA/BHA Exfoliating Cleanser,Murad,Skincare,Mini Size,21,212
P471793,Omega + Complex Cleansing Balm,Paula's Choice,Skincare,Cleansers,11,1278
P472021,Mochi Mochi Luminous Plumping & Hydrating Moisturizer,DAMDAM,Skincare,Moisturizers,21,1279
P472022,Paradisi Hydrating Essence Mist,DAMDAM,Skincare,Moisturizers,13,1280
P472023,Nomad’s Cream Purifying & Exfoliating AHA Cleanser,DAMDAM,Skincare,Cleansers,21,1281
P472024,Skin Mud Pure Vitamin C Brightening Mask,DAMDAM,Skincare,Masks,11,1282
P472025,Silk Rice Makeup-Removing Cleansing Oil,DAMDAM,Skincare,Cleansers,9,1283
P472028,Capture Totale Super Potent Eye Serum,Dior,Skincare,Eye Care,41,1284
P472031,FAB Pharma Calamine Pore Purging Mask,First Aid Beauty,Skincare,Masks,31,1285
P472050,Cold Plunge Pore Remedy Moisturizer with BHA/LHA,OLEHENRIKSEN,Skincare,Moisturizers,35,1286
P472052,Microneedling Dark Spot Brightening Dots,Peace Out,Skincare,Treatments,18,1287
P472180,Balance It All Oil Control & Pore-Refining Set,OLEHENRIKSEN,Skincare,Value & Gift Sets,64,1288
P472302,Wild Nettle & Niacinamide Instant Firming Serum,alpyn beauty,Skincare,Treatments,38,1289
P472311,Mini Total Cleans'r Makeup Removing Cleanser,Fenty Skin,Skincare,Mini Size,32,1112
P472341,Superkind Fragrance-Free Fortifying Moisturizer,Tata Harper,Skincare,Moisturizers,41,1290
P472342,Superkind Fragrance-Free Radiance Mask,Tata Harper,Skincare,Masks,23,1291
P472343,Superkind Fragrance-Free Softening Cleanser,Tata Harper,Skincare,Cleansers,34,1292
P472448,Glass & Gloss 2-Step Facial Retexturizing & Brightening Treatment,BeautyBio,Skincare,Treatments,27,1293
P472451,Vinosource-Hydra Moisturizing Mask,Caudalie,Skincare,Masks,28,1294
P472453,Vinosource-Hydra SOS Intense Hydration Moisturizer,Caudalie,Skincare,Moisturizers,33,1295
P472454,Vinosource-Hydra Moisturizing Sorbet,Caudalie,Skincare,Moisturizers,38,1296
P472455,Vinosource-Hydra SOS Hydrating Hyaluronic Acid Serum,Caudalie,Skincare,Treatments,23,1297
P472466,Mini Rose & Hyaluronic Acid Deep Hydration Moisturizer,fresh,Skincare,Moisturizers,46,1272
P472467,GLO to Go Teeth Whitening Pen,GLO Science,Skincare,High Tech Tools,17,1298
P472468,Watermelon Glow Hyaluronic Clay Pore-Tight Facial Mask,Glow Recipe,Skincare,Masks,39,1299
P472469,Green Machine Vitamin C + Green Superfoods Jelly Serum,iNNBEAUTY PROJECT,Skincare,Treatments,42,1300
P472471,Acne Remedy Overnight Repair Moisturizer,Jack Black,Skincare,Moisturizers,34,1301
P472472,Ferulic Brew Facial Treatment Essence with Lactic Acid,Kiehl's Since 1851,Skincare,Moisturizers,31,1302
P472810,Smart Response Serum,Dermalogica,Skincare,Treatments,50,1303
P472981,Advanced Génifique Wrinkle & Dark Circle Eye Cream,Lancôme,Skincare,Eye Care,55,1304
P473126,CLINICAL Discoloration Repair Serum,Paula's Choice,Skincare,Treatments,30,1305
P473133,Fruit-Tox Resurfacing Facial Remedy,Naturally Serious,Skincare,Treatments,48,1306
P473148,Mask-imum Revival Hydra-Plumping Mask,Naturally Serious,Skincare,Masks,44,1307
P473160,Mini The Essence  Skincare Boosting Treatment,Tatcha,Skincare,Moisturizers,6,300
P473172,Glow Daily Vitamin C Gel Cream,REN Clean Skincare,Skincare,Moisturizers,29,1308
P473185,Water Drench Hyaluronic Cloud Makeup Removing Gel Cleanser,Peter Thomas Roth,Skincare,Cleansers,31,1309
P473267,Smart Clinical Repair Wrinkle Correcting Serum,CLINIQUE,Skincare,Treatments,53,1310
P473304,O-Bloos Rosi Glow Drops,Drunk Elephant,Skincare,Treatments,38,1311
P473322,Dewtopia 20% Acid Night Treatment,OLEHENRIKSEN,Skincare,Treatments,41,1312
P473336,The Youth System,Youth To The People,Skincare,Value & Gift Sets,133,1313
P473723,Hydrating Petal Cream – 1% Pure Hyaluronic Acid Moisturizer,Saint Jane Beauty,Skincare,Moisturizers,40,1314
P473724,Vitamin Tonic,SEPHORA COLLECTION,Skincare,Cleansers,22,1315
P473725,Resurfacing Peel Mask,SEPHORA COLLECTION,Skincare,Treatments,21,1316
P473726,Smoothing Cleanser,SEPHORA COLLECTION,Skincare,Cleansers,19,1317
P473729,Vitamin Mask,SEPHORA COLLECTION,Skincare,Masks,28,1318
P473820,Advanced Night Repair Eye Concentrate Matrix Synchronized Multi-Recovery Complex,Estée Lauder,Skincare,Treatments,58,1319
P473828,Ceramidin  Eye Cream with Niacinamide,Dr. Jart+,Skincare,Eye Care,41,1320
P474036,Aloe Vera Gel,Dr. Barbara Sturm,Skincare,Moisturizers,15,1321
P474057,Lip Service - Lip Balm Duo Mint & Shea,Jack Black,Skincare,Lip Balms & Treatments,16,986
P474060,Mini Rare Earth Deep Pore Minimizing Cleansing Clay Mask,Kiehl's Since 1851,Skincare,Mini Size,20,1322
P474068,Minty Mineral Hydration Face Mist with Aloe Vera,KORA Organics,Skincare,Moisturizers,33,1323
P474075,AHA/BHA/Retinoid Daily Clarifying Peel,Murad,Skincare,Treatments,40,1324
P474078,Mini Goodbye Acne  AHA/BHA Acne Clearing Gel Face Body Spot Treatment,Peter Thomas Roth,Skincare,Mini Size,21,82
P474079,Goodbye Acne   Complete Acne Treatment Gel,Peter Thomas Roth,Skincare,Treatments,48,1325
P474080,Water Drench Hyaluronic Cloud Mask Hydrating Gel,Peter Thomas Roth,Skincare,Masks,23,1326
P474107,Hyaluronic Tripeptide Gel-Cream for Eyes,StriVectin,Skincare,Eye Care,65,1327
P474109,Daily Reveal  Exfoliating Face Pads with AHA + BHA + PHA + TXA,StriVectin,Skincare,Treatments,40,1328
P474110,Super-C Retinol Brighten & Correct Vitamin C Serum,StriVectin,Skincare,Treatments,48,1329
P474111,Super-C SPF 30 Vitamin C Face Moisturizer,StriVectin,Skincare,Moisturizers,47,1330
P474113,TL Advanced  Tightening Neck Cream PLUS for Firming & Brightening,StriVectin,Skincare,Moisturizers,69,1331
P474114,Power Starters Tightening Trio,StriVectin,Skincare,Value & Gift Sets,132,1332
P474115,Peptight  Tightening & Brightening Face Serum,StriVectin,Skincare,Treatments,75,1333
P474116,Peptight  360˚ Tightening Eye Serum,StriVectin,Skincare,Eye Care,47,1334
P474117,Mini TL Advanced  Tightening Neck Cream PLUS for Firming & Brightening,StriVectin,Skincare,Moisturizers,69,1331
P474118,Intensive Eye Cream Concentrate for Wrinkles PLUS,StriVectin,Skincare,Eye Care,64,1335
P474121,SD Advanced  PLUS Intensive Moisturizer For Wrinkles & Stretch Marks,StriVectin,Skincare,Moisturizers,70,1336
P474122,Advanced Retinol Nightly Renewal Face Moisturizer with Retinol,StriVectin,Skincare,Moisturizers,65,1337
P474125,The Gamechangers,StriVectin,Skincare,Value & Gift Sets,129,1338
P474304,Squalane + Amino Aloe Gentle Pore-Minimizing Cleanser,Biossance,Skincare,Cleansers,24,1339
P474323,GOOPGENES All-in-One Nourishing Skincare Kit,goop,Skincare,Value & Gift Sets,76,1340
P474325,Aquarius Pore Purifying BHA Cream,Herbivore,Skincare,Moisturizers,31,1341
P474326,Pink Cloud Soft Moisture Cream,Herbivore,Skincare,Moisturizers,32,1342
P474329,Face Glaze Skin Barrier Protect & Glow Moisturizer,iNNBEAUTY PROJECT,Skincare,Moisturizers,51,1343
P474330,Bye Bye Dark Spots 4% Niacinamide Serum,IT Cosmetics,Skincare,Treatments,22,1344
P474332,Bye Bye Lines 1.5% Hyaluronic Acid Serum,IT Cosmetics,Skincare,Treatments,13,1345
P474333,Bye Bye Pores 10% Glycolic Acid Serum,IT Cosmetics,Skincare,Treatments,12,1346
P474340,Santorini Grape Velvet Skin Drink,KORRES,Skincare,Moisturizers,29,1347
P474369,Clear Improvement Zero Oil Cleanser With Charcoal,Origins,Skincare,Cleansers,35,1348
P474371,Evercalm Gentle Cleansing Milk,REN Clean Skincare,Skincare,Cleansers,34,1349
P474376,Mini THE FACE Illuminating Self-Tan Drops,TAN-LUXE,Skincare,Self Tanners,22,420
P474377,Indigo Overnight Repair Serum in Cream Treatment,Tatcha,Skincare,Moisturizers,38,1350
P474809,Blue Algae Vitamin C Skinclarity Brightening Serum,Algenist,Skincare,Treatments,40,1351
P474822,Daily Glycolic Cleanser,Dermalogica,Skincare,Cleansers,5,1352
P474823,Advanced Retinol + Ferulic Overnight Texture Renewal Peel,Dr. Dennis Gross Skincare,Skincare,Treatments,44,1353
P474824,Advanced Retinol + Ferulic Overnight Wrinkle Treatment,Dr. Dennis Gross Skincare,Skincare,Treatments,43,1354
P474825,Advanced Retinol + Ferulic Triple Correction Eye Serum,Dr. Dennis Gross Skincare,Skincare,Eye Care,39,1355
P474826,Advanced Retinol + Ferulic Texture Renewal Serum,Dr. Dennis Gross Skincare,Skincare,Treatments,41,1356
P474832,Sugar Recovery Lip Mask Advanced Therapy,fresh,Skincare,Lip Balms & Treatments,30,1357
P474838,Boost Sweet Boost - Vegan Gummies for Immune Support,HUM Nutrition,Skincare,Wellness,17,1358
P474839,Counter Cravings - Helps Reduce Cravings and Boosts Metabolism,HUM Nutrition,Skincare,Wellness,6,1359
P474840,Micro-Dose Anti-Aging Retinol Serum with Ceramides and Peptide,Kiehl's Since 1851,Skincare,Treatments,44,1360
P474843,Absolue Soft Cream Revitalizing & Brightening Moisturizer,Lancôme,Skincare,Moisturizers,55,1361
P474844,Absolue Revitalizing Eye Cream,Lancôme,Skincare,Eye Care,54,1362
P474936,Vinopure Oil-Control Moisturizer for Acne Prone Skin,Caudalie,Skincare,Moisturizers,41,1363
P474937,Vinopure Pore Purifying Gel Cleanser,Caudalie,Skincare,Cleansers,25,1364
P474938,Vinopure Natural Salicylic Acid Pore Minimizing Serum,Caudalie,Skincare,Treatments,23,1365
P474939,Vinopure Natural Salicylic Acid Pore Minimizing Toner,Caudalie,Skincare,Cleansers,23,1366
P474940,Mini Even Better Clinical Radical Dark Spot Corrector + Interrupter Serum,CLINIQUE,Skincare,Treatments,49,901
P474941,3 Step Intro Kit Type II,CLINIQUE,Skincare,Value & Gift Sets,49,1367
P474942,Refresh in 5,CLINIQUE,Skincare,Value & Gift Sets,88,1368
P474943,Mini Alpha Beta Ultra Gentle Daily Peel Pads for Sensitive Skin,Dr. Dennis Gross Skincare,Skincare,Mini Size,53,199
P474953,Abeille Royale Advanced Youth Watery Oil,GUERLAIN,Skincare,Moisturizers,36,1369
P474956,Day Dew Self-Tan Face Mist,Isle of Paradise,Skincare,Self Tanners,36,1370
P474957,Night Glow Self-Tan Face Mist,Isle of Paradise,Skincare,Self Tanners,38,1371
P474964,"Facial Spray with Aloe Adaptogens, and Coconut Water",Mario Badescu,Skincare,Moisturizers,21,1372
P474967,NuFACE Firming and Brightening Silk Crème,NuFACE,Skincare,Moisturizers,38,1373
P474968,NuFACE Hydrating Aqua Gel,NuFACE,Skincare,Moisturizers,25,455
P474970,Hyaluronic Acid + Peptide Lip Treatment Booster,Paula's Choice,Skincare,Lip Balms & Treatments,33,1374
P474971,Daily Blemish Repairing Moisturizer,Peace Out,Skincare,Moisturizers,44,1375
P474972,Symbright Brightening Moisturizer,The INKEY List,Skincare,Moisturizers,19,1376
P475083,Skincare Essentials Kit,Clarins,Skincare,Treatments,100,1377
P475084,Extra-Firming Energy + Radiance Boosting Moisturizer,Clarins,Skincare,Moisturizers,13,1378
P475086,BioLumin-C Vitamin-C Gel Moisturizer,Dermalogica,Skincare,Moisturizers,65,1379
P475112,Pore Clearing Matte Moisturizer with Volcanic Clusters,innisfree,Skincare,Moisturizers,35,1380
P475124,The Hydrating Infused Emulsion,La Mer,Skincare,Moisturizers,60,1381
P475135,Mini Vitamin C Glycolic Brightening Serum,Murad,Skincare,Mini Size,53,947
P475143,NUDESKIN 3-Step: Citrus Renew Set For Makeup,NUDESTIX,Skincare,Value & Gift Sets,78,1382
P475159,Evercalm Redness Relief Serum,REN Clean Skincare,Skincare,Treatments,36,1383
P475172,Overnight Vitalizing Mask,Sulwhasoo,Skincare,Masks,63,1062
P475180,On The Go Best Sellers Travel Kit,TULA Skincare,Skincare,Value & Gift Sets,122,1384
P475181,Glow + Get It Cooling & Brightening Eye Balm,TULA Skincare,Skincare,Eye Care,32,1385
P475182,The Cult Classic Purifying Face Cleanser,TULA Skincare,Skincare,Cleansers,49,1386
P475183,So Polished Exfoliating Sugar Scrub,TULA Skincare,Skincare,Cleansers,27,1387
P475184,Hello Radiance Illuminating Serum,TULA Skincare,Skincare,Treatments,42,1388
P475185,24-7 Moisture Hydrating Day & Night Cream,TULA Skincare,Skincare,Moisturizers,59,1389
P475186,Revive + Rewind Revitalizing Eye Cream,TULA Skincare,Skincare,Eye Care,47,1390
P475187,Firm Up Deep Wrinkle Serum,TULA Skincare,Skincare,Treatments,41,1391
P475188,Instant De-Puff Eye Renewal Serum,TULA Skincare,Skincare,Treatments,47,1392
P475189,Secret Solutions Pro-Glycolic 10% Resurfacing Toner,TULA Skincare,Skincare,Cleansers,28,1393
P475190,Rose Glow + Get It Cooling & Brightening Eye Balm,TULA Skincare,Skincare,Eye Care,37,1394
P475192,So Poreless Deep Exfoliating Blackhead Scrub,TULA Skincare,Skincare,Cleansers,51,1395
P475193,Wrinkle Treatment Drops Retinol Alternative Serum,TULA Skincare,Skincare,Treatments,46,1396
P475194,Brightening Treatment Drops Triple Vitamin C Serum,TULA Skincare,Skincare,Treatments,38,1397
P475195,Protect + Plump Firming & Hydrating Face Moisturizer,TULA Skincare,Skincare,Moisturizers,64,1398
P475196,So Smooth Resurfacing & Brightening Fruit Enzyme Mask,TULA Skincare,Skincare,Masks,33,1399
P475197,Balancing Act Purifying & pH Balancing Biodegradable Toner Pads,TULA Skincare,Skincare,Cleansers,59,1400
P475200,Your Best Skin at Every Age Firming & Smoothing Discovery Kit,TULA Skincare,Skincare,Value & Gift Sets,170,1401
P475201,24-7 Power Swipe Hydrating Day & Night Treatment Eye Balm,TULA Skincare,Skincare,Eye Care,58,1402
P475203,Mini 24-7 Moisture Hydrating Day & Night Cream,TULA Skincare,Skincare,Moisturizers,59,1389
P475204,Sensitive Skin Treatment Drops Calming Vitamin B Serum,TULA Skincare,Skincare,Treatments,39,1403
P475540,Honey Halo Moisturizer Jumbo,Farmacy,Skincare,Moisturizers,41,1059
P475543,Guava Vitamin C Dark Spot Treatment Serum,Glow Recipe,Skincare,Treatments,47,1404
P475589,Ginzing Vitamin C Eye Cream to Brighten and Depuff,Origins,Skincare,Eye Care,55,1405
P475590,MINI GINZING VITAMIN C EYE CREAM TO BRIGHTEN AND DEPUFF,Origins,Skincare,Eye Care,55,1405
P475629,Honey Whip Peptide and Collagen Moisturizer,Wishful,Skincare,Moisturizers,45,1406
P475630,Mini Mandelic Acid + Superfood Unity Exfoliant,Youth To The People,Skincare,Cleansers,32,321
P475906,The Eye Cream with  TFC8,Augustinus Bader,Skincare,Eye Care,39,1407
P475907,The Serum with  TFC8,Augustinus Bader,Skincare,Treatments,36,1408
P475908,Aqua Bomb Overnight Lip Mask,belif,Skincare,Lip Balms & Treatments,26,1409
P475921,Double Serum Eye Firming & Hydrating Anti-Aging Concentrate,Clarins,Skincare,Eye Care,39,1410
P475926,The SturmGlow Kit,Dr. Barbara Sturm,Skincare,Value & Gift Sets,55,1411
P475932,Milk Marvel Dark Spot Serum with Niacinamide and Vitamin C,EADEM,Skincare,Treatments,29,1412
P475951,Green Tea Hyaluronic Acid Hydrating Serum,innisfree,Skincare,Treatments,48,1413
P475961,Crème de La Mer Duet,La Mer,Skincare,Value & Gift Sets,43,425
P476009,Radiant Reveal Clean Brightening Vitamin C Serum,ROSE INC,Skincare,Treatments,32,1414
P476010,Skin Resolution Clean Exfoliating Acid Toner,ROSE INC,Skincare,Cleansers,33,1415
P476028,Heavenly Sixteen All-In-One Face Oil,Summer Fridays,Skincare,Moisturizers,19,1416
P476414,5 Stars Retinol + Niacinamide Eye Serum,Sunday Riley,Skincare,Eye Care,39,1417
P476415,Acne+ 2% BHA + Azelaic Acid + Niacinamide + AHA Cleanser,Skinfix,Skincare,Cleansers,25,1418
P476428,Brightening Dark Spot Vitamin C Serum,Hyper Skin,Skincare,Treatments,36,1419
P476432,Capture Totale Super Potent Cleanser,Dior,Skincare,Cleansers,40,1420
P476447,Debloat+ Anti-Bloat Supplement with Digestive Enzymes,The Nue Co.,Skincare,Wellness,20,1421
P476459,Forest Lungs Anti-Stress Fragrance Travel Spray,The Nue Co.,Skincare,Wellness,10,1422
P476485,Hydra Vizor Invisible Moisturizer Broad Spectrum SPF 30 Sunscreen with Niacinamide Refill,Fenty Skin,Skincare,Moisturizers,40,1114
P476496,Instant Reset Brightening Overnight Recovery Gel-Cream with Niacinamide Refill,Fenty Skin,Skincare,Moisturizers,48,1115
P476513,Mini Abeille Royale Advanced Youth Watery Oil,GUERLAIN,Skincare,Mini Size,36,1369
P476515,Mini Brightening Dark Spot Vitamin C Serum,Hyper Skin,Skincare,Mini Size,36,1419
P476538,Prebiotic + Probiotic Vegan Gut Microbiome Supplement,The Nue Co.,Skincare,Wellness,6,1423
P476540,Pro Glow Spray Tan Kit,Isle of Paradise,Skincare,Value & Gift Sets,28,496
P476553,Skin Filter Vitamin A and Zinc Blemish + Brightening Supplement,The Nue Co.,Skincare,Wellness,9,1424
P476554,Skin Hydrator Ceramide and Hyaluronic Acid Supplement,The Nue Co.,Skincare,Wellness,11,1425
P476570,Triple Active Retinol Gentle Overnight Renewal Cream,Dr. Brandt Skincare,Skincare,Moisturizers,43,1426
P476571,Turbo Body Lotion Energizing Gel Moisturizer with Eucalyptus & Aloe,Jack Black,Skincare,Moisturizers,21,1427
P476674,Electro-Lite Enzyme Brightening Gel Cleanser,FaceGym,Skincare,Cleansers,32,1428
P476675,Hydro-Bound Hyaluronic Acid + Niacinamide Serum,FaceGym,Skincare,Treatments,16,1429
P476676,Youth Reformer Firming Vitamin C Oil Serum,FaceGym,Skincare,Treatments,22,1430
P476677,Supreme Restructure Collagen-Boosting Cermide Cream,FaceGym,Skincare,Moisturizers,52,1431
P476678,Face Coach Lifting Squalane Face Oil,FaceGym,Skincare,Moisturizers,18,1432
P476681,Hyaluronic Acid Roller Dissolving Microneedling Tool,FaceGym,Skincare,High Tech Tools,15,1433
P476683,Full Face Sculpt Kit - 14-Day Challenge,FaceGym,Skincare,High Tech Tools,92,1434
P476686,Equilibrium Restorative Hydrating Cream,Hourglass,Skincare,Moisturizers,23,1435
P476726,Evercalm Gentle Cleansing Gel,REN Clean Skincare,Skincare,Cleansers,16,1436
P476729,Mini First Care Activating Serum,Sulwhasoo,Skincare,Mini Size,55,1437
P476730,Mini Gentle Cleansing Oil Makeup Remover,Sulwhasoo,Skincare,Mini Size,27,826
P476731,Mini Gentle Cleansing Foam Hydrating Makeup Remover,Sulwhasoo,Skincare,Mini Size,32,825
P476733,Mineral Mattescreen Sunscreen SPF 40 PA+++,Supergoop!,Skincare,Sunscreen,18,1438
P476736,Superkind Fragrance-Free Bio-Barrier Serum,Tata Harper,Skincare,Treatments,50,1439
P476843,Cryo-Recovery Depuffing Eye Serum,Charlotte Tilbury,Skincare,Eye Care,56,1440
P476860,APHRODISIA Intimate Arousal Cannabis Oil,Flora + Bast,Skincare,Wellness,6,1441
P476876,Berry Bright Firming Vitamin C Eye Cream,KORA Organics,Skincare,Eye Care,36,1442
P476893,NUDESKIN Citrus-C Mask & Daily Moisturizer,NUDESTIX,Skincare,Moisturizers,37,1443
P476894,NUDESKIN Lemon-Aid Detox & Glow Micro-Peel,NUDESTIX,Skincare,Treatments,21,1444
P477150,Super Anti-Aging Eye Cream,Dr. Barbara Sturm,Skincare,Eye Care,45,1445
P477157,Clearly Clean Makeup Removing Cleansing Balm,Farmacy,Skincare,Cleansers,26,1446
P477202,Ting Energy + Metabolism Non-Stim Supplement With Ginseng,Moon Juice,Skincare,Wellness,14,1447
P477413,GREEN MACHINE insta-glo resurfacing acid mask,iNNBEAUTY PROJECT,Skincare,Masks,57,1448
P477492,Triple Vitamin C Brightening Bounce Cream Moisturizer,alpyn beauty,Skincare,Moisturizers,52,1449
P477706,35% Vitamin C Fusion Serum,SOBEL SKIN Rx,Skincare,Treatments,27,1450
P477761,Lovely Lashes Contour Sleep Mask,Slip,Skincare,Wellness,2,1451
P477812,Refillable Jumbo Magic Cream Moisturizer with Hyaluronic Acid,Charlotte Tilbury,Skincare,Moisturizers,50,537
P477830,Superberry Dream Cleansing Balm,Youth To The People,Skincare,Cleansers,35,1452
P477961,Get That Glow - GloPRO Facial Microneedling Discovery Set,BeautyBio,Skincare,Value & Gift Sets,37,1453
P477985,A-Gloei Retinol Oil,Drunk Elephant,Skincare,Moisturizers,6,1454
P478020,Lemon-Aid Makeup-Removing Cleansing Gel,Naturally Serious,Skincare,Cleansers,33,1455
P478021,Sleepover Retin-Oil Nighttime Treatment,Naturally Serious,Skincare,Treatments,31,1456
P478029,Mini Fulvic Acid Brightening Cleanser,The INKEY List,Skincare,Cleansers,19,1164
P478030,Mini Oat Cleansing Balm,The INKEY List,Skincare,Cleansers,19,890
P478239,Vinopure Purifying Clay Mask,Caudalie,Skincare,Masks,23,1457
P478260,Break from the Burnout Skin Wellness Set,Erno Laszlo,Skincare,Value & Gift Sets,103,1458
P478270,Big Break Soap Set,Erno Laszlo,Skincare,Value & Gift Sets,46,1459
P478274,GOOPGENES Clean Nourishing Lip Balm Trio,goop,Skincare,Value & Gift Sets,16,1460
P478731,Lactic Acid AHA Exfoliating Serum,Shani Darden Skin Care,Skincare,Treatments,39,1461
P479125,Mini Cloud Dew Oil-Free Gel Cream,Summer Fridays,Skincare,Moisturizers,52,1091
P479304,Squalane + Copper Peptide Rapid Plumping Serum,Biossance,Skincare,Treatments,32,1462
P479313,Advanced Retinol + Ferulic Intense Wrinkle Cream,Dr. Dennis Gross Skincare,Skincare,Moisturizers,64,1463
P479318,10% Niacinamide Night Mask,Farmacy,Skincare,Masks,37,1464
P479319,Pre-Show Glow Instant Retexturizing 10% AHA Treatment + Reusable Applicator,Fenty Skin,Skincare,Treatments,25,1465
P479327,Plum Plump Hyaluronic Acid Moisturizer,Glow Recipe,Skincare,Moisturizers,64,1466
P479329,Ultra Facial Overnight Hydrating Face Mask with 10.5% Squalane,Kiehl's Since 1851,Skincare,Masks,17,1467
P479330,Water Sleeping Mask with Squalane,LANEIGE,Skincare,Masks,33,1468
P479339,Strength Trainer Peptide Boost Moisturizer,OLEHENRIKSEN,Skincare,Moisturizers,72,1469
P479340,Retinol Face Stick,Peace Out,Skincare,Treatments,26,1470
P479348,Acne+ 2% BHA and Azelaic Acid Acne Spot Treatment,Skinfix,Skincare,Treatments,28,1471
P479351,Daily Dose Hydra-Ceramide Boost + SPF 40 Sunscreen Oil PA+++,Supergoop!,Skincare,Moisturizers,30,1472
P479352,The Texture Tonic AHA Liquid Exfoliating Treatment,Tatcha,Skincare,Treatments,40,1473
P479353,Hyaluronic Acid Cleanser,The INKEY List,Skincare,Cleansers,19,1474
P479354,Omega Water Cream Moisturizer,The INKEY List,Skincare,Moisturizers,17,1475
P479362,Triple Peptide Hydrating + Firming Oasis Serum with Hyaluronic Acid,Youth To The People,Skincare,Treatments,45,1476
P479632,Pore Remedy PHA Exfoliating Serum,Dr. Jart+,Skincare,Treatments,18,1477
P479633,Pore Remedy Purifying Mud Mask,Dr. Jart+,Skincare,Masks,29,1478
P479645,Targeted Wrinkle Corrector,Murad,Skincare,Treatments,27,1479
P479646,Mini City Skin Age Defense Broad Spectrum SPF 50 PA++++,Murad,Skincare,Sunscreen,44,338
P479688,AHA Peeling Masks,SEPHORA COLLECTION,Skincare,Masks,22,1480
P479692,Awaken Peptide Depuffing Eye Gel,Dermalogica,Skincare,Eye Care,34,1481
P479696,Brighten Trial Kit,Murad,Skincare,Value & Gift Sets,120,1482
P479701,EradiKate Acne Mark Fading Gel with Salicylic Acid,Kate Somerville,Skincare,Treatments,45,1483
P479703,EradiKate Clarifying Acne Gel Cleanser with Salicylic Acid,Kate Somerville,Skincare,Treatments,44,1484
P479705,Even Smoother Glycolic Retinol Resurfacing Peel Pads,Peter Thomas Roth,Skincare,Treatments,18,1485
P479706,Even Smoother Glycolic Retinol Resurfacing Serum,Peter Thomas Roth,Skincare,Treatments,47,1486
P479722,Mandelic Acid Treatment,The INKEY List,Skincare,Treatments,29,1487
P479732,Salicylic Acid 2% Anhydrous Solution Pore Clearing Serum,The Ordinary,Skincare,Treatments,9,1488
P479734,Smart Clinical Repair Wrinkle Correcting Eye Cream,CLINIQUE,Skincare,Eye Care,70,1489
P479839,Revitalizing Supreme+ Youth Power Creme Moisturizer,Estée Lauder,Skincare,Moisturizers,57,1490
P479840,Hydrating Eye Cream with Hyaluronic Acid,First Aid Beauty,Skincare,Eye Care,32,1491
P479841,Floral Recovery Overnight Mask with Squalane,fresh,Skincare,Masks,30,1492
P479860,Mini Barrier+ Triple Lipid-Peptide Face Cream,Skinfix,Skincare,Moisturizers,46,676
P479861,The Bright Set,The Ordinary,Skincare,Value & Gift Sets,75,1493
P479903,Mini Phoenix Rosehip Anti-Aging Face Oil - For Dry Skin,Herbivore,Skincare,Moisturizers,9,208
P479904,Mini Lapis Blue Tansy Face Oil - For Oily & Acne-Prone Skin,Herbivore,Skincare,Moisturizers,8,207
P479946,Self Tanning Face & Body Tinted Gel,Clarins,Skincare,Self Tanners,20,1494
P479947,Self Tanning Face & Body Milky Lotion,Clarins,Skincare,Self Tanners,27,1495
P479971,Rénergie H.C.F. Triple Serum: For Plumping & Anti-Aging,Lancôme,Skincare,Treatments,53,1496
P479973,"Mini Facial Spray with Aloe Adaptogens, and Coconut Water",Mario Badescu,Skincare,Moisturizers,21,1372
P479974,Brightening Eye Serum,Mario Badescu,Skincare,Eye Care,31,1497
P480150,Liquid Gold Midnight Reboot Serum with 14% Glycolic Acid and Tripeptide-5,Alpha-H,Skincare,Treatments,29,1498
P480160,Premier Cru Anti Aging Cream Moisturizer with Hyaluronic Acid,Caudalie,Skincare,Moisturizers,34,1499
P480162,Cica Recover & Repair Multi-Use Balm,Dior,Skincare,Moisturizers,26,1500
P480165,Healthy Skin Starter Kit,Farmacy,Skincare,Value & Gift Sets,115,1501
P480166,Mini Hydra Vizor Invisible Moisturizer Broad Spectrum SPF 30 Sunscreen with Niacinamide,Fenty Skin,Skincare,Moisturizers,40,1114
P480174,Waves of Clarity Skincare Set,Herbivore,Skincare,Value & Gift Sets,50,1502
P480176,Mini Calendula Deep Clean Foaming Face Wash,Kiehl's Since 1851,Skincare,Cleansers,18,374
P480177,Super Multi-Corrective Anti-Aging Eye Cream,Kiehl's Since 1851,Skincare,Eye Care,40,1503
P480191,Contour Restore Tightening & Sculpting Moisturizing Face Cream,StriVectin,Skincare,Moisturizers,57,1504
P480192,Light Aura Vitamin C + Peptide Eye Cream,Summer Fridays,Skincare,Eye Care,56,1505
P480274,GENIUS Liquid Skin Resurfacing 2% BHA Toner,Algenist,Skincare,Cleansers,28,1506
P480278,Rapid Radiance Set,Biossance,Skincare,Value & Gift Sets,48,1507
P480279,Radiantly Rose Duo Set,Biossance,Skincare,Value & Gift Sets,25,1508
P480280,Mini Squalane + Omega Repair Deep Hydration Moisturizer,Biossance,Skincare,Moisturizers,26,548
P480284,Premier Cru Anti-Aging Serum with Niacinamide and Hyaluronic Acid,Caudalie,Skincare,Treatments,27,1509
P480285,Premier Cru Dark Circle Correcting Eye Cream,Caudalie,Skincare,Eye Care,36,1510
P480289,Mini Acne Solutions Cleansing Foam,CLINIQUE,Skincare,Cleansers,27,28
P480300,Faceshot Electric Microneedling Device + Vitamin Ampoules,FaceGym,Skincare,Value & Gift Sets,5,1511
P480301,Mini Deep Sweep 2% BHA Pore Cleaning Toner with Moringa + Papaya,Farmacy,Skincare,Cleansers,22,1002
P480346,SuperFruit Gentle Brightening Cleanser,ROSE Ingleton MD,Skincare,Cleansers,21,1512
P480354,Glow Facial Set,Tata Harper,Skincare,Value & Gift Sets,40,1513
P480355,The Essence Skincare Boosting Treatment – Lunar New Year Edition,Tatcha,Skincare,Moisturizers,8,1514
P480358,Mini Debloat+ Anti-Bloat Supplement with Digestive Enzymes,The Nue Co.,Skincare,Wellness,20,1421
P480441,Retinol + Bakuchiol Serum 2.5x,Dr. Lara Devgan Scientific Beauty,Skincare,Treatments,13,1515
P480444,Honey Potion Plus Ceramide Hydration Mask,Farmacy,Skincare,Masks,21,1516
P480445,Smooth + FAB Travel Size Duo,First Aid Beauty,Skincare,Value & Gift Sets,42,1517
P480447,10 + 10 Moisturizer with 10% Vitamin C + 10% Peptide Complex + Ceramides,iNNBEAUTY PROJECT,Skincare,Moisturizers,37,1518
P480461,Retinol Youth Renewal Eye Masks,Murad,Skincare,Eye Care,33,1519
P480603,2-in-1 Cleansing Oil + Makeup Remover,First Aid Beauty,Skincare,Cleansers,17,1520
P480604,FAB Faves Trio,First Aid Beauty,Skincare,Value & Gift Sets,54,1521
P480606,goopglow Cloudberry Exfoliating Jelly Cleanser,goop,Skincare,Cleansers,33,1522
P480607,Skin in the Clouds Set,Herbivore,Skincare,Value & Gift Sets,44,1523
P480608,Equilibrium Instant Plumping Eye Mask,Hourglass,Skincare,Eye Care,13,1524
P480610,Hello Results Baby-Smooth Glycolic Peel + Caring Oil,IT Cosmetics,Skincare,Treatments,31,1525
P480612,Santorini Grape Poreless Skin Cream,KORRES,Skincare,Moisturizers,39,1526
P480613,The Treatment Lotion,La Mer,Skincare,Moisturizers,70,1527
P480628,10% Niacinamide Booster,Paula's Choice,Skincare,Treatments,25,1528
P480629,Dark Spots Serum,Peace Out,Skincare,Treatments,30,1529
P480630,Mini Jet Lag Mask,Summer Fridays,Skincare,Masks,33,485
P480986,Firming Eye Cream with Peptides,SEPHORA COLLECTION,Skincare,Eye Care,26,1530
P481058,Mini Melt Moisturizer with Bakuchiol and Squalane,alpyn beauty,Skincare,Moisturizers,45,884
P481060,The Eyelighter Concentrate,BeautyBio,Skincare,Eye Care,27,1531
P481062,"Clean Skin, Fresh Start Acne Solutions Kit",CLINIQUE,Skincare,Value & Gift Sets,47,1532
P481077,Capture Totale Intensive Essence Lotion,Dior,Skincare,Moisturizers,36,1533
P481081,Revitalizing Supreme+ Night Intensive Restorative Crème,Estée Lauder,Skincare,Moisturizers,73,1534
P481082,Revitalizing Supreme+ Youth Power Eye Balm,Estée Lauder,Skincare,Eye Care,65,120
P481084,Mini Revitalizing Supreme+ Youth Power Creme Moisturizer,Estée Lauder,Skincare,Moisturizers,57,1490
P481086,Liftwear Brightening Vitamin C Gel-Cream,FaceGym,Skincare,Moisturizers,43,1535
P481096,Nova 15% Vitamin C + Turmeric Brightening Serum,Herbivore,Skincare,Treatments,33,1536
P481138,FIX  Line Smoothing Device,NuFACE,Skincare,High Tech Tools,35,1537
P481142,PRO Strength Vitamin A/C/E Retinoid Treatment,Peter Thomas Roth,Skincare,Treatments,38,1538
P481145,Hydration Replenish Microencapsulated Plumping Gel Moisturizer,ROSE INC,Skincare,Moisturizers,33,1539
P481161,Ultimune Power Infusing Anti-Aging Serum,Shiseido,Skincare,Treatments,43,1540
P481162,Essential Energy Hydrating Cream,Shiseido,Skincare,Moisturizers,52,1541
P481164,Essential Energy Hydrating Day Cream Broad Spectrum SPF 20,Shiseido,Skincare,Moisturizers,55,1542
P481169,The Silk Sunscreen Mineral Broad Spectrum SPF 50 PA++++ with Hyaluronic Acid and Niacinamide,Tatcha,Skincare,Sunscreen,47,1543
P481334,Moon Fruit Retinol Alternative Sleep Mask,Herbivore,Skincare,Masks,57,1544
P481335,Brightening Saffron Serum - Radiant Rani,RANAVAT,Skincare,Treatments,22,1545
P481336,Resurfacing Saffron AHA Masque - Radiant Rani,RANAVAT,Skincare,Masks,12,1546
P481339,Alpha Beta Daily Essentials - Extra Strength,Dr. Dennis Gross Skincare,Skincare,Treatments,109,1547
P481340,Alpha Beta AHA/BHA Daily Cleansing Gel,Dr. Dennis Gross Skincare,Skincare,Cleansers,40,1548
P481341,Alpha Beta Daily Moisturizer,Dr. Dennis Gross Skincare,Skincare,Moisturizers,64,1549
P481342,Cleansing & Hydrating Bestseller Set Bento Box,DAMDAM,Skincare,Value & Gift Sets,48,1550
P481347,Clear Skin Kit Acne Treatment Kit,Paula's Choice,Skincare,Value & Gift Sets,65,1551
P481348,Clinical 0.3% Retinol + 2% Bakuchiol Treatment,Paula's Choice,Skincare,Treatments,54,1552
P481350,Complexion Clarity Kit,Paula's Choice,Skincare,Value & Gift Sets,67,1553
P481354,Renewing Bakuchi Crème - Eternal Reign,RANAVAT,Skincare,Moisturizers,17,1554
P481363,Smoothing Facial Polish - Imperial Glow,RANAVAT,Skincare,Cleansers,33,1555
P481366,Isle Glow Face Moisturizer SPF 45 with Sea Moss and Niacinamide,CAY SKIN,Skincare,Sunscreen,52,1556
P481367,Isle Lip Balm SPF 30 with Sea Moss and Aloe Stem Cells,CAY SKIN,Skincare,Lip Balms & Treatments,19,1557
P481371,Balancing Crème Cleanser - Luminous Ceremony,RANAVAT,Skincare,Cleansers,16,1558
P481376,Mini Alpha Beta AHA/BHA Daily Cleansing Gel,Dr. Dennis Gross Skincare,Skincare,Cleansers,40,1548
P481390,Omega+ Complex Moisturizer,Paula's Choice,Skincare,Moisturizers,54,1559
P481397,Revitalizing Supreme+ Bright Soft Creme Moisturizer,Estée Lauder,Skincare,Moisturizers,60,1560
P481401,Hydrating Jasmine Mist - Royal Refresh,RANAVAT,Skincare,Moisturizers,1,1561
P481668,Clarifying Do-Over Peel,CLINIQUE,Skincare,Treatments,20,1562
P481697,Circular Hydration Serum with Hyaluronic Acid,Dermalogica,Skincare,Treatments,70,1563
P481699,Cicapair Tiger Grass Calming Serum Mask,Dr. Jart+,Skincare,Masks,29,1564
P481700,Cicapair Redness Rescue Kit,Dr. Jart+,Skincare,Value & Gift Sets,126,1565
P481701,Cloud Cushion Plush Moisturizer with Ceramides + Peptides,EADEM,Skincare,Moisturizers,41,1566
P481703,Black Tea Corset Cream Firming Moisturizer,fresh,Skincare,Moisturizers,49,1567
P481704,Umbrian Clay Pore Purifying Face Mask,fresh,Skincare,Masks,49,1567
P481710,Fade and Glow AHA Mask,Hyper Skin,Skincare,Masks,37,1568
P481712,Party Recharge Cryo Me Crazy Under-eye Masks,INC.redible,Skincare,Eye Care,24,1569
P481732,Radiance Vitamin C Glow Serum,REN Clean Skincare,Skincare,Treatments,34,1570
P481739,Barrier+ Skin Barrier Niacinamide Restoring Gel Cream,Skinfix,Skincare,Moisturizers,25,1571
P481742,Advanced Retinol Daily Repair Face Moisturizer Broad Spectrum SPF 30,StriVectin,Skincare,Moisturizers,58,1572
P481743,Peptight Tightening Neck Serum Roller,StriVectin,Skincare,High Tech Tools,56,1573
P481748,Bright Start Vitamin C Antioxidant Brightening Moisturizer,TULA Skincare,Skincare,Moisturizers,63,1574
P481817,"Beauty Elixir Prep, Set, Glow Face Mist",Caudalie,Skincare,Moisturizers,22,1575
P481825,Hydro UV Defense Sunscreen Broad Spectrum SPF 50+,LANEIGE,Skincare,Sunscreen,58,1576
P481828,Nudescreen Daily Mineral Veil SPF 30,NUDESTIX,Skincare,Moisturizers,25,1577
P481830,Self-Tan Luxe Whipped Crème Mousse,St. Tropez,Skincare,Self Tanners,42,1578
P481831,Tan Tonic Glow Drops,St. Tropez,Skincare,Self Tanners,28,1579
P481832,Gradual Tan Watermelon Daily Firming Lotion,St. Tropez,Skincare,Self Tanners,37,1580
P481833,Concentrated Ginseng Renewing Cream,Sulwhasoo,Skincare,Moisturizers,95,1581
P481834,Concentrated Ginseng Renewing Cream Classic,Sulwhasoo,Skincare,Moisturizers,55,1582
P481837,The Crème Gradual Self-Tanning Face Moisturizer,TAN-LUXE,Skincare,Self Tanners,47,1583
P481970,Hydra Life Fresh Sorbet Crème Moisturizer,Dior,Skincare,Moisturizers,27,1584
P481971,Hydra Life Intense Sorbet Crème Moisturizer,Dior,Skincare,Moisturizers,31,1585
P481972,La Mousse OFF/ON Foaming Face Cleanser,Dior,Skincare,Cleansers,26,1586
P481973,The Better B Niacinamide Serum,Dr. Barbara Sturm,Skincare,Treatments,24,1587
P481975,Alpha Beta Daily Essentials - Universal,Dr. Dennis Gross Skincare,Skincare,Value & Gift Sets,106,1588
P481989,Watermelon Glow Niacinamide Sunscreen SPF 50,Glow Recipe,Skincare,Sunscreen,46,1589
P481993,Abeille Royale Intense Repair Youth Oil in Balm,GUERLAIN,Skincare,Masks,40,1590
P482005,Fan Club - multi-symptom menopause support,HUM Nutrition,Skincare,Wellness,4,1591
P482006,Dewy Glow Moisturizer with Cherry Blossom & Niacinamide,innisfree,Skincare,Moisturizers,15,1592
P482007,Dewy Glow Jam Cleanser with Jeju Cherry Blossom,innisfree,Skincare,Cleansers,20,1593
P482008,Self-Tanning Oil Mist,Isle of Paradise,Skincare,Self Tanners,38,1594
P482021,Ultra Facial Hydrating Concentrated Cleansing Bar,Kiehl's Since 1851,Skincare,Cleansers,14,1595
P482024,Mini The Treatment Lotion,La Mer,Skincare,Moisturizers,70,1527
P482025,Absolue Rich Cream Moisturizer,Lancôme,Skincare,Moisturizers,52,1596
P482058,Dr. Andrew Weil for Origins Mega-Mushroom Weightless Hydrating Moisturizer,Origins,Skincare,Moisturizers,57,1597
P482061,Max Clear Invisible Priming Sunscreen Broad Spectrum SPF 45,Peter Thomas Roth,Skincare,Sunscreen,25,1598
P482068,Sacred Sleep Overnight Repair with Retinol,Saint Jane Beauty,Skincare,Treatments,33,1599
P482074,Dream Oasis Deep Hydration Serum,Summer Fridays,Skincare,Treatments,44,1600
P482256,Classic Face Organic Sunscreen Lotion SPF 30,COOLA,Skincare,Sunscreen,30,1601
P482258,Mineral Face Sunscreen Sheer Matte SPF 30,COOLA,Skincare,Sunscreen,42,1602
P482259,Dew Good Illuminating Serum SPF 30,COOLA,Skincare,Sunscreen,27,1603
P482260,Rice Drops Face Oil Hydrating Serum,DAMDAM,Skincare,Moisturizers,10,1604
P482264,Cookies N Clean Whipped Clay Pore Detox Face Mask with Salicylic Acid + Charcoal,Fenty Skin,Skincare,Masks,25,1605
P482269,Get Even Sun Milk SPF 33,Josie Maran,Skincare,Sunscreen,49,1606
P482298,Dr. Andrew Weil for Origins Mega-Mushroom Relief & Resilience Soothing Treatment Lotion,Origins,Skincare,Moisturizers,39,1607
P482318,Gradual Tan Tinted Daily Firming Lotion,St. Tropez,Skincare,Self Tanners,41,1608
P482320,Mini Glowscreen Sunscreen SPF 40 PA+++ with Hyaluronic Acid + Niacinamide,Supergoop!,Skincare,Sunscreen,41,931
P482321,Mini Mineral Sheerscreen Sunscreen SPF 30 PA+++,Supergoop!,Skincare,Sunscreen,28,1225
P482322,Mini Mineral Mattescreen Sunscreen SPF 40 PA+++,Supergoop!,Skincare,Sunscreen,18,1438
P482323,(Re) Setting Refreshing Mist SPF 40,Supergoop!,Skincare,Sunscreen,23,1609
P482325,Every. Single. Face. Watery Lotion SPF 50,Supergoop!,Skincare,Sunscreen,35,1610
P482327,Mini Squalane Cleanser,The Ordinary,Skincare,Cleansers,20,722
P482328,Mini Natural Moisturizing Factors + HA,The Ordinary,Skincare,Treatments,46,439
P482329,Retinal + Niacinamide Youth Serum,Youth To The People,Skincare,Treatments,46,1611
P482510,The Ultimate Soothing Cream,Augustinus Bader,Skincare,Moisturizers,38,1612
P482529,Micro Essence Treatment Lotion with Bio-Ferment,Estée Lauder,Skincare,Moisturizers,26,1613
P482535,Strawberry Smooth BHA + AHA Salicylic Acid Serum,Glow Recipe,Skincare,Treatments,36,1614
P482540,Correct & Protect Broad Spectrum SPF 45| PA++++,Murad,Skincare,Sunscreen,49,1615
P482551,C.E.O. Afterglow Brightening Vitamin C Moisturizer,Sunday Riley,Skincare,Moisturizers,33,1616
P482552,The Clarifying Clay Mask Exfoliating Pore Treatment,Tatcha,Skincare,Masks,41,1617
P482661,The Essence,Augustinus Bader,Skincare,Treatments,31,1618
P482675,Active Blast Concentrated Collagen Daily Treatment,FaceGym,Skincare,Treatments,23,1619
P482676,10% Waterless Vitamin C Serum,Farmacy,Skincare,Treatments,12,1620
P482681,Bye Bye Makeup 3-in-1 Makeup Melting Cleansing Balm,IT Cosmetics,Skincare,Cleansers,18,1621
P482692,Water Bank Blue Hyaluronic Serum,LANEIGE,Skincare,Treatments,30,1622
P482693,Water Bank Blue Hyaluronic Cream Moisturizer,LANEIGE,Skincare,Moisturizers,39,1623
P482694,Mini Water Bank Blue Hyaluronic Cream Moisturizer,LANEIGE,Skincare,Moisturizers,39,1623
P482695,Water Bank Blue Hyaluronic Gel Moisturizer,LANEIGE,Skincare,Moisturizers,24,1624
P482696,Water Bank Blue Hyaluronic Eye Cream,LANEIGE,Skincare,Eye Care,53,1625
P482697,Water Bank Blue Hyaluronic Revitalizing Toner,LANEIGE,Skincare,Cleansers,22,1626
P482698,Water Bank Blue Hyaluronic Exfoliating Toner,LANEIGE,Skincare,Cleansers,21,1627
P482739,Urban Environment Oil-Free Sunscreen Broad-Spectrum SPF 42,Shiseido,Skincare,Sunscreen,47,1628
P482740,Mini Urban Environment Oil-Free Sunscreen Broad-Spectrum SPF 42,Shiseido,Skincare,Sunscreen,47,1628
P482741,Urban Environment Oil-Free Mineral Sunscreen Broad-Spectrum SPF 42,Shiseido,Skincare,Sunscreen,48,1629
P482742,Urban Environment Fresh-Moisture Sunscreen Broad-Spectrum SPF 42,Shiseido,Skincare,Sunscreen,43,1630
P482746,PLAY 100% Mineral Lotion SPF 30 with Green Algae,Supergoop!,Skincare,Sunscreen,36,1631
P482747,PLAY Mineral Mist SPF 30 with Marigold Extract,Supergoop!,Skincare,Sunscreen,20,1632
P482753,Protect + Glow Daily Sunscreen Gel Broad Spectrum SPF 30,TULA Skincare,Skincare,Sunscreen,41,1633
P482754,Mineral Magic Oil-Free Mineral Sunscreen Fluid Broad Spectrum SPF 30,TULA Skincare,Skincare,Sunscreen,74,1634
P482755,Claydate Detoxifying & Toning Face Mask Stick,TULA Skincare,Skincare,Masks,38,1635
P482757,Mini The Cult Classic Purifying Face Cleanser,TULA Skincare,Skincare,Cleansers,49,1386
P483057,COOLA Organic Liplux Classic Sunscreen Lip Oil SPF 30,COOLA,Skincare,Lip Balms & Treatments,16,1636
P483058,GOOPGLOW Flower Acids Resurfacing Toner,goop,Skincare,Cleansers,20,1637
P483060,Lip Comfort Hydrating Oil,Clarins,Skincare,Lip Balms & Treatments,15,1638
P483075,Brightening Dual Facial Enzyme Exfoliator,SEPHORA COLLECTION,Skincare,Cleansers,13,1639
P483076,C.E.O. Afterglow Brightening Vitamin C Moisturizer,Sunday Riley,Skincare,Moisturizers,33,1616
P483078,COOLA Scalp & Hair Mist Organic Sunscreen SPF 30,COOLA,Skincare,Sunscreen,19,1640
P483086,Essential Comfort Balancing Emulsion,Sulwhasoo,Skincare,Moisturizers,55,1641
P483089,Eye Want It All Face + Eye Microneedling Set,BeautyBio,Skincare,Value & Gift Sets,42,1642
P483090,Firming Day Moisturizer with Peptides,SEPHORA COLLECTION,Skincare,Moisturizers,26,1643
P483092,Glow Peel Pads with AHA + PHA,SEPHORA COLLECTION,Skincare,Treatments,16,1644
P483127,Retinol Remix 1% Retinol Treatment With Peptide & Tranexamic Acid,iNNBEAUTY PROJECT,Skincare,Treatments,54,1645
P483128,Scar Gel Treatment,Dr. Zenovia Skincare,Skincare,Treatments,20,1646
P483136,Targeted Anti-Aging Bakuchiol Serum,SEPHORA COLLECTION,Skincare,Treatments,17,1647
P483137,Targeted Dark Spots Serum with Enzymes,SEPHORA COLLECTION,Skincare,Treatments,16,1648
P483138,Targeted Pores Serum with BHA + PHA,SEPHORA COLLECTION,Skincare,Treatments,22,1126
P483141,The Quench Eye Reviving Quadralipid Eye Balm,BeautyBio,Skincare,Eye Care,42,1642
P483145,Ultra Glow Mask with Vitamins C + E,SEPHORA COLLECTION,Skincare,Masks,19,1649
P483146,Ultra Glow Toner with Vitamins C + E,SEPHORA COLLECTION,Skincare,Moisturizers,19,1650
P483151,Vitamin Eye Masks,SEPHORA COLLECTION,Skincare,Eye Care,20,1651
P483453,Shave Starter Set,Hanni,Skincare,Value & Gift Sets,18,1652
P483457,Shave Pillow Moisturizing Body Gel,Hanni,Skincare,Moisturizers,18,1652
P483495,Wake Up With Me Morning Routine Kit,Sunday Riley,Skincare,Value & Gift Sets,210,1653
P483496,Salicylic Acid 2% Exfoliating Blemish Solution,The Ordinary,Skincare,Treatments,11,1654
P483643,Willow & Sweet Agave Plumping Lip Mask,alpyn beauty,Skincare,Lip Balms & Treatments,34,1655
P483658,Mineral Sunscreen Zinc Oxide Broad Spectrum SPF 30,First Aid Beauty,Skincare,Sunscreen,18,1656
P483661,Moon Fruit 1% Bakuchiol + Peptides Retinol Alternative Serum,Herbivore,Skincare,Treatments,40,1657
P483664,Midnight  Recovery Omega-Rich Cloud Cream,Kiehl's Since 1851,Skincare,Moisturizers,36,1658
P483679,Truth Barrier Booster Orange Ferment Vitamin C Essence,OLEHENRIKSEN,Skincare,Moisturizers,42,1659
P483691,Gradual Tan Classic Daily Youth Boosting Cream,St. Tropez,Skincare,Self Tanners,44,1660
P483692,Essential Comfort Firming Cream,Sulwhasoo,Skincare,Moisturizers,52,1661
P483693,Essential Comfort Moisture Cream,Sulwhasoo,Skincare,Moisturizers,50,1662
P483694,Essential Comfort Balancing Water,Sulwhasoo,Skincare,Moisturizers,38,1663
P483696,Gentle Micellar Antioxidant Cleanser,The Outset,Skincare,Cleansers,37,1664
P483697,Firming Vegan Collagen Prep Serum,The Outset,Skincare,Treatments,37,1664
P483698,Nourishing Squalane Daily Moisturizer,The Outset,Skincare,Moisturizers,45,1665
P483699,Restorative Niacinamide Night Cream,The Outset,Skincare,Moisturizers,50,1666
P483700,Smoothing Vitamin C Eye + Expression Lines Cream,The Outset,Skincare,Eye Care,36,1667
P483701,Daily Essentials Travel Set,The Outset,Skincare,Value & Gift Sets,87,1668
P483708,Mini Essential Comfort Firming Cream,Sulwhasoo,Skincare,Moisturizers,52,1661
P484033,Mini Squalane + Vitamin C Rose Firming Oil,Biossance,Skincare,Moisturizers,7,312
P484055,Water Bank Blue Hyaluronic Hydration Set,LANEIGE,Skincare,Value & Gift Sets,82,1669
P484067,Evercalm Barrier Support Face Oil,REN Clean Skincare,Skincare,Moisturizers,10,1670
P484076,Ultimate Sun Protector SPF 50+ Sunscreen Duo,Shiseido,Skincare,Value & Gift Sets,45,1671
P484080,Mini Faded Serum for Dark Spots & Discoloration,Topicals,Skincare,Treatments,37,1237
P484081,Eye Recharge + Replenish Pro-Ferm Overnight Eye Cream with Bakuchiol and Peptides,TULA Skincare,Skincare,Eye Care,55,1672
P500002,Brighten. Tighten. Hydrate. 3-Piece Set,JLo Beauty,Skincare,Value & Gift Sets,82,1673
P500012,Rose Hydration Pore-Minimizing Mist,fresh,Skincare,Moisturizers,16,1674
P500016,Deep Exfoliating Cleanser,Caudalie,Skincare,Cleansers,24,1675
P500019,The True Cream - Aqua Bomb Sunscreen Broad Spectrum SPF 50,belif,Skincare,Sunscreen,41,1676
P500039,The Neck Serum - With 5 Peptides | 9% Peptide Blend,Nécessaire,Skincare,Moisturizers,33,1677
P500055,Active Algae Lightweight Moisturizer,KORA Organics,Skincare,Moisturizers,37,1678
P500060,Play! Mineral SPF Stick,Supergoop!,Skincare,Sunscreen,18,1679
P500094,Hydrating Oil-Free Gel Moisturizer,Community Sixty-Six,Skincare,Moisturizers,38,1680
P500096,Oil Control Moisturizer with Niacinamide,Community Sixty-Six,Skincare,Moisturizers,50,1681
P500098,Makeup Melting Balm Cleanser,Community Sixty-Six,Skincare,Cleansers,52,1682
P500101,Hydro Ungrip Makeup Remover + Cleansing Water,MILK MAKEUP,Skincare,Cleansers,20,1683
P500102,Hydro Ungrip Makeup Removing Cleansing Balm,MILK MAKEUP,Skincare,Cleansers,24,1684
P500106,Everyday Mineral Moisturizer SPF 30 Sunscreen,Community Sixty-Six,Skincare,Moisturizers,47,1685
P500109,Hydrating Caffeine Eye Cream,Community Sixty-Six,Skincare,Eye Care,50,1686
P500111,Womb Service - OBGYN Formulated Prenatal Support Supplement,HUM Nutrition,Skincare,Wellness,27,1687
P500112,N°41 Facial Sunscreen Mist with SPF 41,HABIT,Skincare,Sunscreen,16,1688
P500113,Detoxifying AHA/BHA Gel Cleanser,Community Sixty-Six,Skincare,Cleansers,25,1689
P500114,Retinol Resurfacing Night Moisturizer,Community Sixty-Six,Skincare,Moisturizers,50,1686
P500116,Hydrating Cream Cleanser with Hyaluronic Acid,Community Sixty-Six,Skincare,Cleansers,49,1690
P500117,N°38 Facial Sunscreen Mist with SPF 38,HABIT,Skincare,Sunscreen,13,1691
P500120,Nourishing Rich Moisturizer with Hyaluronic Acid,Community Sixty-Six,Skincare,Moisturizers,49,1692
P500121,SOS Intensive Redness Relief Serum,Tower 28 Beauty,Skincare,Treatments,5,1693
P500124,EradiKate Try-Me-Kit,Kate Somerville,Skincare,Value & Gift Sets,57,1694
P500138,Polypeptide-121 Future Cream with Peptides and Ceramides,Youth To The People,Skincare,Moisturizers,59,1695
P500139,The Skinimalist Set,The Ordinary,Skincare,Value & Gift Sets,34,1696
P500151,Drop of Strength All Day Strengthening Serum,Dr. Brandt Skincare,Skincare,Treatments,21,1697
P500155,ExfoliKate All Over Glow Kit,Kate Somerville,Skincare,Value & Gift Sets,62,1698
P500160,Mineral Sun Defense Moisturizer Broad Spectrum SPF 30,Naturally Serious,Skincare,Sunscreen,34,1699
P500238,Mini Collagen Superfusion Firming & Plumping Facial Oil,Charlotte Tilbury,Skincare,Mini Size,24,1700
P500240,Daily Milkfoliant Exfoliator,Dermalogica,Skincare,Cleansers,64,1701
P500244,FIRMx Collagen Face & Eye Hydra-Gel Patches,Peter Thomas Roth,Skincare,Eye Care,44,1702
P500245,C Beyond Triple Serum SPF 40 Mineral Sunscreen with Vitamin C 10% + Niacinamide,ILIA,Skincare,Sunscreen,32,1703
P500248,Collagen Superfusion Firming & Plumping Facial Oil,Charlotte Tilbury,Skincare,Moisturizers,24,1700
P500256,Mineral Sunscreen SPF 30,Mario Badescu,Skincare,Sunscreen,31,1704
P500287,Isle Body Oil SPF 30 with Sea Moss and Squalane,CAY SKIN,Skincare,Sunscreen,43,1705
P500288,1% Vitamin A Retinol Serum,Farmacy,Skincare,Treatments,44,1706
P500307,Cherry Treat Conditioning + Strengthening Lip Oil,Fenty Skin,Skincare,Lip Balms & Treatments,20,1707
P500318,That Overnight Hustle AHA + BHA Resurfacer,JLo Beauty,Skincare,Treatments,36,1708
P500329,Plump + Juicy Lip Booster Buttery Treatment,Kosas,Skincare,Lip Balms & Treatments,29,1709
P500399,Isle Glow Body Lotion SPF 45 with Sea Moss and Cocoa Seed Butter,CAY SKIN,Skincare,Sunscreen,42,1710
P500420,The Light Cream,Augustinus Bader,Skincare,Moisturizers,40,1711
P500428,Lift & Contour 1% Bakuchiol & Peptide Eye Serum,Wishful,Skincare,Eye Care,20,1712
P500445,Prep Set Tan Tanning Mist with Hyaluronic Acid,Iconic London,Skincare,Self Tanners,33,1713
P500464,NuBODY - Body Toning Device,NuFACE,Skincare,High Tech Tools,25,455
P500471,Brume de Beauté Beauty Mist,Gucci,Skincare,Moisturizers,26,1714
P500482,The Clean Dream Team Set,Tata Harper,Skincare,Value & Gift Sets,90,1715
P500502,SuperFruit Exfoliating Tonic 8% AHA Solution,ROSE Ingleton MD,Skincare,Cleansers,22,1716
P500613,Banana Bright+ Vitamin C Eye Crème,OLEHENRIKSEN,Skincare,Eye Care,60,1717
P500614,Gentle Brightening Gel Cleanser with Mandelic Acid,Hyper Skin,Skincare,Cleansers,11,1718
P500618,Turmeric Glow Foaming Cleanser,KORA Organics,Skincare,Cleansers,38,1719
P500626,Melting Cleansing Balm Cleanse + Balance,SEPHORA COLLECTION,Skincare,Cleansers,23,1720
P500633,Tea Elixir Niacinamide & Hyaluronic Acid Anti-Aging Serum,fresh,Skincare,Treatments,36,1721
P500687,Keep It Clean Hydrating Gel Cleanser with Ceramides & 10 Amino Acids,iNNBEAUTY PROJECT,Skincare,Cleansers,47,1722
P500696,Eye Revival Brightening Eye Cream,ROSE INC,Skincare,Eye Care,34,1723
P500701,Advanced Night Repair Eye Gel-Cream,Estée Lauder,Skincare,Eye Care,54,1724
P500705,Skin Changer Succinic Acid Essence-Toner,FaceGym,Skincare,Cleansers,30,1725
P500716,10 Day Results Kit,Algenist,Skincare,Value & Gift Sets,115,1726
P500718,Smart Clinical Repair Wrinkle Correcting Cream,CLINIQUE,Skincare,Moisturizers,44,1727
P500729,Best Sellers Set,SEPHORA COLLECTION,Skincare,Value & Gift Sets,56,1728
P500743,Vitamin Face Masks,SEPHORA COLLECTION,Skincare,Masks,20,1729
P500744,Clean Lip Balm & Scrub,SEPHORA COLLECTION,Skincare,Lip Balms & Treatments,18,1730
P500746,Hydrating Serum with Hyaluronic Acid,First Aid Beauty,Skincare,Treatments,21,1731
P500753,Daily Glow Toner with Niacinamide,Charlotte Tilbury,Skincare,Cleansers,32,1732
P500756,10% Vitamin C Brightening Serum,First Aid Beauty,Skincare,Treatments,19,1733
P500757,Microneedling Anti-Wrinkle Retinol Patches,Peace Out,Skincare,Treatments,21,1734
P500763,Lip Sleeping Mask,SEPHORA COLLECTION,Skincare,Lip Balms & Treatments,13,1735
P500771,Smart Clinical Repair Wrinkle Correcting Rich Cream,CLINIQUE,Skincare,Moisturizers,50,1736
P500774,Clarifying Toner with Niacinamide and Zinc,SEPHORA COLLECTION,Skincare,Cleansers,11,1737
P500775,Back to Basics: Hydration Heroes Skincare Set,The INKEY List,Skincare,Value & Gift Sets,52,1738
P500777,Sugar Lip Balm Hydrating Treatment,fresh,Skincare,Lip Balms & Treatments,28,1739
P500778,N°39 Facial Sunscreen Mist with SPF 39,HABIT,Skincare,Sunscreen,20,1740
P500782,100% Mineral SPF Starter Kit,Supergoop!,Skincare,Value & Gift Sets,53,1741
P500785,Vitamin C Skincare Set,SEPHORA COLLECTION,Skincare,Value & Gift Sets,44,1742
P500856,Retinol Anti-Aging Power Duo,Peace Out,Skincare,Value & Gift Sets,51,1743
P500857,Deep Relief Acne Treatment with Salicylic Acid,Murad,Skincare,Treatments,36,1744
P500880,Classic Face Organic Sunscreen Lotion SPF 50,COOLA,Skincare,Sunscreen,33,1745
P500894,Fat Water Hydrating Milky Toner Essence with Hyaluronic Acid + Tamarind,Fenty Skin,Skincare,Moisturizers,43,1746
P500982,Water Bank Cleansing Foam,LANEIGE,Skincare,Cleansers,42,1747
P500983,"Anytime, Anyface Lactic Acid Serum + Protini Moisturizer Duo",Drunk Elephant,Skincare,Value & Gift Sets,85,1748
P500988,Moon Dew 1% Bakuchiol + Peptides Retinol Alternative Eye Cream,Herbivore,Skincare,Eye Care,49,1749
P500993,"The Sunscreen - 100% Mineral, Broad Spectrum SPF 30 with 20% Non-Nano Zinc, Hyaluronic Acid and Niacinamide",Nécessaire,Skincare,Sunscreen,35,1750
P500998,Soothe + Hydrate Barrier Building Hydrosol Mist,Flora + Bast,Skincare,Moisturizers,4,1751
P501003,Clarifying Water Gel Moisturizer with Hyaluronic Acid,Murad,Skincare,Moisturizers,65,1752
P501004,Youthful Active Roller with Niacinamide,FaceGym,Skincare,High Tech Tools,14,1753
P501005,Premium BB Tinted Moisturizer with Niacinamide and SPF 40,Dr. Jart+,Skincare,Moisturizers,37,1754
P501024,Hydrating Active Roller with Hyaluronic Acid,FaceGym,Skincare,High Tech Tools,16,1755
P501028,Ceramighty  AF Eye Cream with Ceramides,Drunk Elephant,Skincare,Eye Care,43,1756
P501029,Retinol Fast-Release Wrinkle Reducing Night Serum,Kiehl's Since 1851,Skincare,Treatments,29,1757
P501030,Radian-C Brightening Treatment Essence,LANEIGE,Skincare,Moisturizers,18,1758
P501031,Pore Remedy 5% Multi-Acid Radiance Peel,Dr. Jart+,Skincare,Treatments,53,1759
P501153,Major Eye Impact Repair + Brighten Skincare Set,Estée Lauder,Skincare,Value & Gift Sets,77,1760
P501157,Vitamin C Lactic Firm & Bright Eye Treatment,Dr. Dennis Gross Skincare,Skincare,Eye Care,49,1761
P501165,SHIKULIME Mega Hydrating Moisturizer,WASO,Skincare,Moisturizers,45,1762
P501166,Vitamin C Lactic Oil-Free Radiant Moisturizer,Dr. Dennis Gross Skincare,Skincare,Moisturizers,70,1763
P501169,Vitamin C Lactic 15% Firm & Bright Serum,Dr. Dennis Gross Skincare,Skincare,Treatments,16,1764
P501170,SHIKULIME Color Control Oil-Free Moisturizer SPF 30,WASO,Skincare,Moisturizers,35,1765
P501171,YUZU-C Beauty Sleeping Mask,WASO,Skincare,Masks,40,1766
P501175,White Ginseng Radiance Refining Mask,Sulwhasoo,Skincare,Masks,34,1767
P501176,Soft Clean Infusion Hydrating Treatment Lotion,Estée Lauder,Skincare,Moisturizers,57,1768
P501178,YUZU-C Glow-On Shot Serum,WASO,Skincare,Treatments,38,1769
P501185,Luxury Lip Shine – Longwear Hydration Lip Oil with Vitamin C,Saint Jane Beauty,Skincare,Lip Balms & Treatments,9,1770
P501187,SHIKULIME Gel-to-Oil Cleanser,WASO,Skincare,Cleansers,28,1771
P501188,SATOCANE Pore Purifying Scrub Mask,WASO,Skincare,Masks,25,1772
P501189,KOSHIRICE Acne Calming Spot Treatment,WASO,Skincare,Treatments,23,1773
P501190,Vitamin C Lactic Dewy Deep Cream,Dr. Dennis Gross Skincare,Skincare,Moisturizers,64,1774
P501199,YUZU-C Eye Awakening Essence,WASO,Skincare,Eye Care,34,1775
P501213,Squalane + Retinol Night Serum,Biossance,Skincare,Treatments,23,1776
P501236,Abeille Royale Anti-Aging Double R Advanced Serum,GUERLAIN,Skincare,Treatments,57,1777
P501243,GOOPGLOW Exfoliating Dark Spot Sleep Serum,goop,Skincare,Treatments,40,1778
P501254,Watermelon Glow AHA Night Treatment,Glow Recipe,Skincare,Treatments,40,1779
P501264,The Hydrating Treatment Lotion & Crème Set,La Mer,Skincare,Value & Gift Sets,82,1780
P501282,C5 Super Boost Vitamin C Moisturizer,Paula's Choice,Skincare,Moisturizers,47,1781
P501288,C5 Super Boost Vitamin C Eye Cream,Paula's Choice,Skincare,Eye Care,41,1782
P501316,Beauty Sleep Overnight Repair Treatment Cream with AHA's and Vitamin C,TULA Skincare,Skincare,Moisturizers,76,1783
P501321,Luxury Sun Ritual Pore Smoothing Sunscreen SPF 30,Saint Jane Beauty,Skincare,Sunscreen,20,1784
P501323,Overnight Recovery Duo,Tatcha,Skincare,Value & Gift Sets,61,1785
P501421,Dew Dream- Hydrating Makeup Removing Cleansing Balm with Tiger Grass,EADEM,Skincare,Cleansers,36,1786
P501474,The Youth Vault: 13-Piece Vegan Skincare + Apparel Set,Youth To The People,Skincare,Value & Gift Sets,242,1787
P501518,Calming Herbal Repair Overnight Recovery Balm for Skin Barrier Support,Mount Lai,Skincare,Treatments,24,1788
P501550,Acne-Clear Essentials 4-Piece Acne Kit,Peter Thomas Roth,Skincare,Value & Gift Sets,86,1789
P501566,Super Restorative Anti-Aging Day Moisturizer,Clarins,Skincare,Moisturizers,45,1790
P501581,Cocoa Cleans'r Soothing All-Over Cleansing Bar,Fenty Skin,Skincare,Cleansers,22,1791
P501585,Super Restorative Anti-Aging Night Moisturizer,Clarins,Skincare,Moisturizers,45,1790
P501587,Deepwater Nourishing Lip Mask with Sea Moss and Aloe Stem Cells,CAY SKIN,Skincare,Lip Balms & Treatments,31,1792
P501591,The Littles Skincare Travel Set,Drunk Elephant,Skincare,Value & Gift Sets,140,1793
P501760,Guava Vitamin C Bright-Eye Gel Cream,Glow Recipe,Skincare,Eye Care,48,1794
P501781,Instant Pore Perfector,Peace Out,Skincare,Treatments,38,1795
P501790,Pillowgasm Vitamin-Rich Cherry Glow Sleep Mask,Wishful,Skincare,Masks,23,1796
P501886,The Glow Around 4-Piece Travel Skincare Essentials Set,Fenty Skin,Skincare,Value & Gift Sets,86,1797
P502046,GinZing Energizing Gel Cream with Caffeine & Niacinamide,Origins,Skincare,Moisturizers,43,1798
P502047,Evercalm Skin Zen Trio,REN Clean Skincare,Skincare,Value & Gift Sets,62,1799
P502169,Barrier+ Besties Hydrating and Nourishing Kit,Skinfix,Skincare,Value & Gift Sets,75,1800
P502186,Retinol Try Me Kit,Kate Somerville,Skincare,Value & Gift Sets,93,1801
P502192,Acne Away Kit + Salicylic Acid + Azelaic Acid + Niacinamide,Skinfix,Skincare,Value & Gift Sets,36,1802
P502195,DelIKate Try Me Kit,Kate Somerville,Skincare,Value & Gift Sets,91,1803
P502197,HydraKate Recharging Water Cream Moisturizer,Kate Somerville,Skincare,Moisturizers,32,1804
P502200,HydraKate Recharging Serum with Hyaluronic Acid,Kate Somerville,Skincare,Treatments,34,1805
P502235,The Daily Essential Duo The Cream,Augustinus Bader,Skincare,Value & Gift Sets,52,1239
P502237,Head-To-Toe AfterGLO Set,BeautyBio,Skincare,Value & Gift Sets,43,1806
P502322,The Healthy Skin Edit Bestsellers Kit,iNNBEAUTY PROJECT,Skincare,Value & Gift Sets,131,1807
P502326,Dynamic Skin Recovery SPF50 Moisturizer,Dermalogica,Skincare,Sunscreen,57,1808
P502365,Clarifying Cleanse + Hydrate Duo,Tatcha,Skincare,Value & Gift Sets,46,1809
P502395,Concentrated Ginseng Renewing Serum,Sulwhasoo,Skincare,Treatments,55,1810
P502448,Concentrated Ginseng Renewing Eye Cream,Sulwhasoo,Skincare,Eye Care,55,1811
P502479,Kombucha + 10% AHA Liquid Exfoliant with Lactic Acid and Glycolic Acid,Youth To The People,Skincare,Cleansers,19,1812
P502640,Microdermabrasion Renewing Age-Defying Face Exfoliator,Dr. Brandt Skincare,Skincare,Cleansers,24,1813
P502656,Secret Sauce Moisturizer,IT Cosmetics,Skincare,Moisturizers,37,1814
P502691,SuperSolutions 1% Retinol Serum,The INKEY List,Skincare,Treatments,24,1815
P502709,Mini Mist Collection,Mario Badescu,Skincare,Value & Gift Sets,70,1816
P502710,SuperSolutions 20% Niacinamide Serum,The INKEY List,Skincare,Treatments,14,1817
P502725,Multi-Masker 4-Piece Mask Kit,Peter Thomas Roth,Skincare,Value & Gift Sets,60,1818
P502740,Masking Minis 5-Piece Mask Kit,Peter Thomas Roth,Skincare,Value & Gift Sets,99,1819
P502741,SuperSolutions 10% Azelaic Serum Redness Relief Solution,The INKEY List,Skincare,Treatments,16,1820
P502745,Plump + Juicy Vegan Collagen + Probiotic Spray-On Serum,Kosas,Skincare,Moisturizers,27,1821
P502749,SuperSolutions 5% Benzoyl Peroxide Cleanser Acne Solution,The INKEY List,Skincare,Cleansers,16,1822
P502756,SuperSolutions 10% Urea Moisturizer Textured Skin Solution,The INKEY List,Skincare,Moisturizers,16,1823
P502758,Super-C Dark Circle Brightening Eye Serum,StriVectin,Skincare,Eye Care,45,1824
P502761,Advanced Génifique Night Cream with Triple Ceramide Complex,Lancôme,Skincare,Moisturizers,46,1825
P502771,Hydrate & Glow Trio,Wishful,Skincare,Value & Gift Sets,100,1826
P502823,Absolue The Serum,Lancôme,Skincare,Treatments,41,1827
P502842,Wishing You Essentials Skincare Kit,SEPHORA COLLECTION,Skincare,Value & Gift Sets,61,1828
P502852,NuFACE Mini+ Petite Facial Toning Device,NuFACE,Skincare,High Tech Tools,44,1829
P502966,Great Skin Instant Glow Serum with Niacinamide and Hyaluronic Acid,MERIT,Skincare,Treatments,20,1830
P502977,Youth Stacks: Daily Skin Health Your Way for Pores and Oiliness,Youth To The People,Skincare,Value & Gift Sets,58,1831
P502978,Youth Stacks: Brighter Tomorrow Duo for Dullness,Youth To The People,Skincare,Value & Gift Sets,59,1832
P502997,Salicylic Acid Acne Treatment Serum,Peace Out,Skincare,Treatments,28,1833
P502998,"Youth Stacks: Plump It Up for Dry, Dehydrated Skin",Youth To The People,Skincare,Value & Gift Sets,69,1834
P503052,Mini Flatter Me Digestive Enzyme Supplement,HUM Nutrition,Skincare,Wellness,23,185
P503123,Smooth Like Butter Kit,Josie Maran,Skincare,Value & Gift Sets,57,1835
P503191,Mini Indigo Overnight Repair Serum in Cream Treatment,Tatcha,Skincare,Moisturizers,37,1350
P503197,Juneberry & Collagen Hydrating Cold Cream Cleanser,alpyn beauty,Skincare,Cleansers,36,1836
P503216,Hyper Even Daily Duo Kit for Hyperpigmentation,Hyper Skin,Skincare,Value & Gift Sets,60,1837
P503226,Sugar Triple-Action Lip Serum Advanced Therapy,fresh,Skincare,Lip Balms & Treatments,44,1838
P503250,Watch Ya Tone 5% Niacinamide Dark Spot Serum with Vitamin C,Fenty Skin,Skincare,Treatments,26,1839
P503262,Peel and Plump Skin-Smoothing Duo,alpyn beauty,Skincare,Value & Gift Sets,89,1840
P503294,Day Dream Vitamin C + Hydration Serum Duo 2.0,Drunk Elephant,Skincare,Value & Gift Sets,52,1841
P503552,GLOfacial Clarifying Salicylic & Plumping Hyaluronic Acid Concentrate,BeautyBio,Skincare,Treatments,18,1842
P503562,GLOfacial Hydro-Infusion Pore Cleansing + Blue LED Clarifying Tool,BeautyBio,Skincare,Value & Gift Sets,18,1842
P503572,Let's Get Luminous Brightening Essentials Set,OLEHENRIKSEN,Skincare,Value & Gift Sets,81,1843
P503634,Avocado Ceramide Moisture Barrier Cleanser,Glow Recipe,Skincare,Cleansers,48,1844
P503635,Pack Up & Glow Priming Mineral SPF 40,Wander Beauty,Skincare,Sunscreen,53,1845
P503642,Squalane + Vitamin C Rose Brightening Moisturizer,Biossance,Skincare,Moisturizers,25,1846
P503651,Dewtopia 5% AHA Firming Night Crème,OLEHENRIKSEN,Skincare,Moisturizers,57,1847
P503652,24-7 Moisture Intense Ultra Hydrating Day & Night Cream with Hyaluronic Acid + Squalane,TULA Skincare,Skincare,Moisturizers,61,1848
P503655,Mini Grape Water Moisturizing Face Mist,Caudalie,Skincare,Moisturizers,3,2
P503657,Premier Cru Skin Barrier Rich Moisturizer with Bio-Ceramides,Caudalie,Skincare,Moisturizers,36,1849
P503668,Barrier+ Triple Lipid + Collagen + Niacinamide Activating Serum,Skinfix,Skincare,Treatments,55,1850
P503683,Acne Salicylic Acid Day & Night Duo,Peace Out,Skincare,Value & Gift Sets,4,358
P503690,Water Drench Hyaluronic Cloud Rich Barrier Moisturizer,Peter Thomas Roth,Skincare,Moisturizers,32,1851
P503692,Plush Puddin’ Intensive Recovery Lip Mask With Pomegranate Sterols + Vitamin E,Fenty Skin,Skincare,Lip Balms & Treatments,23,1852
P503693,Bouncy Brightfacial Brightening Mask with 10% Azelaic Acid + 1% Salicylic Acid,Drunk Elephant,Skincare,Treatments,52,1853
P503721,Salicylic Acid Acne Day Dots,Peace Out,Skincare,Treatments,4,358
P503726,B3 Nice 10% Niacinamide Serum,Sunday Riley,Skincare,Treatments,49,1854
P503747,Take The Day Off Charcoal Cleansing Balm Makeup Remover,CLINIQUE,Skincare,Cleansers,12,1855
P503809,Bounce-Boosting Serum with Collagen + Peptides,First Aid Beauty,Skincare,Treatments,47,1856
P503814,Dynamic Skin Retinol Serum,Dermalogica,Skincare,Treatments,43,1857
P503820,Daily Brightness Boosters Kit,Dermalogica,Skincare,Value & Gift Sets,96,1858
P503827,Midnight Ritual Retinol Renewal Serum,Summer Fridays,Skincare,Treatments,38,1859
P503865,Bright & Tight Dark Circle Firming Eye Cream with Vitamin C & Peptides,iNNBEAUTY PROJECT,Skincare,Eye Care,68,1860
P503867,Retinol Firming Cream Treatment with Peptides + Hyaluronic Acid,LANEIGE,Skincare,Treatments,54,1861
P503868,BTS |  Amorepacific Lip Sleeping Mask Lip & Pop Edition Set,LANEIGE,Skincare,Value & Gift Sets,63,1862
P503872,Mini Mandelic Acid + Superfood Unity Exfoliant,Youth To The People,Skincare,Cleansers,32,321
P503876,OLE Glow Icons Skincare Set,OLEHENRIKSEN,Skincare,Value & Gift Sets,108,1863
P503877,Superkind Refining Cleanser,Tata Harper,Skincare,Cleansers,36,1864
P503878,Pout Preserve Peptide Lip Treatment,OLEHENRIKSEN,Skincare,Lip Balms & Treatments,40,1865
P503879,Wake Up Honey Eye Cream with Brightening Vitamin C,Farmacy,Skincare,Eye Care,38,1866
P503890,Green Tea Hyaluronic Acid Hydrating Toner,innisfree,Skincare,Cleansers,31,1867
P503891,Green Tea Hyaluronic Acid Hydrating Moisturizer,innisfree,Skincare,Moisturizers,49,1868
P503892,Instant Hydration Set,Biossance,Skincare,Value & Gift Sets,58,1869
P503894,Green Tea Hyaluronic Acid Hydrating Eye Cream,innisfree,Skincare,Eye Care,48,1870
P503901,Hydration Heroes Green Tea Skincare Routine Set,innisfree,Skincare,Value & Gift Sets,97,1871
P503912,Firm + Bright + Glow Vitamin C Lactic Set,Dr. Dennis Gross Skincare,Skincare,Value & Gift Sets,106,1872
P503913,Ultra Facial Advanced Repair Barrier Cream,Kiehl's Since 1851,Skincare,Moisturizers,38,1873
P503915,Mini Floral Recovery Overnight Mask with Squalane,fresh,Skincare,Masks,30,1492
P503920,Triple Acid Signature Peel,Shani Darden Skin Care,Skincare,Treatments,40,1874
P503923,Super Nova 5% THD Vitamin C + Caffeine Brightening Eye Cream,Herbivore,Skincare,Eye Care,41,1875
P503926,The Face Cream Mask,Augustinus Bader,Skincare,Masks,34,1876
P503927,Vitamin C Lactic Biocellulose Brightening Treatment Mask,Dr. Dennis Gross Skincare,Skincare,Masks,20,1877
P503928,Green Tea Hyaluronic Acid Face Cleanser,innisfree,Skincare,Cleansers,32,1878
P503930,Green Tea Hyaluronic Acid Hydrating Eye Serum,innisfree,Skincare,Eye Care,39,1879
P503933,The Night Time Edit- Jenna Rennert X OLEHENRIKSEN,OLEHENRIKSEN,Skincare,Value & Gift Sets,88,1880
P503934,Besties Set,LANEIGE,Skincare,Value & Gift Sets,121,1881
P503935,Volcanic Pore Clearing Facial Cleanser with AHA + BHA,innisfree,Skincare,Cleansers,34,1882
P503936,Black Tea Anti-Aging Moisturizer with Retinol-Alternative BT Matrix,fresh,Skincare,Moisturizers,27,1883
P503942,Green Tea Hydrating Cleansing Oil,innisfree,Skincare,Cleansers,27,1884
P503944,Mini Acid Potion AHA + BHA Resurfacing Exfoliator,Moon Juice,Skincare,Treatments,20,562
P503991,Algae + Moringa Universal Hydrating Face Oil,MARA,Skincare,Moisturizers,17,1885
P503992,Chia + Moringa Algae Enzyme Cleansing Oil,MARA,Skincare,Cleansers,23,1886
P503997,"Cleanse + Treat Duo Nighttime Routine for Clean, Smooth Skin",Farmacy,Skincare,Value & Gift Sets,54,1887
P503999,Capture Totale Le Sérum Anti-Aging Serum,Dior,Skincare,Treatments,43,1888
P504001,Ceramidin Skin Barrier Serum Toner,Dr. Jart+,Skincare,Cleansers,35,1889
P504007,Ceramidin Skin Barrier Moisturizing Cream,Dr. Jart+,Skincare,Moisturizers,43,1890
P504016,Mini Evening Primrose + Green Tea Algae Retinol Face Oil,MARA,Skincare,Moisturizers,22,1891
P504018,The Skin Renewal System,Augustinus Bader,Skincare,Value & Gift Sets,58,1892
P504023,Algae + Zinc Sea Kale Mineral Sunscreen Sérum SPF 30,MARA,Skincare,Treatments,14,1893
P504026,Mini Algae + Moringa Universal Face Oil,MARA,Skincare,Moisturizers,17,1885
P504028,Multi-Peptide Eye Serum,The Ordinary,Skincare,Eye Care,34,1894
P504031,Evening Primrose + Green Tea Algae Retinol Face Oil,MARA,Skincare,Moisturizers,22,1895
P504040,Spirulina + Ashwagandha Volcanic Sea Clay Detox Masque,MARA,Skincare,Masks,29,1896
P504042,Ceramidin Skin Barrier Moisturizing Mask,Dr. Jart+,Skincare,Masks,28,1897
P504043,Hydrabarrier Nourishing Face Oil,OLEHENRIKSEN,Skincare,Moisturizers,26,1898
P504044,Pro-Retinol Megamoisture Face Cream,Josie Maran,Skincare,Moisturizers,57,1899
P504045,Daily Dose Bioretinol + Mineral SPF 40 with Bakuchiol,Supergoop!,Skincare,Treatments,28,1900
P504049,Skin Filter Daily Brightening Phyto-Retinol + AHA Serum,The Nue Co.,Skincare,Treatments,28,1901
P504050,Advanced Retinol Nightly Multi Correct Serum,StriVectin,Skincare,Treatments,62,1902
P504053,Capture Dreamskin 1-Minute Mask,Dior,Skincare,Masks,37,1903
P504056,"Perfect Canvas Smooth, Prep & Plump Essence",REN Clean Skincare,Skincare,Moisturizers,18,1904
P504059,Chlorella + Reishi Sea Vitamin C Sérum,MARA,Skincare,Treatments,32,1905
P504064,Ceramidin Cream-Infused Mask,Dr. Jart+,Skincare,Masks,34,1906
P504071,Bright Start Retinol Alternative Brightening Eye Cream,ILIA,Skincare,Eye Care,35,1907
P504073,Ultralight Moisture-Boosting Botanical Oil,The Outset,Skincare,Moisturizers,23,1908
P504076,Exfoliating Revitalizing & Energizing Caffeine Micro Polish,The Outset,Skincare,Cleansers,17,1909
P504125,Strawberry BHA Pore-Smooth Blur Drops,Glow Recipe,Skincare,Treatments,31,1910
P504134,Sea Silk Lip Balm,MARA,Skincare,Lip Balms & Treatments,28,1911
P504171,Fruit Babies Bestsellers Kit,Glow Recipe,Skincare,Value & Gift Sets,147,1912
P504199,Plankton + PHAFlower Acid Algae Serum,MARA,Skincare,Treatments,34,1913
P504203,Clarifying Cleanse + Hydrate Duo,Tatcha,Skincare,Value & Gift Sets,47,1809
P504208,Midnight to Morning Hydration Set,LANEIGE,Skincare,Value & Gift Sets,76,1914
P504212,Berries n' Choco Kisses Set,LANEIGE,Skincare,Value & Gift Sets,53,1915
P504218,Dewy Cleanse + Hydrate Duo,Tatcha,Skincare,Value & Gift Sets,60,1916
P504221,Trinity+ Starter Kit,NuFACE,Skincare,High Tech Tools,46,1917
P504240,Mini Instant Reset Brightening Overnight Recovery Gel-Cream With Niacinamide + Kalahari Melon Oil,Fenty Skin,Skincare,Moisturizers,48,1115
P504272,Hydrating Skincare Gift Set,fresh,Skincare,Value & Gift Sets,73,1918
P504277,Face Stone Nourishing Solid Refillable Facial Oil with Tamanu + Blue Tansy,Kate McLeod,Skincare,Moisturizers,9,1919
P504283,Mini Solar Power Luminous SPF 30 Serum,ROSE INC,Skincare,Sunscreen,30,1920
P504288,Get Lit Skin and Mood Boosting Supplement,caliray,Skincare,Wellness,15,1921
P504289,Prep & Treat Lip Care Gift Set,fresh,Skincare,Value & Gift Sets,54,1922
P504303,Strengthening Nighttime Ritual Set,Tatcha,Skincare,Value & Gift Sets,69,1923
P504309,Solar Power Luminous SPF 30 Brightening Serum,ROSE INC,Skincare,Treatments,30,1920
P504313,Peptides + C Energy Eye Concentrate with Vitamin C and Caffeine,Youth To The People,Skincare,Eye Care,51,1924
P504315,Mini Skin Resolution Clarifying Acid Toner,ROSE INC,Skincare,Cleansers,33,1415
P504320,SPF Bestsellers Kit,Supergoop!,Skincare,Value & Gift Sets,87,1925
P504322,Gentle Hydra-Gel Face Cleanser,NUDESTIX,Skincare,Cleansers,22,1926
P504325,Glowy Skin Prep Besties Set,Glow Recipe,Skincare,Value & Gift Sets,65,1927
P504327,Mini Favorites Set,Tatcha,Skincare,Value & Gift Sets,83,1928
P504411,Microdermabrasion Smoothing Lip Scrub,Dr. Brandt Skincare,Skincare,Lip Balms & Treatments,10,1929
P504417,Acne Treatment Gel,SEPHORA COLLECTION,Skincare,Treatments,16,1930
P504421,Overnight Hydrating Mask,SEPHORA COLLECTION,Skincare,Masks,18,1931
P504424,Clarifying Peel Pads Purify + Exfoliate,SEPHORA COLLECTION,Skincare,Treatments,13,1932
P504429,Hydrating Serum,SEPHORA COLLECTION,Skincare,Treatments,16,1933
P504433,Pro Collagen Multi-Peptide Booster,Paula's Choice,Skincare,Treatments,31,1934
P504441,Prebiotic Smoothie Mask,SEPHORA COLLECTION,Skincare,Masks,29,1935
P504443,Plump Pout Duo,Algenist,Skincare,Value & Gift Sets,37,506
P504446,Restoring Moonseed Treatment - L’Immortale Empress,RANAVAT,Skincare,Moisturizers,11,1936
P504447,Gradual Tanning Drops Face & Body,SEPHORA COLLECTION,Skincare,Self Tanners,10,1937
P504452,Mini Must Haves Skincare Set,Bobbi Brown,Skincare,Mini Size,83,1938
P504464,Mask and Moisturize Duo Skincare Gift Set,Kiehl's Since 1851,Skincare,Value & Gift Sets,48,1939
P504506,The Silk Serum Wrinkle-Smoothing Retinol Alternative,Tatcha,Skincare,Treatments,46,1940
P504509,Hydra Lip Masque Mineral SPF 15 with Peptides,Soleil Toujours,Skincare,Lip Balms & Treatments,28,1941
P504515,Daily Defense Moisturizer Mineral SPF 60 with Vitamin C,Soleil Toujours,Skincare,Moisturizers,74,1942
P504517,Brightening Eye Cream Mineral SPF 15 with Peptides,Soleil Toujours,Skincare,Eye Care,41,1943
P504523,Futuredew Facial Oil-Serum Hybrid,Glossier,Skincare,Moisturizers,29,1944
P504524,Milky Jelly Gentle Gel Face Cleanser,Glossier,Skincare,Cleansers,25,1945
P504575,PRO ACV Healthy Gut Vegan Gummies with 100% Organic Apple Cider Vinegar and Probiotics,HUM Nutrition,Skincare,Wellness,11,1946
P504594,The Brightening Essentials Skincare Gift Set,ROSE INC,Skincare,Value & Gift Sets,69,1947
P504595,Mini Rice Wash Skin-Softening Cleanser,Tatcha,Skincare,Mini Size,23,1038
P504615,Mini Deep Cleanse Gentle Exfoliating Cleanser,Tatcha,Skincare,Mini Size,22,449
P504636,Mini Watermelon Glow Niacinamide Dew Drops,Glow Recipe,Skincare,Treatments,23,1088
P504637,Equilibrium Resurfacing Retinoid Treatment,Hourglass,Skincare,Treatments,21,1948
P504639,Banana Bright+ Vitamin CC Eye Sticks,OLEHENRIKSEN,Skincare,Eye Care,28,1949
P504773,Priming Moisturizer Rich Face Cream with Ceramides,Glossier,Skincare,Moisturizers,35,1950
P504774,Super Pure Clarifying Face Serum with Niacinamide + Zinc,Glossier,Skincare,Treatments,13,1951
P504778,Invisible Shield Water-Gel Transparent Sunscreen SPF 35,Glossier,Skincare,Sunscreen,37,1952
P504780,Super Glow Vitamin C Brightening Face Serum,Glossier,Skincare,Treatments,24,1953
P504784,Priming Moisturizer Lightweight Buildable Face Cream,Glossier,Skincare,Moisturizers,28,1954
P504786,Solution Skin-Perfecting Daily Chemical Exfoliator,Glossier,Skincare,Cleansers,25,1955
P504790,Cleanser Concentrate AHA Clarifying and Exfoliating Face Wash,Glossier,Skincare,Cleansers,27,1956
P504794,After Baume Moisture Barrier Recovery Cream,Glossier,Skincare,Moisturizers,25,1957
P504795,Super Bounce Hyaluronic Acid + Vitamin B5 Hydrating Face Serum,Glossier,Skincare,Treatments,16,1958
P504810,Priming Moisturizer Balance Oil-Control Gel-Cream,Glossier,Skincare,Moisturizers,32,1959
P504815,Universal Pro-Retinol Overnight Renewing Treatment,Glossier,Skincare,Treatments,31,1960
P504840,Hydrate + Purify Mini Bestsellers Discovery Skincare Set,innisfree,Skincare,Value & Gift Sets,97,1961
P504848,Resveratrol-Lift Ultimate Firming Set,Caudalie,Skincare,Value & Gift Sets,60,1962
P504849,Plumping Power Duo,Glow Recipe,Skincare,Value & Gift Sets,84,1963
P504850,Premier Cru Fine Lines and Wrinkles Anti-Aging Set,Caudalie,Skincare,Value & Gift Sets,59,1964
P504880,Melt Awf Jelly Oil Makeup-Melting Cleanser,Fenty Skin,Skincare,Cleansers,23,1965
P504881,Vinoperfect  Brightening Solution Set,Caudalie,Skincare,Value & Gift Sets,45,1966
P504882,Bye Bye Bumps - Best of Body Kit,First Aid Beauty,Skincare,Value & Gift Sets,49,1967
P504888,Aqua Bomb Protect & Glow Travel Kit,belif,Skincare,Value & Gift Sets,148,1968
P504892,Refine AHA + BHA Texture & Pore Serum,iNNBEAUTY PROJECT,Skincare,Treatments,59,1969
P504919,Milky Oil Dual-Phase Waterproof Makeup Remover,Glossier,Skincare,Cleansers,11,1970
P504985,Abeille Royale Bestsellers Travel Set,GUERLAIN,Skincare,Value & Gift Sets,77,1971
P504986,Urban Environment Vita-Clear Sunscreen SPF 42,Shiseido,Skincare,Sunscreen,45,1972
P504987,Refreshing Water Sunscreen Stick SPF 50,COOLA,Skincare,Sunscreen,35,1973
P504988,Snow Mushroom Pore Cleanser with Exfoliating Glove,DAMDAM,Skincare,Cleansers,7,1974
P505009,The POREfessional Tight ’n Toned Pore-Refining AHA+PHA Toner,Benefit Cosmetics,Skincare,Cleansers,19,1975
P505020,The POREfessional Good Cleanup Foaming Cleanser,Benefit Cosmetics,Skincare,Cleansers,25,1976
P505023,The POREfessional Deep Retreat Pore-Clearing Clay Mask,Benefit Cosmetics,Skincare,Masks,39,1977
P505024,The POREfessional Get Unblocked Makeup-Removing Cleansing Oil,Benefit Cosmetics,Skincare,Cleansers,15,1978
P505031,The POREfessional Smooth Sip Lightweight Gel-Cream Moisturizer,Benefit Cosmetics,Skincare,Moisturizers,34,1979
P505047,High Performance Face Serum with Vitamin C and Hyaluronic Acid,MACRENE actives,Skincare,Treatments,61,1980
P505049,barrier+ Triple Lipid + Collagen Brightening Eye Treatment,Skinfix,Skincare,Eye Care,64,1981
P505054,The POREfessional Speedy Smooth Mask,Benefit Cosmetics,Skincare,Masks,35,1982
P505120,Early Bird Hydrate + Brighten Set,Drunk Elephant,Skincare,Value & Gift Sets,97,1983
P505131,Moisturizing High Performance Face Cream with Peptides,MACRENE actives,Skincare,Moisturizers,61,1984
P505133,High Performance Face Cleanser for Clear Skin with Niacinamide,MACRENE actives,Skincare,Cleansers,29,1985
P505139,Phyto Nature Oxygen Cream,Dermalogica,Skincare,Moisturizers,54,1986
P505140,Plumping High Performance Lip Filler with Hyaluronic Acid,MACRENE actives,Skincare,Lip Balms & Treatments,29,1987
P505142,High Performance Eye Cream for Dark Circles with Hyaluronic Acid,MACRENE actives,Skincare,Eye Care,47,1988
P505145,ZenBubble Bi-Phase Toner Serum,BeautyBio,Skincare,Cleansers,25,1989
P505158,Max Vitamin D-Fense Sunscreen Serum Broad Spectrum SPF 50,Peter Thomas Roth,Skincare,Sunscreen,27,1990
P505160,The Moisturizing Soft Cream Moisturizer,La Mer,Skincare,Moisturizers,86,1991
P505174,Soft Clean Moisture Rich Foaming Cleanser,Estée Lauder,Skincare,Cleansers,25,1992
P505208,100% Mineral Sunscreen Starter Kit,Supergoop!,Skincare,Value & Gift Sets,53,1741
P505209,Barrier Culture Moisturizer with Niacinamide & Squalane,The Nue Co.,Skincare,Moisturizers,25,1993
P505210,"Barrier Culture Cleanser Pre-, Pro- & Postbiotic Face Wash",The Nue Co.,Skincare,Cleansers,19,1994
P505211,(Glow)Setting 100% Mineral Powder SPF 35,Supergoop!,Skincare,Sunscreen,24,1995
P505233,Honey Infused Lip Oil,Gisou,Skincare,Lip Balms & Treatments,25,1996
P505274,Glucoside Foaming Cleanser,The Ordinary,Skincare,Cleansers,8,1997
P505316,Aquarius BHA + Blue Tansy Clarity Cleanser,Herbivore,Skincare,Cleansers,30,1998
P505338,Pore Perfecting Liquid Exfoliator with 2% BHA + Borage,alpyn beauty,Skincare,Cleansers,41,1999
P505346,First Care Activating Serum 25th Anniversary Limited Edition,Sulwhasoo,Skincare,Treatments,55,1209
P505378,Multi Action Clear Acne Control 30-Day Trial Kit,StriVectin,Skincare,Value & Gift Sets,76,2000
P505381,Multi Action Clear Gentle Daily Brightening & Retexturizing Toner for Acne and Breakouts,StriVectin,Skincare,Cleansers,30,2001
P505392,Multi Action Clear Acne Clearing Treatment Lotion for Breakouts,StriVectin,Skincare,Treatments,39,2002
P505408,GOOPGLOW Vita-C Brightening Eye Cream,goop,Skincare,Eye Care,36,2003
P505452,Clarifique Pro-Solution Brightening & Dark Spot Reducing Serum,Lancôme,Skincare,Treatments,24,2004
P505711,Polyglutamic Acid Dewy Sunscreen SPF 30,The INKEY List,Skincare,Sunscreen,40,2005
P54509,Tonique Confort Re-Hydrating Comforting Toner with Acacia Honey,Lancôme,Skincare,Cleansers,23,575
P6028,Gentle Buffing Cream,Caudalie,Skincare,Cleansers,30,2006
P7365,Pure Skin Clarifying Dietary Supplement,Murad,Skincare,Wellness,41,2007
P7880,Soy Hydrating Gentle Face Cleanser,fresh,Skincare,Cleansers,30,2008
P91627362,GO OFF Makeup Dissolving Mist,ONE/SIZE by Patrick Starrr,Skincare,Cleansers,10,1039
P94421,Vinoperfect Radiance Dark Spot Serum Vitamin C Alternative,Caudalie,Skincare,Treatments,19,2009
P94812,One-Step Gentle Exfoliating Cleanser with Orange Extract,Clarins,Skincare,Cleansers,32,2010
P9939,Essential-C Toner,Murad,Skincare,Cleansers,46,2011
P9940,Essential-C Day Moisture Broad Spectrum SPF 30 PA+++,Murad,Skincare,Moisturizers,45,2012
P9941,Essential-C Cleanser,Murad,Skincare,Cleansers,36,2013
