model,target_item_idx,m,relevant_users,hits,precision,recall,ndcg,target_removed_from_profiles,candidate_users
TF-IDF Reverse,0,100,5,0,0.0,0.0,0.0,True,80889
TF-IDF Reverse,0,500,5,0,0.0,0.0,0.0,True,80889
TF-IDF Reverse,0,1000,5,0,0.0,0.0,0.0,True,80889
User Activity,0,100,5,0,0.0,0.0,0.0,True,80889
User Activity,0,500,5,0,0.0,0.0,0.0,True,80889
User Activity,0,1000,5,0,0.0,0.0,0.0,True,80889
Random Reverse,0,100,5,0,0.0,0.0,0.0,True,80889
Random Reverse,0,500,5,0,0.0,0.0,0.0,True,80889
Random Reverse,0,1000,5,0,0.0,0.0,0.0,True,80889
TF-IDF Reverse,1,100,47,1,0.01,0.02127659574468085,0.013238203032307903,True,80889
TF-IDF Reverse,1,500,47,3,0.006,0.06382978723404255,0.03463567191894065,True,80889
TF-IDF Reverse,1,1000,47,4,0.004,0.0851063829787234,0.04286101621764803,True,80889
User Activity,1,100,47,0,0.0,0.0,0.0,True,80889
User Activity,1,500,47,0,0.0,0.0,0.0,True,80889
User Activity,1,1000,47,0,0.0,0.0,0.0,True,80889
Random Reverse,1,100,47,0,0.0,0.0,0.0,True,80889
Random Reverse,1,500,47,0,0.0,0.0,0.0,True,80889
Random Reverse,1,1000,47,0,0.0,0.0,0.0,True,80889
TF-IDF Reverse,2,100,80,0,0.0,0.0,0.0,True,80889
TF-IDF Reverse,2,500,80,1,0.002,0.0125,0.00712249949288797,True,80889
TF-IDF Reverse,2,1000,80,4,0.004,0.05,0.024618422667318483,True,80889
User Activity,2,100,80,0,0.0,0.0,0.0,True,80889
User Activity,2,500,80,0,0.0,0.0,0.0,True,80889
User Activity,2,1000,80,0,0.0,0.0,0.0,True,80889
Random Reverse,2,100,80,1,0.01,0.0125,0.008579433449076648,True,80889
Random Reverse,2,500,80,1,0.002,0.0125,0.008579433449076648,True,80889
Random Reverse,2,1000,80,1,0.001,0.0125,0.008579433449076648,True,80889
TF-IDF Reverse,4,100,8,0,0.0,0.0,0.0,True,80889
TF-IDF Reverse,4,500,8,0,0.0,0.0,0.0,True,80889
TF-IDF Reverse,4,1000,8,0,0.0,0.0,0.0,True,80889
User Activity,4,100,8,0,0.0,0.0,0.0,True,80889
User Activity,4,500,8,0,0.0,0.0,0.0,True,80889
User Activity,4,1000,8,0,0.0,0.0,0.0,True,80889
Random Reverse,4,100,8,0,0.0,0.0,0.0,True,80889
Random Reverse,4,500,8,1,0.002,0.125,0.028847785744295733,True,80889
Random Reverse,4,1000,8,1,0.001,0.125,0.028847785744295733,True,80889
TF-IDF Reverse,5,100,27,0,0.0,0.0,0.0,True,80889
TF-IDF Reverse,5,500,27,1,0.002,0.037037037037037035,0.01367808392557134,True,80889
TF-IDF Reverse,5,1000,27,2,0.002,0.07407407407407407,0.025971670322404942,True,80889
User Activity,5,100,27,0,0.0,0.0,0.0,True,80889
User Activity,5,500,27,0,0.0,0.0,0.0,True,80889
User Activity,5,1000,27,0,0.0,0.0,0.0,True,80889
Random Reverse,5,100,27,0,0.0,0.0,0.0,True,80889
Random Reverse,5,500,27,0,0.0,0.0,0.0,True,80889
Random Reverse,5,1000,27,1,0.001,0.037037037037037035,0.012983155782600704,True,80889
TF-IDF Reverse,7,100,13,0,0.0,0.0,0.0,True,80889
TF-IDF Reverse,7,500,13,1,0.002,0.07692307692307693,0.022955246943619324,True,80889
TF-IDF Reverse,7,1000,13,3,0.003,0.23076923076923078,0.06206313815854979,True,80889
User Activity,7,100,13,0,0.0,0.0,0.0,True,80889
User Activity,7,500,13,0,0.0,0.0,0.0,True,80889
User Activity,7,1000,13,0,0.0,0.0,0.0,True,80889
Random Reverse,7,100,13,0,0.0,0.0,0.0,True,80889
Random Reverse,7,500,13,0,0.0,0.0,0.0,True,80889
Random Reverse,7,1000,13,0,0.0,0.0,0.0,True,80889
TF-IDF Reverse,9,100,23,0,0.0,0.0,0.0,True,80889
TF-IDF Reverse,9,500,23,1,0.002,0.043478260869565216,0.016626382728612128,True,80889
TF-IDF Reverse,9,1000,23,2,0.002,0.08695652173913043,0.030602706039190405,True,80889
User Activity,9,100,23,0,0.0,0.0,0.0,True,80889
User Activity,9,500,23,0,0.0,0.0,0.0,True,80889
User Activity,9,1000,23,0,0.0,0.0,0.0,True,80889
Random Reverse,9,100,23,0,0.0,0.0,0.0,True,80889
Random Reverse,9,500,23,0,0.0,0.0,0.0,True,80889
Random Reverse,9,1000,23,0,0.0,0.0,0.0,True,80889
TF-IDF Reverse,10,100,7,0,0.0,0.0,0.0,True,80889
TF-IDF Reverse,10,500,7,0,0.0,0.0,0.0,True,80889
TF-IDF Reverse,10,1000,7,0,0.0,0.0,0.0,True,80889
User Activity,10,100,7,0,0.0,0.0,0.0,True,80889
User Activity,10,500,7,0,0.0,0.0,0.0,True,80889
User Activity,10,1000,7,0,0.0,0.0,0.0,True,80889
Random Reverse,10,100,7,0,0.0,0.0,0.0,True,80889
Random Reverse,10,500,7,0,0.0,0.0,0.0,True,80889
Random Reverse,10,1000,7,0,0.0,0.0,0.0,True,80889
TF-IDF Reverse,12,100,24,1,0.01,0.041666666666666664,0.12627825946936164,True,80889
TF-IDF Reverse,12,500,24,2,0.004,0.08333333333333333,0.1439401791650767,True,80889
TF-IDF Reverse,12,1000,24,3,0.003,0.125,0.15689642745124466,True,80889
User Activity,12,100,24,0,0.0,0.0,0.0,True,80889
User Activity,12,500,24,0,0.0,0.0,0.0,True,80889
User Activity,12,1000,24,0,0.0,0.0,0.0,True,80889
Random Reverse,12,100,24,0,0.0,0.0,0.0,True,80889
Random Reverse,12,500,24,0,0.0,0.0,0.0,True,80889
Random Reverse,12,1000,24,0,0.0,0.0,0.0,True,80889
TF-IDF Reverse,13,100,11,0,0.0,0.0,0.0,True,80889
TF-IDF Reverse,13,500,11,0,0.0,0.0,0.0,True,80889
TF-IDF Reverse,13,1000,11,0,0.0,0.0,0.0,True,80889
User Activity,13,100,11,0,0.0,0.0,0.0,True,80889
User Activity,13,500,11,0,0.0,0.0,0.0,True,80889
User Activity,13,1000,11,0,0.0,0.0,0.0,True,80889
Random Reverse,13,100,11,0,0.0,0.0,0.0,True,80889
Random Reverse,13,500,11,0,0.0,0.0,0.0,True,80889
Random Reverse,13,1000,11,0,0.0,0.0,0.0,True,80889
TF-IDF Reverse,14,100,65,0,0.0,0.0,0.0,True,80889
TF-IDF Reverse,14,500,65,4,0.008,0.06153846153846154,0.03239110392138523,True,80889
TF-IDF Reverse,14,1000,65,4,0.004,0.06153846153846154,0.03239110392138523,True,80889
User Activity,14,100,65,0,0.0,0.0,0.0,True,80889
User Activity,14,500,65,0,0.0,0.0,0.0,True,80889
User Activity,14,1000,65,0,0.0,0.0,0.0,True,80889
Random Reverse,14,100,65,0,0.0,0.0,0.0,True,80889
Random Reverse,14,500,65,1,0.002,0.015384615384615385,0.007607658462833128,True,80889
Random Reverse,14,1000,65,1,0.001,0.015384615384615385,0.007607658462833128,True,80889
TF-IDF Reverse,15,100,18,0,0.0,0.0,0.0,True,80889
TF-IDF Reverse,15,500,18,2,0.004,0.1111111111111111,0.0401040216195178,True,80889
TF-IDF Reverse,15,1000,18,2,0.002,0.1111111111111111,0.0401040216195178,True,80889
User Activity,15,100,18,0,0.0,0.0,0.0,True,80889
User Activity,15,500,18,0,0.0,0.0,0.0,True,80889
User Activity,15,1000,18,0,0.0,0.0,0.0,True,80889
Random Reverse,15,100,18,0,0.0,0.0,0.0,True,80889
Random Reverse,15,500,18,0,0.0,0.0,0.0,True,80889
Random Reverse,15,1000,18,0,0.0,0.0,0.0,True,80889
TF-IDF Reverse,16,100,42,0,0.0,0.0,0.0,True,80889
TF-IDF Reverse,16,500,42,2,0.004,0.047619047619047616,0.0239786719383375,True,80889
TF-IDF Reverse,16,1000,42,3,0.003,0.07142857142857142,0.033121905425734836,True,80889
User Activity,16,100,42,0,0.0,0.0,0.0,True,80889
User Activity,16,500,42,0,0.0,0.0,0.0,True,80889
User Activity,16,1000,42,0,0.0,0.0,0.0,True,80889
Random Reverse,16,100,42,0,0.0,0.0,0.0,True,80889
Random Reverse,16,500,42,0,0.0,0.0,0.0,True,80889
Random Reverse,16,1000,42,0,0.0,0.0,0.0,True,80889
TF-IDF Reverse,17,100,77,0,0.0,0.0,0.0,True,80889
TF-IDF Reverse,17,500,77,1,0.002,0.012987012987012988,0.0076581113985610865,True,80889
TF-IDF Reverse,17,1000,77,2,0.002,0.025974025974025976,0.013710370392608268,True,80889
User Activity,17,100,77,0,0.0,0.0,0.0,True,80889
User Activity,17,500,77,0,0.0,0.0,0.0,True,80889
User Activity,17,1000,77,0,0.0,0.0,0.0,True,80889
Random Reverse,17,100,77,0,0.0,0.0,0.0,True,80889
Random Reverse,17,500,77,0,0.0,0.0,0.0,True,80889
Random Reverse,17,1000,77,0,0.0,0.0,0.0,True,80889
TF-IDF Reverse,19,100,84,6,0.06,0.07142857142857142,0.07154857269783525,True,80889
TF-IDF Reverse,19,500,84,10,0.02,0.11904761904761904,0.1018341359868866,True,80889
TF-IDF Reverse,19,1000,84,10,0.01,0.11904761904761904,0.1018341359868866,True,80889
User Activity,19,100,84,0,0.0,0.0,0.0,True,80889
User Activity,19,500,84,0,0.0,0.0,0.0,True,80889
User Activity,19,1000,84,0,0.0,0.0,0.0,True,80889
Random Reverse,19,100,84,0,0.0,0.0,0.0,True,80889
Random Reverse,19,500,84,0,0.0,0.0,0.0,True,80889
Random Reverse,19,1000,84,0,0.0,0.0,0.0,True,80889
TF-IDF Reverse,20,100,25,2,0.02,0.08,0.044046964744530834,True,80889
TF-IDF Reverse,20,500,25,4,0.008,0.16,0.07815094900885419,True,80889
TF-IDF Reverse,20,1000,25,4,0.004,0.16,0.07815094900885419,True,80889
User Activity,20,100,25,0,0.0,0.0,0.0,True,80889
User Activity,20,500,25,0,0.0,0.0,0.0,True,80889
User Activity,20,1000,25,0,0.0,0.0,0.0,True,80889
Random Reverse,20,100,25,1,0.01,0.04,0.02531391626298007,True,80889
Random Reverse,20,500,25,1,0.002,0.04,0.02531391626298007,True,80889
Random Reverse,20,1000,25,1,0.001,0.04,0.02531391626298007,True,80889
TF-IDF Reverse,21,100,24,1,0.01,0.041666666666666664,0.022046091678658168,True,80889
TF-IDF Reverse,21,500,24,1,0.002,0.041666666666666664,0.022046091678658168,True,80889
TF-IDF Reverse,21,1000,24,1,0.001,0.041666666666666664,0.022046091678658168,True,80889
User Activity,21,100,24,0,0.0,0.0,0.0,True,80889
User Activity,21,500,24,0,0.0,0.0,0.0,True,80889
User Activity,21,1000,24,0,0.0,0.0,0.0,True,80889
Random Reverse,21,100,24,0,0.0,0.0,0.0,True,80889
Random Reverse,21,500,24,0,0.0,0.0,0.0,True,80889
Random Reverse,21,1000,24,1,0.001,0.041666666666666664,0.012706467128129466,True,80889
TF-IDF Reverse,23,100,6,2,0.02,0.3333333333333333,0.1479921968011709,True,80889
TF-IDF Reverse,23,500,6,2,0.004,0.3333333333333333,0.1479921968011709,True,80889
TF-IDF Reverse,23,1000,6,2,0.002,0.3333333333333333,0.1479921968011709,True,80889
User Activity,23,100,6,0,0.0,0.0,0.0,True,80889
User Activity,23,500,6,0,0.0,0.0,0.0,True,80889
User Activity,23,1000,6,0,0.0,0.0,0.0,True,80889
Random Reverse,23,100,6,0,0.0,0.0,0.0,True,80889
Random Reverse,23,500,6,0,0.0,0.0,0.0,True,80889
Random Reverse,23,1000,6,0,0.0,0.0,0.0,True,80889
TF-IDF Reverse,24,100,133,0,0.0,0.0,0.0,True,80889
TF-IDF Reverse,24,500,133,0,0.0,0.0,0.0,True,80889
TF-IDF Reverse,24,1000,133,0,0.0,0.0,0.0,True,80889
User Activity,24,100,133,0,0.0,0.0,0.0,True,80889
User Activity,24,500,133,0,0.0,0.0,0.0,True,80889
User Activity,24,1000,133,0,0.0,0.0,0.0,True,80889
Random Reverse,24,100,133,0,0.0,0.0,0.0,True,80889
Random Reverse,24,500,133,1,0.002,0.007518796992481203,0.005389177053023245,True,80889
Random Reverse,24,1000,133,1,0.001,0.007518796992481203,0.005389177053023245,True,80889
TF-IDF Reverse,25,100,27,0,0.0,0.0,0.0,True,80889
TF-IDF Reverse,25,500,27,0,0.0,0.0,0.0,True,80889
TF-IDF Reverse,25,1000,27,0,0.0,0.0,0.0,True,80889
User Activity,25,100,27,0,0.0,0.0,0.0,True,80889
User Activity,25,500,27,0,0.0,0.0,0.0,True,80889
User Activity,25,1000,27,0,0.0,0.0,0.0,True,80889
Random Reverse,25,100,27,0,0.0,0.0,0.0,True,80889
Random Reverse,25,500,27,0,0.0,0.0,0.0,True,80889
Random Reverse,25,1000,27,1,0.001,0.037037037037037035,0.012183218127023651,True,80889
TF-IDF Reverse,26,100,13,2,0.02,0.15384615384615385,0.11462205592093959,True,80889
TF-IDF Reverse,26,500,13,3,0.006,0.23076923076923078,0.13669537873307283,True,80889
TF-IDF Reverse,26,1000,13,4,0.004,0.3076923076923077,0.15670710612969257,True,80889
User Activity,26,100,13,0,0.0,0.0,0.0,True,80889
User Activity,26,500,13,0,0.0,0.0,0.0,True,80889
User Activity,26,1000,13,0,0.0,0.0,0.0,True,80889
Random Reverse,26,100,13,0,0.0,0.0,0.0,True,80889
Random Reverse,26,500,13,0,0.0,0.0,0.0,True,80889
Random Reverse,26,1000,13,0,0.0,0.0,0.0,True,80889
TF-IDF Reverse,27,100,26,0,0.0,0.0,0.0,True,80889
TF-IDF Reverse,27,500,26,1,0.002,0.038461538461538464,0.015867739117780676,True,80889
TF-IDF Reverse,27,1000,26,2,0.002,0.07692307692307693,0.028929607385250054,True,80889
User Activity,27,100,26,0,0.0,0.0,0.0,True,80889
User Activity,27,500,26,0,0.0,0.0,0.0,True,80889
User Activity,27,1000,26,0,0.0,0.0,0.0,True,80889
Random Reverse,27,100,26,0,0.0,0.0,0.0,True,80889
Random Reverse,27,500,26,0,0.0,0.0,0.0,True,80889
Random Reverse,27,1000,26,0,0.0,0.0,0.0,True,80889
TF-IDF Reverse,28,100,42,20,0.2,0.47619047619047616,0.31363632071929787,True,80889
TF-IDF Reverse,28,500,42,26,0.052,0.6190476190476191,0.3853245410602786,True,80889
TF-IDF Reverse,28,1000,42,26,0.026,0.6190476190476191,0.3853245410602786,True,80889
User Activity,28,100,42,0,0.0,0.0,0.0,True,80889
User Activity,28,500,42,0,0.0,0.0,0.0,True,80889
User Activity,28,1000,42,0,0.0,0.0,0.0,True,80889
Random Reverse,28,100,42,1,0.01,0.023809523809523808,0.016508519975805852,True,80889
Random Reverse,28,500,42,1,0.002,0.023809523809523808,0.016508519975805852,True,80889
Random Reverse,28,1000,42,2,0.002,0.047619047619047616,0.025644367681850414,True,80889
TF-IDF Reverse,29,100,18,0,0.0,0.0,0.0,True,80889
TF-IDF Reverse,29,500,18,1,0.002,0.05555555555555555,0.016997166136623682,True,80889
TF-IDF Reverse,29,1000,18,1,0.001,0.05555555555555555,0.016997166136623682,True,80889
User Activity,29,100,18,0,0.0,0.0,0.0,True,80889
User Activity,29,500,18,0,0.0,0.0,0.0,True,80889
User Activity,29,1000,18,0,0.0,0.0,0.0,True,80889
Random Reverse,29,100,18,0,0.0,0.0,0.0,True,80889
Random Reverse,29,500,18,0,0.0,0.0,0.0,True,80889
Random Reverse,29,1000,18,0,0.0,0.0,0.0,True,80889
TF-IDF Reverse,30,100,12,1,0.01,0.08333333333333333,0.029819142596147673,True,80889
TF-IDF Reverse,30,500,12,2,0.004,0.16666666666666666,0.054969521663010924,True,80889
TF-IDF Reverse,30,1000,12,3,0.003,0.25,0.07537271719311452,True,80889
User Activity,30,100,12,0,0.0,0.0,0.0,True,80889
User Activity,30,500,12,0,0.0,0.0,0.0,True,80889
User Activity,30,1000,12,0,0.0,0.0,0.0,True,80889
Random Reverse,30,100,12,0,0.0,0.0,0.0,True,80889
Random Reverse,30,500,12,0,0.0,0.0,0.0,True,80889
Random Reverse,30,1000,12,0,0.0,0.0,0.0,True,80889
TF-IDF Reverse,31,100,7,0,0.0,0.0,0.0,True,80889
TF-IDF Reverse,31,500,7,0,0.0,0.0,0.0,True,80889
TF-IDF Reverse,31,1000,7,0,0.0,0.0,0.0,True,80889
User Activity,31,100,7,0,0.0,0.0,0.0,True,80889
User Activity,31,500,7,0,0.0,0.0,0.0,True,80889
User Activity,31,1000,7,0,0.0,0.0,0.0,True,80889
Random Reverse,31,100,7,0,0.0,0.0,0.0,True,80889
Random Reverse,31,500,7,0,0.0,0.0,0.0,True,80889
Random Reverse,31,1000,7,0,0.0,0.0,0.0,True,80889
TF-IDF Reverse,33,100,32,0,0.0,0.0,0.0,True,80889
TF-IDF Reverse,33,500,32,2,0.004,0.0625,0.030192430958671995,True,80889
TF-IDF Reverse,33,1000,32,2,0.002,0.0625,0.030192430958671995,True,80889
User Activity,33,100,32,0,0.0,0.0,0.0,True,80889
User Activity,33,500,32,0,0.0,0.0,0.0,True,80889
User Activity,33,1000,32,0,0.0,0.0,0.0,True,80889
Random Reverse,33,100,32,0,0.0,0.0,0.0,True,80889
Random Reverse,33,500,32,0,0.0,0.0,0.0,True,80889
Random Reverse,33,1000,32,1,0.001,0.03125,0.010617857769031402,True,80889
TF-IDF Reverse,34,100,6,0,0.0,0.0,0.0,True,80889
TF-IDF Reverse,34,500,6,0,0.0,0.0,0.0,True,80889
TF-IDF Reverse,34,1000,6,0,0.0,0.0,0.0,True,80889
User Activity,34,100,6,0,0.0,0.0,0.0,True,80889
User Activity,34,500,6,0,0.0,0.0,0.0,True,80889
User Activity,34,1000,6,0,0.0,0.0,0.0,True,80889
Random Reverse,34,100,6,0,0.0,0.0,0.0,True,80889
Random Reverse,34,500,6,0,0.0,0.0,0.0,True,80889
Random Reverse,34,1000,6,0,0.0,0.0,0.0,True,80889
TF-IDF Reverse,35,100,48,0,0.0,0.0,0.0,True,80889
TF-IDF Reverse,35,500,48,1,0.002,0.020833333333333332,0.00942353520402529,True,80889
TF-IDF Reverse,35,1000,48,1,0.001,0.020833333333333332,0.00942353520402529,True,80889
User Activity,35,100,48,0,0.0,0.0,0.0,True,80889
User Activity,35,500,48,1,0.002,0.020833333333333332,0.009876494256367037,True,80889
User Activity,35,1000,48,1,0.001,0.020833333333333332,0.009876494256367037,True,80889
Random Reverse,35,100,48,1,0.01,0.020833333333333332,0.013608400527516077,True,80889
Random Reverse,35,500,48,2,0.004,0.041666666666666664,0.0232680374432228,True,80889
Random Reverse,35,1000,48,3,0.003,0.0625,0.03172690258006354,True,80889
TF-IDF Reverse,36,100,22,1,0.01,0.045454545454545456,0.020842891117750385,True,80889
TF-IDF Reverse,36,500,22,2,0.004,0.09090909090909091,0.03635675161142678,True,80889
TF-IDF Reverse,36,1000,22,2,0.002,0.09090909090909091,0.03635675161142678,True,80889
User Activity,36,100,22,0,0.0,0.0,0.0,True,80889
User Activity,36,500,22,0,0.0,0.0,0.0,True,80889
User Activity,36,1000,22,0,0.0,0.0,0.0,True,80889
Random Reverse,36,100,22,0,0.0,0.0,0.0,True,80889
Random Reverse,36,500,22,1,0.002,0.045454545454545456,0.016052798809339203,True,80889
Random Reverse,36,1000,22,1,0.001,0.045454545454545456,0.016052798809339203,True,80889
TF-IDF Reverse,38,100,10,0,0.0,0.0,0.0,True,80889
TF-IDF Reverse,38,500,10,0,0.0,0.0,0.0,True,80889
TF-IDF Reverse,38,1000,10,0,0.0,0.0,0.0,True,80889
User Activity,38,100,10,0,0.0,0.0,0.0,True,80889
User Activity,38,500,10,0,0.0,0.0,0.0,True,80889
User Activity,38,1000,10,0,0.0,0.0,0.0,True,80889
Random Reverse,38,100,10,0,0.0,0.0,0.0,True,80889
Random Reverse,38,500,10,0,0.0,0.0,0.0,True,80889
Random Reverse,38,1000,10,0,0.0,0.0,0.0,True,80889
TF-IDF Reverse,39,100,120,2,0.02,0.016666666666666666,0.01677175275500081,True,80889
TF-IDF Reverse,39,500,120,9,0.018,0.075,0.049361931747575125,True,80889
TF-IDF Reverse,39,1000,120,12,0.012,0.1,0.06246977978993662,True,80889
User Activity,39,100,120,0,0.0,0.0,0.0,True,80889
User Activity,39,500,120,0,0.0,0.0,0.0,True,80889
User Activity,39,1000,120,0,0.0,0.0,0.0,True,80889
Random Reverse,39,100,120,0,0.0,0.0,0.0,True,80889
Random Reverse,39,500,120,0,0.0,0.0,0.0,True,80889
Random Reverse,39,1000,120,1,0.001,0.008333333333333333,0.004446332761130585,True,80889
TF-IDF Reverse,40,100,5,0,0.0,0.0,0.0,True,80889
TF-IDF Reverse,40,500,5,0,0.0,0.0,0.0,True,80889
TF-IDF Reverse,40,1000,5,0,0.0,0.0,0.0,True,80889
User Activity,40,100,5,0,0.0,0.0,0.0,True,80889
User Activity,40,500,5,0,0.0,0.0,0.0,True,80889
User Activity,40,1000,5,0,0.0,0.0,0.0,True,80889
Random Reverse,40,100,5,0,0.0,0.0,0.0,True,80889
Random Reverse,40,500,5,0,0.0,0.0,0.0,True,80889
Random Reverse,40,1000,5,0,0.0,0.0,0.0,True,80889
TF-IDF Reverse,41,100,7,0,0.0,0.0,0.0,True,80889
TF-IDF Reverse,41,500,7,0,0.0,0.0,0.0,True,80889
TF-IDF Reverse,41,1000,7,0,0.0,0.0,0.0,True,80889
User Activity,41,100,7,0,0.0,0.0,0.0,True,80889
User Activity,41,500,7,0,0.0,0.0,0.0,True,80889
User Activity,41,1000,7,0,0.0,0.0,0.0,True,80889
Random Reverse,41,100,7,0,0.0,0.0,0.0,True,80889
Random Reverse,41,500,7,0,0.0,0.0,0.0,True,80889
Random Reverse,41,1000,7,0,0.0,0.0,0.0,True,80889
TF-IDF Reverse,42,100,67,0,0.0,0.0,0.0,True,80889
TF-IDF Reverse,42,500,67,1,0.002,0.014925373134328358,0.008915264689788076,True,80889
TF-IDF Reverse,42,1000,67,1,0.001,0.014925373134328358,0.008915264689788076,True,80889
User Activity,42,100,67,0,0.0,0.0,0.0,True,80889
User Activity,42,500,67,0,0.0,0.0,0.0,True,80889
User Activity,42,1000,67,0,0.0,0.0,0.0,True,80889
Random Reverse,42,100,67,0,0.0,0.0,0.0,True,80889
Random Reverse,42,500,67,0,0.0,0.0,0.0,True,80889
Random Reverse,42,1000,67,0,0.0,0.0,0.0,True,80889
TF-IDF Reverse,43,100,18,0,0.0,0.0,0.0,True,80889
TF-IDF Reverse,43,500,18,0,0.0,0.0,0.0,True,80889
TF-IDF Reverse,43,1000,18,0,0.0,0.0,0.0,True,80889
User Activity,43,100,18,0,0.0,0.0,0.0,True,80889
User Activity,43,500,18,0,0.0,0.0,0.0,True,80889
User Activity,43,1000,18,0,0.0,0.0,0.0,True,80889
Random Reverse,43,100,18,0,0.0,0.0,0.0,True,80889
Random Reverse,43,500,18,0,0.0,0.0,0.0,True,80889
Random Reverse,43,1000,18,1,0.001,0.05555555555555555,0.016108861715309234,True,80889
TF-IDF Reverse,44,100,24,0,0.0,0.0,0.0,True,80889
TF-IDF Reverse,44,500,24,0,0.0,0.0,0.0,True,80889
TF-IDF Reverse,44,1000,24,0,0.0,0.0,0.0,True,80889
User Activity,44,100,24,0,0.0,0.0,0.0,True,80889
User Activity,44,500,24,0,0.0,0.0,0.0,True,80889
User Activity,44,1000,24,0,0.0,0.0,0.0,True,80889
Random Reverse,44,100,24,0,0.0,0.0,0.0,True,80889
Random Reverse,44,500,24,1,0.002,0.041666666666666664,0.01476809717780713,True,80889
Random Reverse,44,1000,24,1,0.001,0.041666666666666664,0.01476809717780713,True,80889
TF-IDF Reverse,45,100,21,0,0.0,0.0,0.0,True,80889
TF-IDF Reverse,45,500,21,0,0.0,0.0,0.0,True,80889
TF-IDF Reverse,45,1000,21,0,0.0,0.0,0.0,True,80889
User Activity,45,100,21,0,0.0,0.0,0.0,True,80889
User Activity,45,500,21,0,0.0,0.0,0.0,True,80889
User Activity,45,1000,21,0,0.0,0.0,0.0,True,80889
Random Reverse,45,100,21,0,0.0,0.0,0.0,True,80889
Random Reverse,45,500,21,0,0.0,0.0,0.0,True,80889
Random Reverse,45,1000,21,0,0.0,0.0,0.0,True,80889
TF-IDF Reverse,46,100,119,0,0.0,0.0,0.0,True,80889
TF-IDF Reverse,46,500,119,1,0.002,0.008403361344537815,0.006078702172070311,True,80889
TF-IDF Reverse,46,1000,119,3,0.003,0.025210084033613446,0.01489915436346187,True,80889
User Activity,46,100,119,1,0.01,0.008403361344537815,0.008223799630262424,True,80889
User Activity,46,500,119,8,0.016,0.06722689075630252,0.04488937208509788,True,80889
User Activity,46,1000,119,13,0.013,0.1092436974789916,0.0668382999524968,True,80889
Random Reverse,46,100,119,0,0.0,0.0,0.0,True,80889
Random Reverse,46,500,119,3,0.006,0.025210084033613446,0.016717442219934233,True,80889
Random Reverse,46,1000,119,5,0.005,0.04201680672268908,0.025790838418941343,True,80889
TF-IDF Reverse,48,100,14,1,0.01,0.07142857142857142,0.029378120334099953,True,80889
TF-IDF Reverse,48,500,14,4,0.008,0.2857142857142857,0.09646939619985123,True,80889
TF-IDF Reverse,48,1000,14,6,0.006,0.42857142857142855,0.13522832353177425,True,80889
User Activity,48,100,14,0,0.0,0.0,0.0,True,80889
User Activity,48,500,14,0,0.0,0.0,0.0,True,80889
User Activity,48,1000,14,0,0.0,0.0,0.0,True,80889
Random Reverse,48,100,14,0,0.0,0.0,0.0,True,80889
Random Reverse,48,500,14,1,0.002,0.07142857142857142,0.022607937094028235,True,80889
Random Reverse,48,1000,14,1,0.001,0.07142857142857142,0.022607937094028235,True,80889
TF-IDF Reverse,49,100,102,1,0.01,0.00980392156862745,0.009732950496911846,True,80889
TF-IDF Reverse,49,500,102,5,0.01,0.049019607843137254,0.031224630833592035,True,80889
TF-IDF Reverse,49,1000,102,7,0.007,0.06862745098039216,0.04139736733030892,True,80889
User Activity,49,100,102,0,0.0,0.0,0.0,True,80889
User Activity,49,500,102,0,0.0,0.0,0.0,True,80889
User Activity,49,1000,102,0,0.0,0.0,0.0,True,80889
Random Reverse,49,100,102,0,0.0,0.0,0.0,True,80889
Random Reverse,49,500,102,1,0.002,0.00980392156862745,0.0053802161912703105,True,80889
Random Reverse,49,1000,102,1,0.001,0.00980392156862745,0.0053802161912703105,True,80889
TF-IDF Reverse,50,100,168,0,0.0,0.0,0.0,True,80889
TF-IDF Reverse,50,500,168,2,0.004,0.011904761904761904,0.008867114136216391,True,80889
TF-IDF Reverse,50,1000,168,3,0.003,0.017857142857142856,0.012265496185489088,True,80889
User Activity,50,100,168,0,0.0,0.0,0.0,True,80889
User Activity,50,500,168,0,0.0,0.0,0.0,True,80889
User Activity,50,1000,168,0,0.0,0.0,0.0,True,80889
Random Reverse,50,100,168,0,0.0,0.0,0.0,True,80889
Random Reverse,50,500,168,2,0.004,0.011904761904761904,0.007715359475342974,True,80889
Random Reverse,50,1000,168,2,0.002,0.011904761904761904,0.007715359475342974,True,80889
TF-IDF Reverse,51,100,12,0,0.0,0.0,0.0,True,80889
TF-IDF Reverse,51,500,12,0,0.0,0.0,0.0,True,80889
TF-IDF Reverse,51,1000,12,0,0.0,0.0,0.0,True,80889
User Activity,51,100,12,0,0.0,0.0,0.0,True,80889
User Activity,51,500,12,0,0.0,0.0,0.0,True,80889
User Activity,51,1000,12,0,0.0,0.0,0.0,True,80889
Random Reverse,51,100,12,0,0.0,0.0,0.0,True,80889
Random Reverse,51,500,12,0,0.0,0.0,0.0,True,80889
Random Reverse,51,1000,12,0,0.0,0.0,0.0,True,80889
TF-IDF Reverse,52,100,35,2,0.02,0.05714285714285714,0.03338334467733914,True,80889
TF-IDF Reverse,52,500,35,11,0.022,0.3142857142857143,0.14608844985534655,True,80889
TF-IDF Reverse,52,1000,35,11,0.011,0.3142857142857143,0.14608844985534655,True,80889
User Activity,52,100,35,0,0.0,0.0,0.0,True,80889
User Activity,52,500,35,0,0.0,0.0,0.0,True,80889
User Activity,52,1000,35,0,0.0,0.0,0.0,True,80889
Random Reverse,52,100,35,0,0.0,0.0,0.0,True,80889
Random Reverse,52,500,35,1,0.002,0.02857142857142857,0.010997893873266195,True,80889
Random Reverse,52,1000,35,1,0.001,0.02857142857142857,0.010997893873266195,True,80889
TF-IDF Reverse,53,100,20,0,0.0,0.0,0.0,True,80889
TF-IDF Reverse,53,500,20,1,0.002,0.05,0.01623650073515732,True,80889
TF-IDF Reverse,53,1000,20,1,0.001,0.05,0.01623650073515732,True,80889
User Activity,53,100,20,0,0.0,0.0,0.0,True,80889
User Activity,53,500,20,0,0.0,0.0,0.0,True,80889
User Activity,53,1000,20,0,0.0,0.0,0.0,True,80889
Random Reverse,53,100,20,0,0.0,0.0,0.0,True,80889
Random Reverse,53,500,20,0,0.0,0.0,0.0,True,80889
Random Reverse,53,1000,20,0,0.0,0.0,0.0,True,80889
TF-IDF Reverse,54,100,39,1,0.01,0.02564102564102564,0.014815648693762253,True,80889
TF-IDF Reverse,54,500,39,7,0.014,0.1794871794871795,0.087078088068791,True,80889
TF-IDF Reverse,54,1000,39,8,0.008,0.20512820512820512,0.09702804953581413,True,80889
User Activity,54,100,39,0,0.0,0.0,0.0,True,80889
User Activity,54,500,39,0,0.0,0.0,0.0,True,80889
User Activity,54,1000,39,0,0.0,0.0,0.0,True,80889
Random Reverse,54,100,39,0,0.0,0.0,0.0,True,80889
Random Reverse,54,500,39,1,0.002,0.02564102564102564,0.01069157995699618,True,80889
Random Reverse,54,1000,39,1,0.001,0.02564102564102564,0.01069157995699618,True,80889
TF-IDF Reverse,55,100,14,0,0.0,0.0,0.0,True,80889
TF-IDF Reverse,55,500,14,0,0.0,0.0,0.0,True,80889
TF-IDF Reverse,55,1000,14,0,0.0,0.0,0.0,True,80889
User Activity,55,100,14,0,0.0,0.0,0.0,True,80889
User Activity,55,500,14,0,0.0,0.0,0.0,True,80889
User Activity,55,1000,14,0,0.0,0.0,0.0,True,80889
Random Reverse,55,100,14,0,0.0,0.0,0.0,True,80889
Random Reverse,55,500,14,0,0.0,0.0,0.0,True,80889
Random Reverse,55,1000,14,0,0.0,0.0,0.0,True,80889
TF-IDF Reverse,56,100,213,0,0.0,0.0,0.0,True,80889
TF-IDF Reverse,56,500,213,4,0.008,0.018779342723004695,0.014530352160183323,True,80889
TF-IDF Reverse,56,1000,213,7,0.007,0.03286384976525822,0.023593541427047386,True,80889
User Activity,56,100,213,0,0.0,0.0,0.0,True,80889
User Activity,56,500,213,0,0.0,0.0,0.0,True,80889
User Activity,56,1000,213,0,0.0,0.0,0.0,True,80889
Random Reverse,56,100,213,0,0.0,0.0,0.0,True,80889
Random Reverse,56,500,213,0,0.0,0.0,0.0,True,80889
Random Reverse,56,1000,213,2,0.002,0.009389671361502348,0.005761831918213172,True,80889
TF-IDF Reverse,57,100,7,0,0.0,0.0,0.0,True,80889
TF-IDF Reverse,57,500,7,0,0.0,0.0,0.0,True,80889
TF-IDF Reverse,57,1000,7,0,0.0,0.0,0.0,True,80889
User Activity,57,100,7,0,0.0,0.0,0.0,True,80889
User Activity,57,500,7,0,0.0,0.0,0.0,True,80889
User Activity,57,1000,7,0,0.0,0.0,0.0,True,80889
Random Reverse,57,100,7,0,0.0,0.0,0.0,True,80889
Random Reverse,57,500,7,0,0.0,0.0,0.0,True,80889
Random Reverse,57,1000,7,0,0.0,0.0,0.0,True,80889
TF-IDF Reverse,58,100,6,0,0.0,0.0,0.0,True,80889
TF-IDF Reverse,58,500,6,0,0.0,0.0,0.0,True,80889
TF-IDF Reverse,58,1000,6,0,0.0,0.0,0.0,True,80889
User Activity,58,100,6,0,0.0,0.0,0.0,True,80889
User Activity,58,500,6,0,0.0,0.0,0.0,True,80889
User Activity,58,1000,6,0,0.0,0.0,0.0,True,80889
Random Reverse,58,100,6,0,0.0,0.0,0.0,True,80889
Random Reverse,58,500,6,0,0.0,0.0,0.0,True,80889
Random Reverse,58,1000,6,0,0.0,0.0,0.0,True,80889
TF-IDF Reverse,59,100,182,0,0.0,0.0,0.0,True,80889
TF-IDF Reverse,59,500,182,3,0.006,0.016483516483516484,0.010596251889005221,True,80889
TF-IDF Reverse,59,1000,182,6,0.006,0.03296703296703297,0.020040915552376578,True,80889
User Activity,59,100,182,0,0.0,0.0,0.0,True,80889
User Activity,59,500,182,2,0.004,0.01098901098901099,0.007059177193503213,True,80889
User Activity,59,1000,182,4,0.004,0.02197802197802198,0.013744459151893396,True,80889
Random Reverse,59,100,182,0,0.0,0.0,0.0,True,80889
Random Reverse,59,500,182,2,0.004,0.01098901098901099,0.007185938056701639,True,80889
Random Reverse,59,1000,182,2,0.002,0.01098901098901099,0.007185938056701639,True,80889
TF-IDF Reverse,61,100,6,0,0.0,0.0,0.0,True,80889
TF-IDF Reverse,61,500,6,0,0.0,0.0,0.0,True,80889
TF-IDF Reverse,61,1000,6,0,0.0,0.0,0.0,True,80889
User Activity,61,100,6,0,0.0,0.0,0.0,True,80889
User Activity,61,500,6,0,0.0,0.0,0.0,True,80889
User Activity,61,1000,6,0,0.0,0.0,0.0,True,80889
Random Reverse,61,100,6,0,0.0,0.0,0.0,True,80889
Random Reverse,61,500,6,0,0.0,0.0,0.0,True,80889
Random Reverse,61,1000,6,0,0.0,0.0,0.0,True,80889
TF-IDF Reverse,62,100,101,0,0.0,0.0,0.0,True,80889
TF-IDF Reverse,62,500,101,2,0.004,0.019801980198019802,0.012578033856076582,True,80889
TF-IDF Reverse,62,1000,101,2,0.002,0.019801980198019802,0.012578033856076582,True,80889
User Activity,62,100,101,0,0.0,0.0,0.0,True,80889
User Activity,62,500,101,0,0.0,0.0,0.0,True,80889
User Activity,62,1000,101,0,0.0,0.0,0.0,True,80889
Random Reverse,62,100,101,0,0.0,0.0,0.0,True,80889
Random Reverse,62,500,101,1,0.002,0.009900990099009901,0.005919082667740675,True,80889
Random Reverse,62,1000,101,1,0.001,0.009900990099009901,0.005919082667740675,True,80889
TF-IDF Reverse,63,100,36,0,0.0,0.0,0.0,True,80889
TF-IDF Reverse,63,500,36,0,0.0,0.0,0.0,True,80889
TF-IDF Reverse,63,1000,36,0,0.0,0.0,0.0,True,80889
User Activity,63,100,36,0,0.0,0.0,0.0,True,80889
User Activity,63,500,36,0,0.0,0.0,0.0,True,80889
User Activity,63,1000,36,0,0.0,0.0,0.0,True,80889
Random Reverse,63,100,36,0,0.0,0.0,0.0,True,80889
Random Reverse,63,500,36,0,0.0,0.0,0.0,True,80889
Random Reverse,63,1000,36,0,0.0,0.0,0.0,True,80889
TF-IDF Reverse,64,100,5,0,0.0,0.0,0.0,True,80889
TF-IDF Reverse,64,500,5,0,0.0,0.0,0.0,True,80889
TF-IDF Reverse,64,1000,5,0,0.0,0.0,0.0,True,80889
User Activity,64,100,5,0,0.0,0.0,0.0,True,80889
User Activity,64,500,5,0,0.0,0.0,0.0,True,80889
User Activity,64,1000,5,0,0.0,0.0,0.0,True,80889
Random Reverse,64,100,5,0,0.0,0.0,0.0,True,80889
Random Reverse,64,500,5,0,0.0,0.0,0.0,True,80889
Random Reverse,64,1000,5,0,0.0,0.0,0.0,True,80889
TF-IDF Reverse,65,100,12,0,0.0,0.0,0.0,True,80889
TF-IDF Reverse,65,500,12,0,0.0,0.0,0.0,True,80889
TF-IDF Reverse,65,1000,12,0,0.0,0.0,0.0,True,80889
User Activity,65,100,12,0,0.0,0.0,0.0,True,80889
User Activity,65,500,12,0,0.0,0.0,0.0,True,80889
User Activity,65,1000,12,0,0.0,0.0,0.0,True,80889
Random Reverse,65,100,12,0,0.0,0.0,0.0,True,80889
Random Reverse,65,500,12,0,0.0,0.0,0.0,True,80889
Random Reverse,65,1000,12,0,0.0,0.0,0.0,True,80889
TF-IDF Reverse,66,100,45,2,0.02,0.044444444444444446,0.031729544164708884,True,80889
TF-IDF Reverse,66,500,45,3,0.006,0.06666666666666667,0.042656295247545474,True,80889
TF-IDF Reverse,66,1000,45,4,0.004,0.08888888888888889,0.0516972497520623,True,80889
User Activity,66,100,45,0,0.0,0.0,0.0,True,80889
User Activity,66,500,45,0,0.0,0.0,0.0,True,80889
User Activity,66,1000,45,0,0.0,0.0,0.0,True,80889
Random Reverse,66,100,45,0,0.0,0.0,0.0,True,80889
Random Reverse,66,500,45,1,0.002,0.022222222222222223,0.009709700265825915,True,80889
Random Reverse,66,1000,45,1,0.001,0.022222222222222223,0.009709700265825915,True,80889
TF-IDF Reverse,67,100,8,0,0.0,0.0,0.0,True,80889
TF-IDF Reverse,67,500,8,0,0.0,0.0,0.0,True,80889
TF-IDF Reverse,67,1000,8,0,0.0,0.0,0.0,True,80889
User Activity,67,100,8,0,0.0,0.0,0.0,True,80889
User Activity,67,500,8,0,0.0,0.0,0.0,True,80889
User Activity,67,1000,8,0,0.0,0.0,0.0,True,80889
Random Reverse,67,100,8,0,0.0,0.0,0.0,True,80889
Random Reverse,67,500,8,0,0.0,0.0,0.0,True,80889
Random Reverse,67,1000,8,0,0.0,0.0,0.0,True,80889
TF-IDF Reverse,68,100,8,0,0.0,0.0,0.0,True,80889
TF-IDF Reverse,68,500,8,0,0.0,0.0,0.0,True,80889
TF-IDF Reverse,68,1000,8,0,0.0,0.0,0.0,True,80889
User Activity,68,100,8,0,0.0,0.0,0.0,True,80889
User Activity,68,500,8,0,0.0,0.0,0.0,True,80889
User Activity,68,1000,8,0,0.0,0.0,0.0,True,80889
Random Reverse,68,100,8,0,0.0,0.0,0.0,True,80889
Random Reverse,68,500,8,0,0.0,0.0,0.0,True,80889
Random Reverse,68,1000,8,1,0.001,0.125,0.027465550095695904,True,80889
TF-IDF Reverse,69,100,116,0,0.0,0.0,0.0,True,80889
TF-IDF Reverse,69,500,116,2,0.004,0.017241379310344827,0.009828083495674612,True,80889
TF-IDF Reverse,69,1000,116,6,0.006,0.05172413793103448,0.027406562884172928,True,80889
User Activity,69,100,116,0,0.0,0.0,0.0,True,80889
User Activity,69,500,116,0,0.0,0.0,0.0,True,80889
User Activity,69,1000,116,0,0.0,0.0,0.0,True,80889
Random Reverse,69,100,116,0,0.0,0.0,0.0,True,80889
Random Reverse,69,500,116,0,0.0,0.0,0.0,True,80889
Random Reverse,69,1000,116,1,0.001,0.008620689655172414,0.004742245391386434,True,80889
TF-IDF Reverse,70,100,44,0,0.0,0.0,0.0,True,80889
TF-IDF Reverse,70,500,44,0,0.0,0.0,0.0,True,80889
TF-IDF Reverse,70,1000,44,0,0.0,0.0,0.0,True,80889
User Activity,70,100,44,0,0.0,0.0,0.0,True,80889
User Activity,70,500,44,0,0.0,0.0,0.0,True,80889
User Activity,70,1000,44,0,0.0,0.0,0.0,True,80889
Random Reverse,70,100,44,0,0.0,0.0,0.0,True,80889
Random Reverse,70,500,44,0,0.0,0.0,0.0,True,80889
Random Reverse,70,1000,44,0,0.0,0.0,0.0,True,80889
TF-IDF Reverse,71,100,87,0,0.0,0.0,0.0,True,80889
TF-IDF Reverse,71,500,87,2,0.004,0.022988505747126436,0.013594873651672296,True,80889
TF-IDF Reverse,71,1000,87,4,0.004,0.04597701149425287,0.024899511125674702,True,80889
User Activity,71,100,87,0,0.0,0.0,0.0,True,80889
User Activity,71,500,87,0,0.0,0.0,0.0,True,80889
User Activity,71,1000,87,0,0.0,0.0,0.0,True,80889
Random Reverse,71,100,87,0,0.0,0.0,0.0,True,80889
Random Reverse,71,500,87,2,0.004,0.022988505747126436,0.013099039833796657,True,80889
Random Reverse,71,1000,87,2,0.002,0.022988505747126436,0.013099039833796657,True,80889
TF-IDF Reverse,72,100,13,0,0.0,0.0,0.0,True,80889
TF-IDF Reverse,72,500,13,0,0.0,0.0,0.0,True,80889
TF-IDF Reverse,72,1000,13,0,0.0,0.0,0.0,True,80889
User Activity,72,100,13,0,0.0,0.0,0.0,True,80889
User Activity,72,500,13,0,0.0,0.0,0.0,True,80889
User Activity,72,1000,13,0,0.0,0.0,0.0,True,80889
Random Reverse,72,100,13,0,0.0,0.0,0.0,True,80889
Random Reverse,72,500,13,0,0.0,0.0,0.0,True,80889
Random Reverse,72,1000,13,0,0.0,0.0,0.0,True,80889
TF-IDF Reverse,73,100,83,0,0.0,0.0,0.0,True,80889
TF-IDF Reverse,73,500,83,3,0.006,0.03614457831325301,0.018721829916801304,True,80889
TF-IDF Reverse,73,1000,83,4,0.004,0.04819277108433735,0.024480461416490892,True,80889
User Activity,73,100,83,0,0.0,0.0,0.0,True,80889
User Activity,73,500,83,1,0.002,0.012048192771084338,0.0061412992171576575,True,80889
User Activity,73,1000,83,1,0.001,0.012048192771084338,0.0061412992171576575,True,80889
Random Reverse,73,100,83,0,0.0,0.0,0.0,True,80889
Random Reverse,73,500,83,0,0.0,0.0,0.0,True,80889
Random Reverse,73,1000,83,0,0.0,0.0,0.0,True,80889
TF-IDF Reverse,74,100,7,0,0.0,0.0,0.0,True,80889
TF-IDF Reverse,74,500,7,0,0.0,0.0,0.0,True,80889
TF-IDF Reverse,74,1000,7,0,0.0,0.0,0.0,True,80889
User Activity,74,100,7,0,0.0,0.0,0.0,True,80889
User Activity,74,500,7,0,0.0,0.0,0.0,True,80889
User Activity,74,1000,7,0,0.0,0.0,0.0,True,80889
Random Reverse,74,100,7,0,0.0,0.0,0.0,True,80889
Random Reverse,74,500,7,0,0.0,0.0,0.0,True,80889
Random Reverse,74,1000,7,1,0.001,0.14285714285714285,0.02785300185393371,True,80889
TF-IDF Reverse,75,100,14,0,0.0,0.0,0.0,True,80889
TF-IDF Reverse,75,500,14,0,0.0,0.0,0.0,True,80889
TF-IDF Reverse,75,1000,14,1,0.001,0.07142857142857142,0.01862204671505305,True,80889
User Activity,75,100,14,0,0.0,0.0,0.0,True,80889
User Activity,75,500,14,0,0.0,0.0,0.0,True,80889
User Activity,75,1000,14,0,0.0,0.0,0.0,True,80889
Random Reverse,75,100,14,0,0.0,0.0,0.0,True,80889
Random Reverse,75,500,14,0,0.0,0.0,0.0,True,80889
Random Reverse,75,1000,14,0,0.0,0.0,0.0,True,80889
TF-IDF Reverse,76,100,20,0,0.0,0.0,0.0,True,80889
TF-IDF Reverse,76,500,20,0,0.0,0.0,0.0,True,80889
TF-IDF Reverse,76,1000,20,1,0.001,0.05,0.015182758847814755,True,80889
User Activity,76,100,20,0,0.0,0.0,0.0,True,80889
User Activity,76,500,20,0,0.0,0.0,0.0,True,80889
User Activity,76,1000,20,0,0.0,0.0,0.0,True,80889
Random Reverse,76,100,20,0,0.0,0.0,0.0,True,80889
Random Reverse,76,500,20,1,0.002,0.05,0.020600985335616818,True,80889
Random Reverse,76,1000,20,1,0.001,0.05,0.020600985335616818,True,80889
TF-IDF Reverse,77,100,246,1,0.01,0.0040650406504065045,0.007431770255944572,True,80889
TF-IDF Reverse,77,500,246,3,0.006,0.012195121951219513,0.010111320306610992,True,80889
TF-IDF Reverse,77,1000,246,3,0.003,0.012195121951219513,0.010111320306610992,True,80889
User Activity,77,100,246,0,0.0,0.0,0.0,True,80889
User Activity,77,500,246,2,0.004,0.008130081300813009,0.005579743966993199,True,80889
User Activity,77,1000,246,6,0.006,0.024390243902439025,0.01585880350140785,True,80889
Random Reverse,77,100,246,0,0.0,0.0,0.0,True,80889
Random Reverse,77,500,246,1,0.002,0.0040650406504065045,0.0031019487554573453,True,80889
Random Reverse,77,1000,246,1,0.001,0.0040650406504065045,0.0031019487554573453,True,80889
TF-IDF Reverse,78,100,40,0,0.0,0.0,0.0,True,80889
TF-IDF Reverse,78,500,40,0,0.0,0.0,0.0,True,80889
TF-IDF Reverse,78,1000,40,0,0.0,0.0,0.0,True,80889
User Activity,78,100,40,0,0.0,0.0,0.0,True,80889
User Activity,78,500,40,0,0.0,0.0,0.0,True,80889
User Activity,78,1000,40,0,0.0,0.0,0.0,True,80889
Random Reverse,78,100,40,0,0.0,0.0,0.0,True,80889
Random Reverse,78,500,40,0,0.0,0.0,0.0,True,80889
Random Reverse,78,1000,40,1,0.001,0.025,0.009250787169462437,True,80889
TF-IDF Reverse,80,100,23,0,0.0,0.0,0.0,True,80889
TF-IDF Reverse,80,500,23,1,0.002,0.043478260869565216,0.015147054625524157,True,80889
TF-IDF Reverse,80,1000,23,1,0.001,0.043478260869565216,0.015147054625524157,True,80889
User Activity,80,100,23,0,0.0,0.0,0.0,True,80889
User Activity,80,500,23,0,0.0,0.0,0.0,True,80889
User Activity,80,1000,23,0,0.0,0.0,0.0,True,80889
Random Reverse,80,100,23,0,0.0,0.0,0.0,True,80889
Random Reverse,80,500,23,0,0.0,0.0,0.0,True,80889
Random Reverse,80,1000,23,0,0.0,0.0,0.0,True,80889
TF-IDF Reverse,81,100,19,0,0.0,0.0,0.0,True,80889
TF-IDF Reverse,81,500,19,0,0.0,0.0,0.0,True,80889
TF-IDF Reverse,81,1000,19,1,0.001,0.05263157894736842,0.0160471835476751,True,80889
User Activity,81,100,19,0,0.0,0.0,0.0,True,80889
User Activity,81,500,19,0,0.0,0.0,0.0,True,80889
User Activity,81,1000,19,0,0.0,0.0,0.0,True,80889
Random Reverse,81,100,19,0,0.0,0.0,0.0,True,80889
Random Reverse,81,500,19,0,0.0,0.0,0.0,True,80889
Random Reverse,81,1000,19,0,0.0,0.0,0.0,True,80889
TF-IDF Reverse,83,100,31,0,0.0,0.0,0.0,True,80889
TF-IDF Reverse,83,500,31,1,0.002,0.03225806451612903,0.012509377773990957,True,80889
TF-IDF Reverse,83,1000,31,1,0.001,0.03225806451612903,0.012509377773990957,True,80889
User Activity,83,100,31,0,0.0,0.0,0.0,True,80889
User Activity,83,500,31,0,0.0,0.0,0.0,True,80889
User Activity,83,1000,31,0,0.0,0.0,0.0,True,80889
Random Reverse,83,100,31,0,0.0,0.0,0.0,True,80889
Random Reverse,83,500,31,1,0.002,0.03225806451612903,0.012609024866626638,True,80889
Random Reverse,83,1000,31,1,0.001,0.03225806451612903,0.012609024866626638,True,80889
TF-IDF Reverse,85,100,8,0,0.0,0.0,0.0,True,80889
TF-IDF Reverse,85,500,8,0,0.0,0.0,0.0,True,80889
TF-IDF Reverse,85,1000,8,0,0.0,0.0,0.0,True,80889
User Activity,85,100,8,0,0.0,0.0,0.0,True,80889
User Activity,85,500,8,0,0.0,0.0,0.0,True,80889
User Activity,85,1000,8,0,0.0,0.0,0.0,True,80889
Random Reverse,85,100,8,0,0.0,0.0,0.0,True,80889
Random Reverse,85,500,8,0,0.0,0.0,0.0,True,80889
Random Reverse,85,1000,8,0,0.0,0.0,0.0,True,80889
TF-IDF Reverse,87,100,38,0,0.0,0.0,0.0,True,80889
TF-IDF Reverse,87,500,38,1,0.002,0.02631578947368421,0.011346573083640493,True,80889
TF-IDF Reverse,87,1000,38,2,0.002,0.05263157894736842,0.02078008263418906,True,80889
User Activity,87,100,38,0,0.0,0.0,0.0,True,80889
User Activity,87,500,38,0,0.0,0.0,0.0,True,80889
User Activity,87,1000,38,0,0.0,0.0,0.0,True,80889
Random Reverse,87,100,38,0,0.0,0.0,0.0,True,80889
Random Reverse,87,500,38,0,0.0,0.0,0.0,True,80889
Random Reverse,87,1000,38,1,0.001,0.02631578947368421,0.010105921545711397,True,80889
TF-IDF Reverse,88,100,10,0,0.0,0.0,0.0,True,80889
TF-IDF Reverse,88,500,10,0,0.0,0.0,0.0,True,80889
TF-IDF Reverse,88,1000,10,0,0.0,0.0,0.0,True,80889
User Activity,88,100,10,0,0.0,0.0,0.0,True,80889
User Activity,88,500,10,0,0.0,0.0,0.0,True,80889
User Activity,88,1000,10,0,0.0,0.0,0.0,True,80889
Random Reverse,88,100,10,0,0.0,0.0,0.0,True,80889
Random Reverse,88,500,10,0,0.0,0.0,0.0,True,80889
Random Reverse,88,1000,10,0,0.0,0.0,0.0,True,80889
TF-IDF Reverse,90,100,24,0,0.0,0.0,0.0,True,80889
TF-IDF Reverse,90,500,24,5,0.01,0.20833333333333334,0.07822789738387625,True,80889
TF-IDF Reverse,90,1000,24,9,0.009,0.375,0.13266786886318876,True,80889
User Activity,90,100,24,0,0.0,0.0,0.0,True,80889
User Activity,90,500,24,0,0.0,0.0,0.0,True,80889
User Activity,90,1000,24,0,0.0,0.0,0.0,True,80889
Random Reverse,90,100,24,0,0.0,0.0,0.0,True,80889
Random Reverse,90,500,24,0,0.0,0.0,0.0,True,80889
Random Reverse,90,1000,24,1,0.001,0.041666666666666664,0.012931891453561103,True,80889
TF-IDF Reverse,91,100,26,0,0.0,0.0,0.0,True,80889
TF-IDF Reverse,91,500,26,1,0.002,0.038461538461538464,0.013625694133405749,True,80889
TF-IDF Reverse,91,1000,26,3,0.003,0.11538461538461539,0.03965171212865234,True,80889
User Activity,91,100,26,0,0.0,0.0,0.0,True,80889
User Activity,91,500,26,0,0.0,0.0,0.0,True,80889
User Activity,91,1000,26,0,0.0,0.0,0.0,True,80889
Random Reverse,91,100,26,0,0.0,0.0,0.0,True,80889
Random Reverse,91,500,26,0,0.0,0.0,0.0,True,80889
Random Reverse,91,1000,26,0,0.0,0.0,0.0,True,80889
TF-IDF Reverse,92,100,36,0,0.0,0.0,0.0,True,80889
TF-IDF Reverse,92,500,36,14,0.028,0.3888888888888889,0.15564513210049835,True,80889
TF-IDF Reverse,92,1000,36,16,0.016,0.4444444444444444,0.17576410789820332,True,80889
User Activity,92,100,36,0,0.0,0.0,0.0,True,80889
User Activity,92,500,36,0,0.0,0.0,0.0,True,80889
User Activity,92,1000,36,0,0.0,0.0,0.0,True,80889
Random Reverse,92,100,36,0,0.0,0.0,0.0,True,80889
Random Reverse,92,500,36,0,0.0,0.0,0.0,True,80889
Random Reverse,92,1000,36,0,0.0,0.0,0.0,True,80889
TF-IDF Reverse,96,100,53,0,0.0,0.0,0.0,True,80889
TF-IDF Reverse,96,500,53,0,0.0,0.0,0.0,True,80889
TF-IDF Reverse,96,1000,53,0,0.0,0.0,0.0,True,80889
User Activity,96,100,53,0,0.0,0.0,0.0,True,80889
User Activity,96,500,53,0,0.0,0.0,0.0,True,80889
User Activity,96,1000,53,0,0.0,0.0,0.0,True,80889
Random Reverse,96,100,53,0,0.0,0.0,0.0,True,80889
Random Reverse,96,500,53,0,0.0,0.0,0.0,True,80889
Random Reverse,96,1000,53,1,0.001,0.018867924528301886,0.00813858704345598,True,80889
TF-IDF Reverse,99,100,5,0,0.0,0.0,0.0,True,80889
TF-IDF Reverse,99,500,5,0,0.0,0.0,0.0,True,80889
TF-IDF Reverse,99,1000,5,0,0.0,0.0,0.0,True,80889
User Activity,99,100,5,0,0.0,0.0,0.0,True,80889
User Activity,99,500,5,0,0.0,0.0,0.0,True,80889
User Activity,99,1000,5,0,0.0,0.0,0.0,True,80889
Random Reverse,99,100,5,0,0.0,0.0,0.0,True,80889
Random Reverse,99,500,5,0,0.0,0.0,0.0,True,80889
Random Reverse,99,1000,5,0,0.0,0.0,0.0,True,80889
TF-IDF Reverse,100,100,62,0,0.0,0.0,0.0,True,80889
TF-IDF Reverse,100,500,62,1,0.002,0.016129032258064516,0.008297153057059694,True,80889
TF-IDF Reverse,100,1000,62,3,0.003,0.04838709677419355,0.021998186059053664,True,80889
User Activity,100,100,62,0,0.0,0.0,0.0,True,80889
User Activity,100,500,62,0,0.0,0.0,0.0,True,80889
User Activity,100,1000,62,0,0.0,0.0,0.0,True,80889
Random Reverse,100,100,62,0,0.0,0.0,0.0,True,80889
Random Reverse,100,500,62,2,0.004,0.03225806451612903,0.016844672764682864,True,80889
Random Reverse,100,1000,62,2,0.002,0.03225806451612903,0.016844672764682864,True,80889
TF-IDF Reverse,101,100,26,0,0.0,0.0,0.0,True,80889
TF-IDF Reverse,101,500,26,0,0.0,0.0,0.0,True,80889
TF-IDF Reverse,101,1000,26,0,0.0,0.0,0.0,True,80889
User Activity,101,100,26,0,0.0,0.0,0.0,True,80889
User Activity,101,500,26,0,0.0,0.0,0.0,True,80889
User Activity,101,1000,26,0,0.0,0.0,0.0,True,80889
Random Reverse,101,100,26,1,0.01,0.038461538461538464,0.019305120432025837,True,80889
Random Reverse,101,500,26,1,0.002,0.038461538461538464,0.019305120432025837,True,80889
Random Reverse,101,1000,26,1,0.001,0.038461538461538464,0.019305120432025837,True,80889
TF-IDF Reverse,103,100,5,0,0.0,0.0,0.0,True,80889
TF-IDF Reverse,103,500,5,0,0.0,0.0,0.0,True,80889
TF-IDF Reverse,103,1000,5,0,0.0,0.0,0.0,True,80889
User Activity,103,100,5,0,0.0,0.0,0.0,True,80889
User Activity,103,500,5,0,0.0,0.0,0.0,True,80889
User Activity,103,1000,5,0,0.0,0.0,0.0,True,80889
Random Reverse,103,100,5,0,0.0,0.0,0.0,True,80889
Random Reverse,103,500,5,0,0.0,0.0,0.0,True,80889
Random Reverse,103,1000,5,0,0.0,0.0,0.0,True,80889
TF-IDF Reverse,104,100,21,0,0.0,0.0,0.0,True,80889
TF-IDF Reverse,104,500,21,0,0.0,0.0,0.0,True,80889
TF-IDF Reverse,104,1000,21,0,0.0,0.0,0.0,True,80889
User Activity,104,100,21,0,0.0,0.0,0.0,True,80889
User Activity,104,500,21,0,0.0,0.0,0.0,True,80889
User Activity,104,1000,21,0,0.0,0.0,0.0,True,80889
Random Reverse,104,100,21,0,0.0,0.0,0.0,True,80889
Random Reverse,104,500,21,0,0.0,0.0,0.0,True,80889
Random Reverse,104,1000,21,0,0.0,0.0,0.0,True,80889
TF-IDF Reverse,105,100,8,1,0.01,0.125,0.045793403745618515,True,80889
TF-IDF Reverse,105,500,8,1,0.002,0.125,0.045793403745618515,True,80889
TF-IDF Reverse,105,1000,8,1,0.001,0.125,0.045793403745618515,True,80889
User Activity,105,100,8,0,0.0,0.0,0.0,True,80889
User Activity,105,500,8,0,0.0,0.0,0.0,True,80889
User Activity,105,1000,8,0,0.0,0.0,0.0,True,80889
Random Reverse,105,100,8,0,0.0,0.0,0.0,True,80889
Random Reverse,105,500,8,0,0.0,0.0,0.0,True,80889
Random Reverse,105,1000,8,0,0.0,0.0,0.0,True,80889
TF-IDF Reverse,108,100,67,0,0.0,0.0,0.0,True,80889
TF-IDF Reverse,108,500,67,2,0.004,0.029850746268656716,0.016408508628459672,True,80889
TF-IDF Reverse,108,1000,67,4,0.004,0.05970149253731343,0.029418020776475137,True,80889
User Activity,108,100,67,0,0.0,0.0,0.0,True,80889
User Activity,108,500,67,1,0.002,0.014925373134328358,0.007547619393500757,True,80889
User Activity,108,1000,67,1,0.001,0.014925373134328358,0.007547619393500757,True,80889
Random Reverse,108,100,67,0,0.0,0.0,0.0,True,80889
Random Reverse,108,500,67,0,0.0,0.0,0.0,True,80889
Random Reverse,108,1000,67,1,0.001,0.014925373134328358,0.007024140269973885,True,80889
TF-IDF Reverse,111,100,27,0,0.0,0.0,0.0,True,80889
TF-IDF Reverse,111,500,27,2,0.004,0.07407407407407407,0.03044594855182831,True,80889
TF-IDF Reverse,111,1000,27,2,0.002,0.07407407407407407,0.03044594855182831,True,80889
User Activity,111,100,27,0,0.0,0.0,0.0,True,80889
User Activity,111,500,27,0,0.0,0.0,0.0,True,80889
User Activity,111,1000,27,0,0.0,0.0,0.0,True,80889
Random Reverse,111,100,27,0,0.0,0.0,0.0,True,80889
Random Reverse,111,500,27,1,0.002,0.037037037037037035,0.014860535225992953,True,80889
Random Reverse,111,1000,27,2,0.002,0.07407407407407407,0.026932666769345467,True,80889
TF-IDF Reverse,113,100,39,2,0.02,0.05128205128205128,0.04682795691499339,True,80889
TF-IDF Reverse,113,500,39,2,0.004,0.05128205128205128,0.04682795691499339,True,80889
TF-IDF Reverse,113,1000,39,2,0.002,0.05128205128205128,0.04682795691499339,True,80889
User Activity,113,100,39,0,0.0,0.0,0.0,True,80889
User Activity,113,500,39,0,0.0,0.0,0.0,True,80889
User Activity,113,1000,39,0,0.0,0.0,0.0,True,80889
Random Reverse,113,100,39,0,0.0,0.0,0.0,True,80889
Random Reverse,113,500,39,1,0.002,0.02564102564102564,0.010345706266073111,True,80889
Random Reverse,113,1000,39,2,0.002,0.05128205128205128,0.019919068992384405,True,80889
TF-IDF Reverse,114,100,9,0,0.0,0.0,0.0,True,80889
TF-IDF Reverse,114,500,9,1,0.002,0.1111111111111111,0.02946437277725144,True,80889
TF-IDF Reverse,114,1000,9,2,0.002,0.2222222222222222,0.05304621423551235,True,80889
User Activity,114,100,9,0,0.0,0.0,0.0,True,80889
User Activity,114,500,9,0,0.0,0.0,0.0,True,80889
User Activity,114,1000,9,0,0.0,0.0,0.0,True,80889
Random Reverse,114,100,9,0,0.0,0.0,0.0,True,80889
Random Reverse,114,500,9,0,0.0,0.0,0.0,True,80889
Random Reverse,114,1000,9,0,0.0,0.0,0.0,True,80889
TF-IDF Reverse,115,100,12,0,0.0,0.0,0.0,True,80889
TF-IDF Reverse,115,500,12,0,0.0,0.0,0.0,True,80889
TF-IDF Reverse,115,1000,12,1,0.001,0.08333333333333333,0.020673931239416105,True,80889
User Activity,115,100,12,0,0.0,0.0,0.0,True,80889
User Activity,115,500,12,0,0.0,0.0,0.0,True,80889
User Activity,115,1000,12,0,0.0,0.0,0.0,True,80889
Random Reverse,115,100,12,0,0.0,0.0,0.0,True,80889
Random Reverse,115,500,12,0,0.0,0.0,0.0,True,80889
Random Reverse,115,1000,12,0,0.0,0.0,0.0,True,80889
TF-IDF Reverse,117,100,21,0,0.0,0.0,0.0,True,80889
TF-IDF Reverse,117,500,21,0,0.0,0.0,0.0,True,80889
TF-IDF Reverse,117,1000,21,0,0.0,0.0,0.0,True,80889
User Activity,117,100,21,0,0.0,0.0,0.0,True,80889
User Activity,117,500,21,0,0.0,0.0,0.0,True,80889
User Activity,117,1000,21,0,0.0,0.0,0.0,True,80889
Random Reverse,117,100,21,0,0.0,0.0,0.0,True,80889
Random Reverse,117,500,21,0,0.0,0.0,0.0,True,80889
Random Reverse,117,1000,21,0,0.0,0.0,0.0,True,80889
TF-IDF Reverse,119,100,5,0,0.0,0.0,0.0,True,80889
TF-IDF Reverse,119,500,5,0,0.0,0.0,0.0,True,80889
TF-IDF Reverse,119,1000,5,0,0.0,0.0,0.0,True,80889
User Activity,119,100,5,0,0.0,0.0,0.0,True,80889
User Activity,119,500,5,0,0.0,0.0,0.0,True,80889
User Activity,119,1000,5,0,0.0,0.0,0.0,True,80889
Random Reverse,119,100,5,0,0.0,0.0,0.0,True,80889
Random Reverse,119,500,5,0,0.0,0.0,0.0,True,80889
Random Reverse,119,1000,5,0,0.0,0.0,0.0,True,80889
TF-IDF Reverse,121,100,23,0,0.0,0.0,0.0,True,80889
TF-IDF Reverse,121,500,23,0,0.0,0.0,0.0,True,80889
TF-IDF Reverse,121,1000,23,1,0.001,0.043478260869565216,0.013320706458095057,True,80889
User Activity,121,100,23,0,0.0,0.0,0.0,True,80889
User Activity,121,500,23,0,0.0,0.0,0.0,True,80889
User Activity,121,1000,23,0,0.0,0.0,0.0,True,80889
Random Reverse,121,100,23,0,0.0,0.0,0.0,True,80889
Random Reverse,121,500,23,0,0.0,0.0,0.0,True,80889
Random Reverse,121,1000,23,0,0.0,0.0,0.0,True,80889
TF-IDF Reverse,122,100,55,1,0.01,0.01818181818181818,0.011811737525003802,True,80889
TF-IDF Reverse,122,500,55,5,0.01,0.09090909090909091,0.048576084359567645,True,80889
TF-IDF Reverse,122,1000,55,8,0.008,0.14545454545454545,0.07104237733085172,True,80889
User Activity,122,100,55,0,0.0,0.0,0.0,True,80889
User Activity,122,500,55,0,0.0,0.0,0.0,True,80889
User Activity,122,1000,55,0,0.0,0.0,0.0,True,80889
Random Reverse,122,100,55,0,0.0,0.0,0.0,True,80889
Random Reverse,122,500,55,0,0.0,0.0,0.0,True,80889
Random Reverse,122,1000,55,0,0.0,0.0,0.0,True,80889
TF-IDF Reverse,123,100,6,0,0.0,0.0,0.0,True,80889
TF-IDF Reverse,123,500,6,0,0.0,0.0,0.0,True,80889
TF-IDF Reverse,123,1000,6,0,0.0,0.0,0.0,True,80889
User Activity,123,100,6,0,0.0,0.0,0.0,True,80889
User Activity,123,500,6,0,0.0,0.0,0.0,True,80889
User Activity,123,1000,6,0,0.0,0.0,0.0,True,80889
Random Reverse,123,100,6,0,0.0,0.0,0.0,True,80889
Random Reverse,123,500,6,0,0.0,0.0,0.0,True,80889
Random Reverse,123,1000,6,0,0.0,0.0,0.0,True,80889
TF-IDF Reverse,124,100,14,0,0.0,0.0,0.0,True,80889
TF-IDF Reverse,124,500,14,0,0.0,0.0,0.0,True,80889
TF-IDF Reverse,124,1000,14,1,0.001,0.07142857142857142,0.01841114361129341,True,80889
User Activity,124,100,14,0,0.0,0.0,0.0,True,80889
User Activity,124,500,14,0,0.0,0.0,0.0,True,80889
User Activity,124,1000,14,0,0.0,0.0,0.0,True,80889
Random Reverse,124,100,14,0,0.0,0.0,0.0,True,80889
Random Reverse,124,500,14,0,0.0,0.0,0.0,True,80889
Random Reverse,124,1000,14,0,0.0,0.0,0.0,True,80889
TF-IDF Reverse,128,100,6,0,0.0,0.0,0.0,True,80889
TF-IDF Reverse,128,500,6,0,0.0,0.0,0.0,True,80889
TF-IDF Reverse,128,1000,6,0,0.0,0.0,0.0,True,80889
User Activity,128,100,6,0,0.0,0.0,0.0,True,80889
User Activity,128,500,6,0,0.0,0.0,0.0,True,80889
User Activity,128,1000,6,0,0.0,0.0,0.0,True,80889
Random Reverse,128,100,6,0,0.0,0.0,0.0,True,80889
Random Reverse,128,500,6,0,0.0,0.0,0.0,True,80889
Random Reverse,128,1000,6,0,0.0,0.0,0.0,True,80889
TF-IDF Reverse,131,100,20,0,0.0,0.0,0.0,True,80889
TF-IDF Reverse,131,500,20,0,0.0,0.0,0.0,True,80889
TF-IDF Reverse,131,1000,20,0,0.0,0.0,0.0,True,80889
User Activity,131,100,20,0,0.0,0.0,0.0,True,80889
User Activity,131,500,20,0,0.0,0.0,0.0,True,80889
User Activity,131,1000,20,0,0.0,0.0,0.0,True,80889
Random Reverse,131,100,20,0,0.0,0.0,0.0,True,80889
Random Reverse,131,500,20,1,0.002,0.05,0.016358416242778628,True,80889
Random Reverse,131,1000,20,1,0.001,0.05,0.016358416242778628,True,80889
TF-IDF Reverse,132,100,38,1,0.01,0.02631578947368421,0.019410723266575666,True,80889
TF-IDF Reverse,132,500,38,4,0.008,0.10526315789473684,0.05298387179362877,True,80889
TF-IDF Reverse,132,1000,38,8,0.008,0.21052631578947367,0.09348885809541549,True,80889
User Activity,132,100,38,0,0.0,0.0,0.0,True,80889
User Activity,132,500,38,0,0.0,0.0,0.0,True,80889
User Activity,132,1000,38,0,0.0,0.0,0.0,True,80889
Random Reverse,132,100,38,0,0.0,0.0,0.0,True,80889
Random Reverse,132,500,38,0,0.0,0.0,0.0,True,80889
Random Reverse,132,1000,38,0,0.0,0.0,0.0,True,80889
TF-IDF Reverse,133,100,18,0,0.0,0.0,0.0,True,80889
TF-IDF Reverse,133,500,18,0,0.0,0.0,0.0,True,80889
TF-IDF Reverse,133,1000,18,1,0.001,0.05555555555555555,0.01571222357438937,True,80889
User Activity,133,100,18,0,0.0,0.0,0.0,True,80889
User Activity,133,500,18,0,0.0,0.0,0.0,True,80889
User Activity,133,1000,18,0,0.0,0.0,0.0,True,80889
Random Reverse,133,100,18,0,0.0,0.0,0.0,True,80889
Random Reverse,133,500,18,1,0.002,0.05555555555555555,0.01703664570863477,True,80889
Random Reverse,133,1000,18,2,0.002,0.1111111111111111,0.03394095578203428,True,80889
TF-IDF Reverse,134,100,36,0,0.0,0.0,0.0,True,80889
TF-IDF Reverse,134,500,36,0,0.0,0.0,0.0,True,80889
TF-IDF Reverse,134,1000,36,1,0.001,0.027777777777777776,0.00992927447399255,True,80889
User Activity,134,100,36,0,0.0,0.0,0.0,True,80889
User Activity,134,500,36,0,0.0,0.0,0.0,True,80889
User Activity,134,1000,36,0,0.0,0.0,0.0,True,80889
Random Reverse,134,100,36,0,0.0,0.0,0.0,True,80889
Random Reverse,134,500,36,0,0.0,0.0,0.0,True,80889
Random Reverse,134,1000,36,0,0.0,0.0,0.0,True,80889
TF-IDF Reverse,135,100,32,0,0.0,0.0,0.0,True,80889
TF-IDF Reverse,135,500,32,0,0.0,0.0,0.0,True,80889
TF-IDF Reverse,135,1000,32,0,0.0,0.0,0.0,True,80889
User Activity,135,100,32,0,0.0,0.0,0.0,True,80889
User Activity,135,500,32,0,0.0,0.0,0.0,True,80889
User Activity,135,1000,32,0,0.0,0.0,0.0,True,80889
Random Reverse,135,100,32,0,0.0,0.0,0.0,True,80889
Random Reverse,135,500,32,0,0.0,0.0,0.0,True,80889
Random Reverse,135,1000,32,0,0.0,0.0,0.0,True,80889
TF-IDF Reverse,136,100,6,0,0.0,0.0,0.0,True,80889
TF-IDF Reverse,136,500,6,0,0.0,0.0,0.0,True,80889
TF-IDF Reverse,136,1000,6,0,0.0,0.0,0.0,True,80889
User Activity,136,100,6,0,0.0,0.0,0.0,True,80889
User Activity,136,500,6,0,0.0,0.0,0.0,True,80889
User Activity,136,1000,6,0,0.0,0.0,0.0,True,80889
Random Reverse,136,100,6,0,0.0,0.0,0.0,True,80889
Random Reverse,136,500,6,0,0.0,0.0,0.0,True,80889
Random Reverse,136,1000,6,0,0.0,0.0,0.0,True,80889
TF-IDF Reverse,138,100,43,4,0.04,0.09302325581395349,0.06566398542258202,True,80889
TF-IDF Reverse,138,500,43,6,0.012,0.13953488372093023,0.08641244535953657,True,80889
TF-IDF Reverse,138,1000,43,6,0.006,0.13953488372093023,0.08641244535953657,True,80889
User Activity,138,100,43,0,0.0,0.0,0.0,True,80889
User Activity,138,500,43,0,0.0,0.0,0.0,True,80889
User Activity,138,1000,43,0,0.0,0.0,0.0,True,80889
Random Reverse,138,100,43,0,0.0,0.0,0.0,True,80889
Random Reverse,138,500,43,0,0.0,0.0,0.0,True,80889
Random Reverse,138,1000,43,0,0.0,0.0,0.0,True,80889
TF-IDF Reverse,139,100,5,2,0.02,0.4,0.20175535116021542,True,80889
TF-IDF Reverse,139,500,5,2,0.004,0.4,0.20175535116021542,True,80889
TF-IDF Reverse,139,1000,5,2,0.002,0.4,0.20175535116021542,True,80889
User Activity,139,100,5,0,0.0,0.0,0.0,True,80889
User Activity,139,500,5,0,0.0,0.0,0.0,True,80889
User Activity,139,1000,5,0,0.0,0.0,0.0,True,80889
Random Reverse,139,100,5,0,0.0,0.0,0.0,True,80889
Random Reverse,139,500,5,0,0.0,0.0,0.0,True,80889
Random Reverse,139,1000,5,0,0.0,0.0,0.0,True,80889
TF-IDF Reverse,141,100,10,1,0.01,0.1,0.03919913448933767,True,80889
TF-IDF Reverse,141,500,10,1,0.002,0.1,0.03919913448933767,True,80889
TF-IDF Reverse,141,1000,10,1,0.001,0.1,0.03919913448933767,True,80889
User Activity,141,100,10,0,0.0,0.0,0.0,True,80889
User Activity,141,500,10,0,0.0,0.0,0.0,True,80889
User Activity,141,1000,10,0,0.0,0.0,0.0,True,80889
Random Reverse,141,100,10,0,0.0,0.0,0.0,True,80889
Random Reverse,141,500,10,0,0.0,0.0,0.0,True,80889
Random Reverse,141,1000,10,0,0.0,0.0,0.0,True,80889
TF-IDF Reverse,142,100,15,0,0.0,0.0,0.0,True,80889
TF-IDF Reverse,142,500,15,1,0.002,0.06666666666666667,0.02330113271635855,True,80889
TF-IDF Reverse,142,1000,15,1,0.001,0.06666666666666667,0.02330113271635855,True,80889
User Activity,142,100,15,0,0.0,0.0,0.0,True,80889
User Activity,142,500,15,0,0.0,0.0,0.0,True,80889
User Activity,142,1000,15,0,0.0,0.0,0.0,True,80889
Random Reverse,142,100,15,0,0.0,0.0,0.0,True,80889
Random Reverse,142,500,15,0,0.0,0.0,0.0,True,80889
Random Reverse,142,1000,15,0,0.0,0.0,0.0,True,80889
TF-IDF Reverse,143,100,9,1,0.01,0.1111111111111111,0.044165487624736516,True,80889
TF-IDF Reverse,143,500,9,1,0.002,0.1111111111111111,0.044165487624736516,True,80889
TF-IDF Reverse,143,1000,9,3,0.003,0.3333333333333333,0.09160075196431161,True,80889
User Activity,143,100,9,0,0.0,0.0,0.0,True,80889
User Activity,143,500,9,0,0.0,0.0,0.0,True,80889
User Activity,143,1000,9,0,0.0,0.0,0.0,True,80889
Random Reverse,143,100,9,0,0.0,0.0,0.0,True,80889
Random Reverse,143,500,9,0,0.0,0.0,0.0,True,80889
Random Reverse,143,1000,9,0,0.0,0.0,0.0,True,80889
TF-IDF Reverse,144,100,19,0,0.0,0.0,0.0,True,80889
TF-IDF Reverse,144,500,19,0,0.0,0.0,0.0,True,80889
TF-IDF Reverse,144,1000,19,0,0.0,0.0,0.0,True,80889
User Activity,144,100,19,0,0.0,0.0,0.0,True,80889
User Activity,144,500,19,0,0.0,0.0,0.0,True,80889
User Activity,144,1000,19,0,0.0,0.0,0.0,True,80889
Random Reverse,144,100,19,0,0.0,0.0,0.0,True,80889
Random Reverse,144,500,19,0,0.0,0.0,0.0,True,80889
Random Reverse,144,1000,19,1,0.001,0.05263157894736842,0.015808348730501364,True,80889
TF-IDF Reverse,145,100,7,0,0.0,0.0,0.0,True,80889
TF-IDF Reverse,145,500,7,0,0.0,0.0,0.0,True,80889
TF-IDF Reverse,145,1000,7,0,0.0,0.0,0.0,True,80889
User Activity,145,100,7,0,0.0,0.0,0.0,True,80889
User Activity,145,500,7,0,0.0,0.0,0.0,True,80889
User Activity,145,1000,7,0,0.0,0.0,0.0,True,80889
Random Reverse,145,100,7,0,0.0,0.0,0.0,True,80889
Random Reverse,145,500,7,0,0.0,0.0,0.0,True,80889
Random Reverse,145,1000,7,0,0.0,0.0,0.0,True,80889
TF-IDF Reverse,147,100,5,0,0.0,0.0,0.0,True,80889
TF-IDF Reverse,147,500,5,0,0.0,0.0,0.0,True,80889
TF-IDF Reverse,147,1000,5,0,0.0,0.0,0.0,True,80889
User Activity,147,100,5,0,0.0,0.0,0.0,True,80889
User Activity,147,500,5,0,0.0,0.0,0.0,True,80889
User Activity,147,1000,5,0,0.0,0.0,0.0,True,80889
Random Reverse,147,100,5,0,0.0,0.0,0.0,True,80889
Random Reverse,147,500,5,0,0.0,0.0,0.0,True,80889
Random Reverse,147,1000,5,0,0.0,0.0,0.0,True,80889
TF-IDF Reverse,148,100,7,0,0.0,0.0,0.0,True,80889
TF-IDF Reverse,148,500,7,0,0.0,0.0,0.0,True,80889
TF-IDF Reverse,148,1000,7,1,0.001,0.14285714285714285,0.02763029615971522,True,80889
User Activity,148,100,7,0,0.0,0.0,0.0,True,80889
User Activity,148,500,7,0,0.0,0.0,0.0,True,80889
User Activity,148,1000,7,0,0.0,0.0,0.0,True,80889
Random Reverse,148,100,7,0,0.0,0.0,0.0,True,80889
Random Reverse,148,500,7,0,0.0,0.0,0.0,True,80889
Random Reverse,148,1000,7,0,0.0,0.0,0.0,True,80889
TF-IDF Reverse,151,100,41,0,0.0,0.0,0.0,True,80889
TF-IDF Reverse,151,500,41,1,0.002,0.024390243902439025,0.01073337255133143,True,80889
TF-IDF Reverse,151,1000,41,1,0.001,0.024390243902439025,0.01073337255133143,True,80889
User Activity,151,100,41,0,0.0,0.0,0.0,True,80889
User Activity,151,500,41,0,0.0,0.0,0.0,True,80889
User Activity,151,1000,41,0,0.0,0.0,0.0,True,80889
Random Reverse,151,100,41,0,0.0,0.0,0.0,True,80889
Random Reverse,151,500,41,0,0.0,0.0,0.0,True,80889
Random Reverse,151,1000,41,0,0.0,0.0,0.0,True,80889
TF-IDF Reverse,153,100,6,1,0.01,0.16666666666666666,0.05576624569167862,True,80889
TF-IDF Reverse,153,500,6,1,0.002,0.16666666666666666,0.05576624569167862,True,80889
TF-IDF Reverse,153,1000,6,1,0.001,0.16666666666666666,0.05576624569167862,True,80889
User Activity,153,100,6,0,0.0,0.0,0.0,True,80889
User Activity,153,500,6,0,0.0,0.0,0.0,True,80889
User Activity,153,1000,6,0,0.0,0.0,0.0,True,80889
Random Reverse,153,100,6,0,0.0,0.0,0.0,True,80889
Random Reverse,153,500,6,0,0.0,0.0,0.0,True,80889
Random Reverse,153,1000,6,1,0.001,0.16666666666666666,0.031948140814521846,True,80889
TF-IDF Reverse,155,100,11,0,0.0,0.0,0.0,True,80889
TF-IDF Reverse,155,500,11,0,0.0,0.0,0.0,True,80889
TF-IDF Reverse,155,1000,11,0,0.0,0.0,0.0,True,80889
User Activity,155,100,11,0,0.0,0.0,0.0,True,80889
User Activity,155,500,11,0,0.0,0.0,0.0,True,80889
User Activity,155,1000,11,0,0.0,0.0,0.0,True,80889
Random Reverse,155,100,11,0,0.0,0.0,0.0,True,80889
Random Reverse,155,500,11,0,0.0,0.0,0.0,True,80889
Random Reverse,155,1000,11,0,0.0,0.0,0.0,True,80889
TF-IDF Reverse,158,100,20,0,0.0,0.0,0.0,True,80889
TF-IDF Reverse,158,500,20,0,0.0,0.0,0.0,True,80889
TF-IDF Reverse,158,1000,20,0,0.0,0.0,0.0,True,80889
User Activity,158,100,20,0,0.0,0.0,0.0,True,80889
User Activity,158,500,20,0,0.0,0.0,0.0,True,80889
User Activity,158,1000,20,0,0.0,0.0,0.0,True,80889
Random Reverse,158,100,20,0,0.0,0.0,0.0,True,80889
Random Reverse,158,500,20,0,0.0,0.0,0.0,True,80889
Random Reverse,158,1000,20,1,0.001,0.05,0.014550970050903247,True,80889
TF-IDF Reverse,159,100,7,0,0.0,0.0,0.0,True,80889
TF-IDF Reverse,159,500,7,0,0.0,0.0,0.0,True,80889
TF-IDF Reverse,159,1000,7,0,0.0,0.0,0.0,True,80889
User Activity,159,100,7,0,0.0,0.0,0.0,True,80889
User Activity,159,500,7,0,0.0,0.0,0.0,True,80889
User Activity,159,1000,7,0,0.0,0.0,0.0,True,80889
Random Reverse,159,100,7,0,0.0,0.0,0.0,True,80889
Random Reverse,159,500,7,0,0.0,0.0,0.0,True,80889
Random Reverse,159,1000,7,0,0.0,0.0,0.0,True,80889
TF-IDF Reverse,160,100,5,0,0.0,0.0,0.0,True,80889
TF-IDF Reverse,160,500,5,0,0.0,0.0,0.0,True,80889
TF-IDF Reverse,160,1000,5,1,0.001,0.2,0.03703695051280456,True,80889
User Activity,160,100,5,0,0.0,0.0,0.0,True,80889
User Activity,160,500,5,0,0.0,0.0,0.0,True,80889
User Activity,160,1000,5,0,0.0,0.0,0.0,True,80889
Random Reverse,160,100,5,0,0.0,0.0,0.0,True,80889
Random Reverse,160,500,5,0,0.0,0.0,0.0,True,80889
Random Reverse,160,1000,5,0,0.0,0.0,0.0,True,80889
TF-IDF Reverse,161,100,7,2,0.02,0.2857142857142857,0.1394787375204441,True,80889
TF-IDF Reverse,161,500,7,3,0.006,0.42857142857142855,0.17837951070704508,True,80889
TF-IDF Reverse,161,1000,7,3,0.003,0.42857142857142855,0.17837951070704508,True,80889
User Activity,161,100,7,0,0.0,0.0,0.0,True,80889
User Activity,161,500,7,0,0.0,0.0,0.0,True,80889
User Activity,161,1000,7,0,0.0,0.0,0.0,True,80889
Random Reverse,161,100,7,0,0.0,0.0,0.0,True,80889
Random Reverse,161,500,7,0,0.0,0.0,0.0,True,80889
Random Reverse,161,1000,7,0,0.0,0.0,0.0,True,80889
TF-IDF Reverse,163,100,81,0,0.0,0.0,0.0,True,80889
TF-IDF Reverse,163,500,81,0,0.0,0.0,0.0,True,80889
TF-IDF Reverse,163,1000,81,1,0.001,0.012345679012345678,0.005778105975131,True,80889
User Activity,163,100,81,0,0.0,0.0,0.0,True,80889
User Activity,163,500,81,0,0.0,0.0,0.0,True,80889
User Activity,163,1000,81,0,0.0,0.0,0.0,True,80889
Random Reverse,163,100,81,0,0.0,0.0,0.0,True,80889
Random Reverse,163,500,81,0,0.0,0.0,0.0,True,80889
Random Reverse,163,1000,81,0,0.0,0.0,0.0,True,80889
TF-IDF Reverse,164,100,10,0,0.0,0.0,0.0,True,80889
TF-IDF Reverse,164,500,10,0,0.0,0.0,0.0,True,80889
TF-IDF Reverse,164,1000,10,0,0.0,0.0,0.0,True,80889
User Activity,164,100,10,0,0.0,0.0,0.0,True,80889
User Activity,164,500,10,0,0.0,0.0,0.0,True,80889
User Activity,164,1000,10,0,0.0,0.0,0.0,True,80889
Random Reverse,164,100,10,0,0.0,0.0,0.0,True,80889
Random Reverse,164,500,10,0,0.0,0.0,0.0,True,80889
Random Reverse,164,1000,10,0,0.0,0.0,0.0,True,80889
TF-IDF Reverse,165,100,58,0,0.0,0.0,0.0,True,80889
TF-IDF Reverse,165,500,58,0,0.0,0.0,0.0,True,80889
TF-IDF Reverse,165,1000,58,0,0.0,0.0,0.0,True,80889
User Activity,165,100,58,0,0.0,0.0,0.0,True,80889
User Activity,165,500,58,0,0.0,0.0,0.0,True,80889
User Activity,165,1000,58,0,0.0,0.0,0.0,True,80889
Random Reverse,165,100,58,0,0.0,0.0,0.0,True,80889
Random Reverse,165,500,58,0,0.0,0.0,0.0,True,80889
Random Reverse,165,1000,58,2,0.002,0.034482758620689655,0.014686124749881903,True,80889
TF-IDF Reverse,166,100,126,1,0.01,0.007936507936507936,0.008020985666446202,True,80889
TF-IDF Reverse,166,500,126,2,0.004,0.015873015873015872,0.011475302159098432,True,80889
TF-IDF Reverse,166,1000,126,2,0.002,0.015873015873015872,0.011475302159098432,True,80889
User Activity,166,100,126,0,0.0,0.0,0.0,True,80889
User Activity,166,500,126,0,0.0,0.0,0.0,True,80889
User Activity,166,1000,126,0,0.0,0.0,0.0,True,80889
Random Reverse,166,100,126,0,0.0,0.0,0.0,True,80889
Random Reverse,166,500,126,1,0.002,0.007936507936507936,0.0055266699909285715,True,80889
Random Reverse,166,1000,126,2,0.002,0.015873015873015872,0.009787329703523993,True,80889
TF-IDF Reverse,167,100,17,1,0.01,0.058823529411764705,0.029815000685823243,True,80889
TF-IDF Reverse,167,500,17,1,0.002,0.058823529411764705,0.029815000685823243,True,80889
TF-IDF Reverse,167,1000,17,1,0.001,0.058823529411764705,0.029815000685823243,True,80889
User Activity,167,100,17,0,0.0,0.0,0.0,True,80889
User Activity,167,500,17,0,0.0,0.0,0.0,True,80889
User Activity,167,1000,17,0,0.0,0.0,0.0,True,80889
Random Reverse,167,100,17,0,0.0,0.0,0.0,True,80889
Random Reverse,167,500,17,1,0.002,0.058823529411764705,0.019421897757562326,True,80889
Random Reverse,167,1000,17,1,0.001,0.058823529411764705,0.019421897757562326,True,80889
TF-IDF Reverse,168,100,25,0,0.0,0.0,0.0,True,80889
TF-IDF Reverse,168,500,25,1,0.002,0.04,0.017804614452123592,True,80889
TF-IDF Reverse,168,1000,25,1,0.001,0.04,0.017804614452123592,True,80889
User Activity,168,100,25,0,0.0,0.0,0.0,True,80889
User Activity,168,500,25,0,0.0,0.0,0.0,True,80889
User Activity,168,1000,25,0,0.0,0.0,0.0,True,80889
Random Reverse,168,100,25,0,0.0,0.0,0.0,True,80889
Random Reverse,168,500,25,0,0.0,0.0,0.0,True,80889
Random Reverse,168,1000,25,0,0.0,0.0,0.0,True,80889
TF-IDF Reverse,171,100,8,0,0.0,0.0,0.0,True,80889
TF-IDF Reverse,171,500,8,1,0.002,0.125,0.031941794571857196,True,80889
TF-IDF Reverse,171,1000,8,1,0.001,0.125,0.031941794571857196,True,80889
User Activity,171,100,8,0,0.0,0.0,0.0,True,80889
User Activity,171,500,8,0,0.0,0.0,0.0,True,80889
User Activity,171,1000,8,0,0.0,0.0,0.0,True,80889
Random Reverse,171,100,8,0,0.0,0.0,0.0,True,80889
Random Reverse,171,500,8,0,0.0,0.0,0.0,True,80889
Random Reverse,171,1000,8,0,0.0,0.0,0.0,True,80889
TF-IDF Reverse,172,100,17,0,0.0,0.0,0.0,True,80889
TF-IDF Reverse,172,500,17,0,0.0,0.0,0.0,True,80889
TF-IDF Reverse,172,1000,17,0,0.0,0.0,0.0,True,80889
User Activity,172,100,17,0,0.0,0.0,0.0,True,80889
User Activity,172,500,17,0,0.0,0.0,0.0,True,80889
User Activity,172,1000,17,0,0.0,0.0,0.0,True,80889
Random Reverse,172,100,17,0,0.0,0.0,0.0,True,80889
Random Reverse,172,500,17,0,0.0,0.0,0.0,True,80889
Random Reverse,172,1000,17,1,0.001,0.058823529411764705,0.017418162093394737,True,80889
TF-IDF Reverse,176,100,9,0,0.0,0.0,0.0,True,80889
TF-IDF Reverse,176,500,9,0,0.0,0.0,0.0,True,80889
TF-IDF Reverse,176,1000,9,0,0.0,0.0,0.0,True,80889
User Activity,176,100,9,0,0.0,0.0,0.0,True,80889
User Activity,176,500,9,0,0.0,0.0,0.0,True,80889
User Activity,176,1000,9,0,0.0,0.0,0.0,True,80889
Random Reverse,176,100,9,0,0.0,0.0,0.0,True,80889
Random Reverse,176,500,9,0,0.0,0.0,0.0,True,80889
Random Reverse,176,1000,9,0,0.0,0.0,0.0,True,80889
TF-IDF Reverse,177,100,39,0,0.0,0.0,0.0,True,80889
TF-IDF Reverse,177,500,39,3,0.006,0.07692307692307693,0.033073151829447395,True,80889
TF-IDF Reverse,177,1000,39,3,0.003,0.07692307692307693,0.033073151829447395,True,80889
User Activity,177,100,39,0,0.0,0.0,0.0,True,80889
User Activity,177,500,39,0,0.0,0.0,0.0,True,80889
User Activity,177,1000,39,0,0.0,0.0,0.0,True,80889
Random Reverse,177,100,39,0,0.0,0.0,0.0,True,80889
Random Reverse,177,500,39,0,0.0,0.0,0.0,True,80889
Random Reverse,177,1000,39,0,0.0,0.0,0.0,True,80889
TF-IDF Reverse,180,100,117,0,0.0,0.0,0.0,True,80889
TF-IDF Reverse,180,500,117,2,0.004,0.017094017094017096,0.010511117015128238,True,80889
TF-IDF Reverse,180,1000,117,2,0.002,0.017094017094017096,0.010511117015128238,True,80889
User Activity,180,100,117,0,0.0,0.0,0.0,True,80889
User Activity,180,500,117,0,0.0,0.0,0.0,True,80889
User Activity,180,1000,117,0,0.0,0.0,0.0,True,80889
Random Reverse,180,100,117,0,0.0,0.0,0.0,True,80889
Random Reverse,180,500,117,0,0.0,0.0,0.0,True,80889
Random Reverse,180,1000,117,0,0.0,0.0,0.0,True,80889
TF-IDF Reverse,181,100,21,0,0.0,0.0,0.0,True,80889
TF-IDF Reverse,181,500,21,0,0.0,0.0,0.0,True,80889
TF-IDF Reverse,181,1000,21,1,0.001,0.047619047619047616,0.014600152011611802,True,80889
User Activity,181,100,21,0,0.0,0.0,0.0,True,80889
User Activity,181,500,21,0,0.0,0.0,0.0,True,80889
User Activity,181,1000,21,0,0.0,0.0,0.0,True,80889
Random Reverse,181,100,21,0,0.0,0.0,0.0,True,80889
Random Reverse,181,500,21,0,0.0,0.0,0.0,True,80889
Random Reverse,181,1000,21,0,0.0,0.0,0.0,True,80889
TF-IDF Reverse,182,100,28,0,0.0,0.0,0.0,True,80889
TF-IDF Reverse,182,500,28,0,0.0,0.0,0.0,True,80889
TF-IDF Reverse,182,1000,28,0,0.0,0.0,0.0,True,80889
User Activity,182,100,28,0,0.0,0.0,0.0,True,80889
User Activity,182,500,28,0,0.0,0.0,0.0,True,80889
User Activity,182,1000,28,0,0.0,0.0,0.0,True,80889
Random Reverse,182,100,28,0,0.0,0.0,0.0,True,80889
Random Reverse,182,500,28,0,0.0,0.0,0.0,True,80889
Random Reverse,182,1000,28,1,0.001,0.03571428571428571,0.011495352417688422,True,80889
TF-IDF Reverse,183,100,157,0,0.0,0.0,0.0,True,80889
TF-IDF Reverse,183,500,157,2,0.004,0.012738853503184714,0.007923321314483579,True,80889
TF-IDF Reverse,183,1000,157,5,0.005,0.03184713375796178,0.01869015093674004,True,80889
User Activity,183,100,157,0,0.0,0.0,0.0,True,80889
User Activity,183,500,157,0,0.0,0.0,0.0,True,80889
User Activity,183,1000,157,0,0.0,0.0,0.0,True,80889
Random Reverse,183,100,157,0,0.0,0.0,0.0,True,80889
Random Reverse,183,500,157,0,0.0,0.0,0.0,True,80889
Random Reverse,183,1000,157,0,0.0,0.0,0.0,True,80889
TF-IDF Reverse,184,100,362,0,0.0,0.0,0.0,True,80889
TF-IDF Reverse,184,500,362,3,0.006,0.008287292817679558,0.00712161701580521,True,80889
TF-IDF Reverse,184,1000,362,9,0.009,0.024861878453038673,0.01887450928921053,True,80889
User Activity,184,100,362,0,0.0,0.0,0.0,True,80889
User Activity,184,500,362,0,0.0,0.0,0.0,True,80889
User Activity,184,1000,362,0,0.0,0.0,0.0,True,80889
Random Reverse,184,100,362,0,0.0,0.0,0.0,True,80889
Random Reverse,184,500,362,0,0.0,0.0,0.0,True,80889
Random Reverse,184,1000,362,0,0.0,0.0,0.0,True,80889
TF-IDF Reverse,187,100,11,0,0.0,0.0,0.0,True,80889
TF-IDF Reverse,187,500,11,0,0.0,0.0,0.0,True,80889
TF-IDF Reverse,187,1000,11,0,0.0,0.0,0.0,True,80889
User Activity,187,100,11,0,0.0,0.0,0.0,True,80889
User Activity,187,500,11,0,0.0,0.0,0.0,True,80889
User Activity,187,1000,11,0,0.0,0.0,0.0,True,80889
Random Reverse,187,100,11,0,0.0,0.0,0.0,True,80889
Random Reverse,187,500,11,0,0.0,0.0,0.0,True,80889
Random Reverse,187,1000,11,0,0.0,0.0,0.0,True,80889
TF-IDF Reverse,189,100,54,2,0.02,0.037037037037037035,0.026566240022882815,True,80889
TF-IDF Reverse,189,500,54,4,0.008,0.07407407407407407,0.04419083563497075,True,80889
TF-IDF Reverse,189,1000,54,5,0.005,0.09259259259259259,0.05165982790163081,True,80889
User Activity,189,100,54,0,0.0,0.0,0.0,True,80889
User Activity,189,500,54,0,0.0,0.0,0.0,True,80889
User Activity,189,1000,54,2,0.002,0.037037037037037035,0.015460130314097507,True,80889
Random Reverse,189,100,54,0,0.0,0.0,0.0,True,80889
Random Reverse,189,500,54,0,0.0,0.0,0.0,True,80889
Random Reverse,189,1000,54,0,0.0,0.0,0.0,True,80889
TF-IDF Reverse,191,100,23,0,0.0,0.0,0.0,True,80889
TF-IDF Reverse,191,500,23,1,0.002,0.043478260869565216,0.01542831132149895,True,80889
TF-IDF Reverse,191,1000,23,1,0.001,0.043478260869565216,0.01542831132149895,True,80889
User Activity,191,100,23,0,0.0,0.0,0.0,True,80889
User Activity,191,500,23,0,0.0,0.0,0.0,True,80889
User Activity,191,1000,23,0,0.0,0.0,0.0,True,80889
Random Reverse,191,100,23,0,0.0,0.0,0.0,True,80889
Random Reverse,191,500,23,0,0.0,0.0,0.0,True,80889
Random Reverse,191,1000,23,0,0.0,0.0,0.0,True,80889
TF-IDF Reverse,192,100,11,0,0.0,0.0,0.0,True,80889
TF-IDF Reverse,192,500,11,0,0.0,0.0,0.0,True,80889
TF-IDF Reverse,192,1000,11,0,0.0,0.0,0.0,True,80889
User Activity,192,100,11,0,0.0,0.0,0.0,True,80889
User Activity,192,500,11,0,0.0,0.0,0.0,True,80889
User Activity,192,1000,11,0,0.0,0.0,0.0,True,80889
Random Reverse,192,100,11,0,0.0,0.0,0.0,True,80889
Random Reverse,192,500,11,0,0.0,0.0,0.0,True,80889
Random Reverse,192,1000,11,0,0.0,0.0,0.0,True,80889
TF-IDF Reverse,193,100,5,0,0.0,0.0,0.0,True,80889
TF-IDF Reverse,193,500,5,0,0.0,0.0,0.0,True,80889
TF-IDF Reverse,193,1000,5,0,0.0,0.0,0.0,True,80889
User Activity,193,100,5,0,0.0,0.0,0.0,True,80889
User Activity,193,500,5,0,0.0,0.0,0.0,True,80889
User Activity,193,1000,5,0,0.0,0.0,0.0,True,80889
Random Reverse,193,100,5,0,0.0,0.0,0.0,True,80889
Random Reverse,193,500,5,0,0.0,0.0,0.0,True,80889
Random Reverse,193,1000,5,0,0.0,0.0,0.0,True,80889
TF-IDF Reverse,194,100,9,1,0.01,0.1111111111111111,0.037735172766085644,True,80889
TF-IDF Reverse,194,500,9,1,0.002,0.1111111111111111,0.037735172766085644,True,80889
TF-IDF Reverse,194,1000,9,1,0.001,0.1111111111111111,0.037735172766085644,True,80889
User Activity,194,100,9,0,0.0,0.0,0.0,True,80889
User Activity,194,500,9,0,0.0,0.0,0.0,True,80889
User Activity,194,1000,9,0,0.0,0.0,0.0,True,80889
Random Reverse,194,100,9,0,0.0,0.0,0.0,True,80889
Random Reverse,194,500,9,0,0.0,0.0,0.0,True,80889
Random Reverse,194,1000,9,0,0.0,0.0,0.0,True,80889
TF-IDF Reverse,195,100,28,0,0.0,0.0,0.0,True,80889
TF-IDF Reverse,195,500,28,0,0.0,0.0,0.0,True,80889
TF-IDF Reverse,195,1000,28,0,0.0,0.0,0.0,True,80889
User Activity,195,100,28,0,0.0,0.0,0.0,True,80889
User Activity,195,500,28,0,0.0,0.0,0.0,True,80889
User Activity,195,1000,28,0,0.0,0.0,0.0,True,80889
Random Reverse,195,100,28,0,0.0,0.0,0.0,True,80889
Random Reverse,195,500,28,0,0.0,0.0,0.0,True,80889
Random Reverse,195,1000,28,0,0.0,0.0,0.0,True,80889
TF-IDF Reverse,196,100,20,0,0.0,0.0,0.0,True,80889
TF-IDF Reverse,196,500,20,0,0.0,0.0,0.0,True,80889
TF-IDF Reverse,196,1000,20,0,0.0,0.0,0.0,True,80889
User Activity,196,100,20,0,0.0,0.0,0.0,True,80889
User Activity,196,500,20,0,0.0,0.0,0.0,True,80889
User Activity,196,1000,20,0,0.0,0.0,0.0,True,80889
Random Reverse,196,100,20,0,0.0,0.0,0.0,True,80889
Random Reverse,196,500,20,0,0.0,0.0,0.0,True,80889
Random Reverse,196,1000,20,0,0.0,0.0,0.0,True,80889
TF-IDF Reverse,200,100,7,0,0.0,0.0,0.0,True,80889
TF-IDF Reverse,200,500,7,1,0.002,0.14285714285714285,0.03354295164547263,True,80889
TF-IDF Reverse,200,1000,7,1,0.001,0.14285714285714285,0.03354295164547263,True,80889
User Activity,200,100,7,0,0.0,0.0,0.0,True,80889
User Activity,200,500,7,0,0.0,0.0,0.0,True,80889
User Activity,200,1000,7,0,0.0,0.0,0.0,True,80889
Random Reverse,200,100,7,0,0.0,0.0,0.0,True,80889
Random Reverse,200,500,7,0,0.0,0.0,0.0,True,80889
Random Reverse,200,1000,7,0,0.0,0.0,0.0,True,80889
TF-IDF Reverse,201,100,11,0,0.0,0.0,0.0,True,80889
TF-IDF Reverse,201,500,11,0,0.0,0.0,0.0,True,80889
TF-IDF Reverse,201,1000,11,0,0.0,0.0,0.0,True,80889
User Activity,201,100,11,0,0.0,0.0,0.0,True,80889
User Activity,201,500,11,0,0.0,0.0,0.0,True,80889
User Activity,201,1000,11,0,0.0,0.0,0.0,True,80889
Random Reverse,201,100,11,0,0.0,0.0,0.0,True,80889
Random Reverse,201,500,11,0,0.0,0.0,0.0,True,80889
Random Reverse,201,1000,11,0,0.0,0.0,0.0,True,80889
TF-IDF Reverse,202,100,8,0,0.0,0.0,0.0,True,80889
TF-IDF Reverse,202,500,8,0,0.0,0.0,0.0,True,80889
TF-IDF Reverse,202,1000,8,1,0.001,0.125,0.02607072776071982,True,80889
User Activity,202,100,8,0,0.0,0.0,0.0,True,80889
User Activity,202,500,8,0,0.0,0.0,0.0,True,80889
User Activity,202,1000,8,0,0.0,0.0,0.0,True,80889
Random Reverse,202,100,8,0,0.0,0.0,0.0,True,80889
Random Reverse,202,500,8,0,0.0,0.0,0.0,True,80889
Random Reverse,202,1000,8,0,0.0,0.0,0.0,True,80889
TF-IDF Reverse,203,100,57,0,0.0,0.0,0.0,True,80889
TF-IDF Reverse,203,500,57,1,0.002,0.017543859649122806,0.009420756720108087,True,80889
TF-IDF Reverse,203,1000,57,2,0.002,0.03508771929824561,0.016768896544189966,True,80889
User Activity,203,100,57,0,0.0,0.0,0.0,True,80889
User Activity,203,500,57,0,0.0,0.0,0.0,True,80889
User Activity,203,1000,57,0,0.0,0.0,0.0,True,80889
Random Reverse,203,100,57,0,0.0,0.0,0.0,True,80889
Random Reverse,203,500,57,1,0.002,0.017543859649122806,0.008149696620445247,True,80889
Random Reverse,203,1000,57,1,0.001,0.017543859649122806,0.008149696620445247,True,80889
TF-IDF Reverse,205,100,24,3,0.03,0.125,0.10744483310274401,True,80889
TF-IDF Reverse,205,500,24,3,0.006,0.125,0.10744483310274401,True,80889
TF-IDF Reverse,205,1000,24,3,0.003,0.125,0.10744483310274401,True,80889
User Activity,205,100,24,0,0.0,0.0,0.0,True,80889
User Activity,205,500,24,0,0.0,0.0,0.0,True,80889
User Activity,205,1000,24,0,0.0,0.0,0.0,True,80889
Random Reverse,205,100,24,0,0.0,0.0,0.0,True,80889
Random Reverse,205,500,24,0,0.0,0.0,0.0,True,80889
Random Reverse,205,1000,24,0,0.0,0.0,0.0,True,80889
TF-IDF Reverse,206,100,7,0,0.0,0.0,0.0,True,80889
TF-IDF Reverse,206,500,7,0,0.0,0.0,0.0,True,80889
TF-IDF Reverse,206,1000,7,0,0.0,0.0,0.0,True,80889
User Activity,206,100,7,0,0.0,0.0,0.0,True,80889
User Activity,206,500,7,0,0.0,0.0,0.0,True,80889
User Activity,206,1000,7,0,0.0,0.0,0.0,True,80889
Random Reverse,206,100,7,0,0.0,0.0,0.0,True,80889
Random Reverse,206,500,7,0,0.0,0.0,0.0,True,80889
Random Reverse,206,1000,7,0,0.0,0.0,0.0,True,80889
TF-IDF Reverse,207,100,10,0,0.0,0.0,0.0,True,80889
TF-IDF Reverse,207,500,10,0,0.0,0.0,0.0,True,80889
TF-IDF Reverse,207,1000,10,0,0.0,0.0,0.0,True,80889
User Activity,207,100,10,0,0.0,0.0,0.0,True,80889
User Activity,207,500,10,0,0.0,0.0,0.0,True,80889
User Activity,207,1000,10,0,0.0,0.0,0.0,True,80889
Random Reverse,207,100,10,0,0.0,0.0,0.0,True,80889
Random Reverse,207,500,10,0,0.0,0.0,0.0,True,80889
Random Reverse,207,1000,10,0,0.0,0.0,0.0,True,80889
TF-IDF Reverse,211,100,15,0,0.0,0.0,0.0,True,80889
TF-IDF Reverse,211,500,15,2,0.004,0.13333333333333333,0.03927871985057868,True,80889
TF-IDF Reverse,211,1000,15,4,0.004,0.26666666666666666,0.076047538173026,True,80889
User Activity,211,100,15,0,0.0,0.0,0.0,True,80889
User Activity,211,500,15,0,0.0,0.0,0.0,True,80889
User Activity,211,1000,15,0,0.0,0.0,0.0,True,80889
Random Reverse,211,100,15,0,0.0,0.0,0.0,True,80889
Random Reverse,211,500,15,0,0.0,0.0,0.0,True,80889
Random Reverse,211,1000,15,0,0.0,0.0,0.0,True,80889
TF-IDF Reverse,212,100,96,2,0.02,0.020833333333333332,0.016988338376389404,True,80889
TF-IDF Reverse,212,500,96,5,0.01,0.052083333333333336,0.03437470884976864,True,80889
TF-IDF Reverse,212,1000,96,5,0.005,0.052083333333333336,0.03437470884976864,True,80889
User Activity,212,100,96,0,0.0,0.0,0.0,True,80889
User Activity,212,500,96,0,0.0,0.0,0.0,True,80889
User Activity,212,1000,96,0,0.0,0.0,0.0,True,80889
Random Reverse,212,100,96,0,0.0,0.0,0.0,True,80889
Random Reverse,212,500,96,0,0.0,0.0,0.0,True,80889
Random Reverse,212,1000,96,1,0.001,0.010416666666666666,0.005383372199456084,True,80889
TF-IDF Reverse,213,100,138,0,0.0,0.0,0.0,True,80889
TF-IDF Reverse,213,500,138,1,0.002,0.007246376811594203,0.005352036866686947,True,80889
TF-IDF Reverse,213,1000,138,2,0.002,0.014492753623188406,0.009335452250755412,True,80889
User Activity,213,100,138,1,0.01,0.007246376811594203,0.007491486723358121,True,80889
User Activity,213,500,138,1,0.002,0.007246376811594203,0.005932193872350356,True,80889
User Activity,213,1000,138,6,0.006,0.043478260869565216,0.025980254980357897,True,80889
Random Reverse,213,100,138,0,0.0,0.0,0.0,True,80889
Random Reverse,213,500,138,0,0.0,0.0,0.0,True,80889
Random Reverse,213,1000,138,1,0.001,0.007246376811594203,0.003935608950691717,True,80889
TF-IDF Reverse,215,100,20,2,0.02,0.1,0.04830739185749137,True,80889
TF-IDF Reverse,215,500,20,2,0.004,0.1,0.04830739185749137,True,80889
TF-IDF Reverse,215,1000,20,2,0.002,0.1,0.04830739185749137,True,80889
User Activity,215,100,20,0,0.0,0.0,0.0,True,80889
User Activity,215,500,20,0,0.0,0.0,0.0,True,80889
User Activity,215,1000,20,0,0.0,0.0,0.0,True,80889
Random Reverse,215,100,20,0,0.0,0.0,0.0,True,80889
Random Reverse,215,500,20,1,0.002,0.05,0.016679784671964095,True,80889
Random Reverse,215,1000,20,1,0.001,0.05,0.016679784671964095,True,80889
TF-IDF Reverse,217,100,5,0,0.0,0.0,0.0,True,80889
TF-IDF Reverse,217,500,5,0,0.0,0.0,0.0,True,80889
TF-IDF Reverse,217,1000,5,0,0.0,0.0,0.0,True,80889
User Activity,217,100,5,0,0.0,0.0,0.0,True,80889
User Activity,217,500,5,0,0.0,0.0,0.0,True,80889
User Activity,217,1000,5,0,0.0,0.0,0.0,True,80889
Random Reverse,217,100,5,0,0.0,0.0,0.0,True,80889
Random Reverse,217,500,5,0,0.0,0.0,0.0,True,80889
Random Reverse,217,1000,5,0,0.0,0.0,0.0,True,80889
TF-IDF Reverse,218,100,14,0,0.0,0.0,0.0,True,80889
TF-IDF Reverse,218,500,14,0,0.0,0.0,0.0,True,80889
TF-IDF Reverse,218,1000,14,0,0.0,0.0,0.0,True,80889
User Activity,218,100,14,0,0.0,0.0,0.0,True,80889
User Activity,218,500,14,0,0.0,0.0,0.0,True,80889
User Activity,218,1000,14,0,0.0,0.0,0.0,True,80889
Random Reverse,218,100,14,0,0.0,0.0,0.0,True,80889
Random Reverse,218,500,14,0,0.0,0.0,0.0,True,80889
Random Reverse,218,1000,14,0,0.0,0.0,0.0,True,80889
TF-IDF Reverse,219,100,47,0,0.0,0.0,0.0,True,80889
TF-IDF Reverse,219,500,47,1,0.002,0.02127659574468085,0.009504917596924877,True,80889
TF-IDF Reverse,219,1000,47,5,0.005,0.10638297872340426,0.04360951263755373,True,80889
User Activity,219,100,47,0,0.0,0.0,0.0,True,80889
User Activity,219,500,47,0,0.0,0.0,0.0,True,80889
User Activity,219,1000,47,0,0.0,0.0,0.0,True,80889
Random Reverse,219,100,47,0,0.0,0.0,0.0,True,80889
Random Reverse,219,500,47,0,0.0,0.0,0.0,True,80889
Random Reverse,219,1000,47,0,0.0,0.0,0.0,True,80889
TF-IDF Reverse,221,100,25,1,0.01,0.04,0.043804409321952,True,80889
TF-IDF Reverse,221,500,25,1,0.002,0.04,0.043804409321952,True,80889
TF-IDF Reverse,221,1000,25,1,0.001,0.04,0.043804409321952,True,80889
User Activity,221,100,25,0,0.0,0.0,0.0,True,80889
User Activity,221,500,25,0,0.0,0.0,0.0,True,80889
User Activity,221,1000,25,0,0.0,0.0,0.0,True,80889
Random Reverse,221,100,25,0,0.0,0.0,0.0,True,80889
Random Reverse,221,500,25,0,0.0,0.0,0.0,True,80889
Random Reverse,221,1000,25,0,0.0,0.0,0.0,True,80889
TF-IDF Reverse,222,100,5,0,0.0,0.0,0.0,True,80889
TF-IDF Reverse,222,500,5,1,0.002,0.2,0.03942061076039913,True,80889
TF-IDF Reverse,222,1000,5,1,0.001,0.2,0.03942061076039913,True,80889
User Activity,222,100,5,0,0.0,0.0,0.0,True,80889
User Activity,222,500,5,0,0.0,0.0,0.0,True,80889
User Activity,222,1000,5,0,0.0,0.0,0.0,True,80889
Random Reverse,222,100,5,0,0.0,0.0,0.0,True,80889
Random Reverse,222,500,5,0,0.0,0.0,0.0,True,80889
Random Reverse,222,1000,5,0,0.0,0.0,0.0,True,80889
TF-IDF Reverse,224,100,8,1,0.01,0.125,0.06643528327297621,True,80889
TF-IDF Reverse,224,500,8,1,0.002,0.125,0.06643528327297621,True,80889
TF-IDF Reverse,224,1000,8,2,0.002,0.25,0.09245525260540476,True,80889
User Activity,224,100,8,0,0.0,0.0,0.0,True,80889
User Activity,224,500,8,0,0.0,0.0,0.0,True,80889
User Activity,224,1000,8,0,0.0,0.0,0.0,True,80889
Random Reverse,224,100,8,0,0.0,0.0,0.0,True,80889
Random Reverse,224,500,8,0,0.0,0.0,0.0,True,80889
Random Reverse,224,1000,8,0,0.0,0.0,0.0,True,80889
TF-IDF Reverse,225,100,5,0,0.0,0.0,0.0,True,80889
TF-IDF Reverse,225,500,5,0,0.0,0.0,0.0,True,80889
TF-IDF Reverse,225,1000,5,0,0.0,0.0,0.0,True,80889
User Activity,225,100,5,0,0.0,0.0,0.0,True,80889
User Activity,225,500,5,0,0.0,0.0,0.0,True,80889
User Activity,225,1000,5,0,0.0,0.0,0.0,True,80889
Random Reverse,225,100,5,0,0.0,0.0,0.0,True,80889
Random Reverse,225,500,5,0,0.0,0.0,0.0,True,80889
Random Reverse,225,1000,5,0,0.0,0.0,0.0,True,80889
TF-IDF Reverse,227,100,20,0,0.0,0.0,0.0,True,80889
TF-IDF Reverse,227,500,20,0,0.0,0.0,0.0,True,80889
TF-IDF Reverse,227,1000,20,0,0.0,0.0,0.0,True,80889
User Activity,227,100,20,0,0.0,0.0,0.0,True,80889
User Activity,227,500,20,0,0.0,0.0,0.0,True,80889
User Activity,227,1000,20,0,0.0,0.0,0.0,True,80889
Random Reverse,227,100,20,0,0.0,0.0,0.0,True,80889
Random Reverse,227,500,20,0,0.0,0.0,0.0,True,80889
Random Reverse,227,1000,20,1,0.001,0.05,0.015485545075148023,True,80889
TF-IDF Reverse,228,100,60,1,0.01,0.016666666666666666,0.011535632444930334,True,80889
TF-IDF Reverse,228,500,60,4,0.008,0.06666666666666667,0.036464749904910554,True,80889
TF-IDF Reverse,228,1000,60,5,0.005,0.08333333333333333,0.04338961751572112,True,80889
User Activity,228,100,60,0,0.0,0.0,0.0,True,80889
User Activity,228,500,60,0,0.0,0.0,0.0,True,80889
User Activity,228,1000,60,0,0.0,0.0,0.0,True,80889
Random Reverse,228,100,60,0,0.0,0.0,0.0,True,80889
Random Reverse,228,500,60,0,0.0,0.0,0.0,True,80889
Random Reverse,228,1000,60,0,0.0,0.0,0.0,True,80889
TF-IDF Reverse,229,100,8,2,0.02,0.25,0.10798669957956081,True,80889
TF-IDF Reverse,229,500,8,3,0.006,0.375,0.14550712403285737,True,80889
TF-IDF Reverse,229,1000,8,3,0.003,0.375,0.14550712403285737,True,80889
User Activity,229,100,8,0,0.0,0.0,0.0,True,80889
User Activity,229,500,8,0,0.0,0.0,0.0,True,80889
User Activity,229,1000,8,0,0.0,0.0,0.0,True,80889
Random Reverse,229,100,8,0,0.0,0.0,0.0,True,80889
Random Reverse,229,500,8,0,0.0,0.0,0.0,True,80889
Random Reverse,229,1000,8,0,0.0,0.0,0.0,True,80889
TF-IDF Reverse,231,100,5,0,0.0,0.0,0.0,True,80889
TF-IDF Reverse,231,500,5,0,0.0,0.0,0.0,True,80889
TF-IDF Reverse,231,1000,5,0,0.0,0.0,0.0,True,80889
User Activity,231,100,5,0,0.0,0.0,0.0,True,80889
User Activity,231,500,5,0,0.0,0.0,0.0,True,80889
User Activity,231,1000,5,0,0.0,0.0,0.0,True,80889
Random Reverse,231,100,5,0,0.0,0.0,0.0,True,80889
Random Reverse,231,500,5,0,0.0,0.0,0.0,True,80889
Random Reverse,231,1000,5,0,0.0,0.0,0.0,True,80889
TF-IDF Reverse,233,100,42,0,0.0,0.0,0.0,True,80889
TF-IDF Reverse,233,500,42,3,0.006,0.07142857142857142,0.03346953533764781,True,80889
TF-IDF Reverse,233,1000,42,3,0.003,0.07142857142857142,0.03346953533764781,True,80889
User Activity,233,100,42,0,0.0,0.0,0.0,True,80889
User Activity,233,500,42,0,0.0,0.0,0.0,True,80889
User Activity,233,1000,42,0,0.0,0.0,0.0,True,80889
Random Reverse,233,100,42,0,0.0,0.0,0.0,True,80889
Random Reverse,233,500,42,0,0.0,0.0,0.0,True,80889
Random Reverse,233,1000,42,0,0.0,0.0,0.0,True,80889
TF-IDF Reverse,234,100,82,1,0.01,0.012195121951219513,0.008914433906836211,True,80889
TF-IDF Reverse,234,500,82,2,0.004,0.024390243902439025,0.01594197468356652,True,80889
TF-IDF Reverse,234,1000,82,3,0.003,0.036585365853658534,0.022014114106844743,True,80889
User Activity,234,100,82,1,0.01,0.012195121951219513,0.013190018673350165,True,80889
User Activity,234,500,82,1,0.002,0.012195121951219513,0.013190018673350165,True,80889
User Activity,234,1000,82,2,0.002,0.024390243902439025,0.018746075401452542,True,80889
Random Reverse,234,100,82,0,0.0,0.0,0.0,True,80889
Random Reverse,234,500,82,1,0.002,0.012195121951219513,0.006379153104992783,True,80889
Random Reverse,234,1000,82,1,0.001,0.012195121951219513,0.006379153104992783,True,80889
TF-IDF Reverse,235,100,16,0,0.0,0.0,0.0,True,80889
TF-IDF Reverse,235,500,16,0,0.0,0.0,0.0,True,80889
TF-IDF Reverse,235,1000,16,0,0.0,0.0,0.0,True,80889
User Activity,235,100,16,0,0.0,0.0,0.0,True,80889
User Activity,235,500,16,0,0.0,0.0,0.0,True,80889
User Activity,235,1000,16,0,0.0,0.0,0.0,True,80889
Random Reverse,235,100,16,0,0.0,0.0,0.0,True,80889
Random Reverse,235,500,16,0,0.0,0.0,0.0,True,80889
Random Reverse,235,1000,16,0,0.0,0.0,0.0,True,80889
TF-IDF Reverse,236,100,108,0,0.0,0.0,0.0,True,80889
TF-IDF Reverse,236,500,108,0,0.0,0.0,0.0,True,80889
TF-IDF Reverse,236,1000,108,0,0.0,0.0,0.0,True,80889
User Activity,236,100,108,0,0.0,0.0,0.0,True,80889
User Activity,236,500,108,0,0.0,0.0,0.0,True,80889
User Activity,236,1000,108,0,0.0,0.0,0.0,True,80889
Random Reverse,236,100,108,0,0.0,0.0,0.0,True,80889
Random Reverse,236,500,108,0,0.0,0.0,0.0,True,80889
Random Reverse,236,1000,108,1,0.001,0.009259259259259259,0.004537756922879512,True,80889
TF-IDF Reverse,237,100,10,0,0.0,0.0,0.0,True,80889
TF-IDF Reverse,237,500,10,0,0.0,0.0,0.0,True,80889
TF-IDF Reverse,237,1000,10,0,0.0,0.0,0.0,True,80889
User Activity,237,100,10,0,0.0,0.0,0.0,True,80889
User Activity,237,500,10,0,0.0,0.0,0.0,True,80889
User Activity,237,1000,10,0,0.0,0.0,0.0,True,80889
Random Reverse,237,100,10,0,0.0,0.0,0.0,True,80889
Random Reverse,237,500,10,0,0.0,0.0,0.0,True,80889
Random Reverse,237,1000,10,0,0.0,0.0,0.0,True,80889
TF-IDF Reverse,238,100,24,0,0.0,0.0,0.0,True,80889
TF-IDF Reverse,238,500,24,0,0.0,0.0,0.0,True,80889
TF-IDF Reverse,238,1000,24,0,0.0,0.0,0.0,True,80889
User Activity,238,100,24,0,0.0,0.0,0.0,True,80889
User Activity,238,500,24,0,0.0,0.0,0.0,True,80889
User Activity,238,1000,24,0,0.0,0.0,0.0,True,80889
Random Reverse,238,100,24,0,0.0,0.0,0.0,True,80889
Random Reverse,238,500,24,0,0.0,0.0,0.0,True,80889
Random Reverse,238,1000,24,0,0.0,0.0,0.0,True,80889
TF-IDF Reverse,240,100,28,0,0.0,0.0,0.0,True,80889
TF-IDF Reverse,240,500,28,2,0.004,0.07142857142857142,0.02958583032678397,True,80889
TF-IDF Reverse,240,1000,28,3,0.003,0.10714285714285714,0.04146204760893061,True,80889
User Activity,240,100,28,0,0.0,0.0,0.0,True,80889
User Activity,240,500,28,0,0.0,0.0,0.0,True,80889
User Activity,240,1000,28,0,0.0,0.0,0.0,True,80889
Random Reverse,240,100,28,0,0.0,0.0,0.0,True,80889
Random Reverse,240,500,28,0,0.0,0.0,0.0,True,80889
Random Reverse,240,1000,28,0,0.0,0.0,0.0,True,80889
TF-IDF Reverse,243,100,40,0,0.0,0.0,0.0,True,80889
TF-IDF Reverse,243,500,40,1,0.002,0.025,0.011719384217722253,True,80889
TF-IDF Reverse,243,1000,40,1,0.001,0.025,0.011719384217722253,True,80889
User Activity,243,100,40,0,0.0,0.0,0.0,True,80889
User Activity,243,500,40,0,0.0,0.0,0.0,True,80889
User Activity,243,1000,40,0,0.0,0.0,0.0,True,80889
Random Reverse,243,100,40,0,0.0,0.0,0.0,True,80889
Random Reverse,243,500,40,0,0.0,0.0,0.0,True,80889
Random Reverse,243,1000,40,0,0.0,0.0,0.0,True,80889
TF-IDF Reverse,245,100,52,0,0.0,0.0,0.0,True,80889
TF-IDF Reverse,245,500,52,0,0.0,0.0,0.0,True,80889
TF-IDF Reverse,245,1000,52,0,0.0,0.0,0.0,True,80889
User Activity,245,100,52,0,0.0,0.0,0.0,True,80889
User Activity,245,500,52,0,0.0,0.0,0.0,True,80889
User Activity,245,1000,52,0,0.0,0.0,0.0,True,80889
Random Reverse,245,100,52,0,0.0,0.0,0.0,True,80889
Random Reverse,245,500,52,0,0.0,0.0,0.0,True,80889
Random Reverse,245,1000,52,1,0.001,0.019230769230769232,0.007742110493686502,True,80889
TF-IDF Reverse,247,100,5,0,0.0,0.0,0.0,True,80889
TF-IDF Reverse,247,500,5,0,0.0,0.0,0.0,True,80889
TF-IDF Reverse,247,1000,5,0,0.0,0.0,0.0,True,80889
User Activity,247,100,5,0,0.0,0.0,0.0,True,80889
User Activity,247,500,5,0,0.0,0.0,0.0,True,80889
User Activity,247,1000,5,0,0.0,0.0,0.0,True,80889
Random Reverse,247,100,5,0,0.0,0.0,0.0,True,80889
Random Reverse,247,500,5,0,0.0,0.0,0.0,True,80889
Random Reverse,247,1000,5,0,0.0,0.0,0.0,True,80889
TF-IDF Reverse,248,100,11,0,0.0,0.0,0.0,True,80889
TF-IDF Reverse,248,500,11,0,0.0,0.0,0.0,True,80889
TF-IDF Reverse,248,1000,11,0,0.0,0.0,0.0,True,80889
User Activity,248,100,11,0,0.0,0.0,0.0,True,80889
User Activity,248,500,11,0,0.0,0.0,0.0,True,80889
User Activity,248,1000,11,0,0.0,0.0,0.0,True,80889
Random Reverse,248,100,11,0,0.0,0.0,0.0,True,80889
Random Reverse,248,500,11,0,0.0,0.0,0.0,True,80889
Random Reverse,248,1000,11,0,0.0,0.0,0.0,True,80889
TF-IDF Reverse,251,100,137,0,0.0,0.0,0.0,True,80889
TF-IDF Reverse,251,500,137,1,0.002,0.0072992700729927005,0.004384003528274135,True,80889
TF-IDF Reverse,251,1000,137,1,0.001,0.0072992700729927005,0.004384003528274135,True,80889
User Activity,251,100,137,0,0.0,0.0,0.0,True,80889
User Activity,251,500,137,0,0.0,0.0,0.0,True,80889
User Activity,251,1000,137,0,0.0,0.0,0.0,True,80889
Random Reverse,251,100,137,1,0.01,0.0072992700729927005,0.007554423673284582,True,80889
Random Reverse,251,500,137,3,0.006,0.021897810218978103,0.015177998781614547,True,80889
Random Reverse,251,1000,137,4,0.004,0.029197080291970802,0.01913462653659463,True,80889
TF-IDF Reverse,254,100,7,0,0.0,0.0,0.0,True,80889
TF-IDF Reverse,254,500,7,0,0.0,0.0,0.0,True,80889
TF-IDF Reverse,254,1000,7,0,0.0,0.0,0.0,True,80889
User Activity,254,100,7,0,0.0,0.0,0.0,True,80889
User Activity,254,500,7,0,0.0,0.0,0.0,True,80889
User Activity,254,1000,7,0,0.0,0.0,0.0,True,80889
Random Reverse,254,100,7,0,0.0,0.0,0.0,True,80889
Random Reverse,254,500,7,0,0.0,0.0,0.0,True,80889
Random Reverse,254,1000,7,0,0.0,0.0,0.0,True,80889
TF-IDF Reverse,256,100,12,0,0.0,0.0,0.0,True,80889
TF-IDF Reverse,256,500,12,0,0.0,0.0,0.0,True,80889
TF-IDF Reverse,256,1000,12,0,0.0,0.0,0.0,True,80889
User Activity,256,100,12,0,0.0,0.0,0.0,True,80889
User Activity,256,500,12,0,0.0,0.0,0.0,True,80889
User Activity,256,1000,12,0,0.0,0.0,0.0,True,80889
Random Reverse,256,100,12,0,0.0,0.0,0.0,True,80889
Random Reverse,256,500,12,1,0.002,0.08333333333333333,0.025088701120058704,True,80889
Random Reverse,256,1000,12,1,0.001,0.08333333333333333,0.025088701120058704,True,80889
TF-IDF Reverse,257,100,12,0,0.0,0.0,0.0,True,80889
TF-IDF Reverse,257,500,12,0,0.0,0.0,0.0,True,80889
TF-IDF Reverse,257,1000,12,0,0.0,0.0,0.0,True,80889
User Activity,257,100,12,0,0.0,0.0,0.0,True,80889
User Activity,257,500,12,0,0.0,0.0,0.0,True,80889
User Activity,257,1000,12,0,0.0,0.0,0.0,True,80889
Random Reverse,257,100,12,0,0.0,0.0,0.0,True,80889
Random Reverse,257,500,12,0,0.0,0.0,0.0,True,80889
Random Reverse,257,1000,12,0,0.0,0.0,0.0,True,80889
TF-IDF Reverse,258,100,24,0,0.0,0.0,0.0,True,80889
TF-IDF Reverse,258,500,24,1,0.002,0.041666666666666664,0.014445888735358627,True,80889
TF-IDF Reverse,258,1000,24,2,0.002,0.08333333333333333,0.02835397520457103,True,80889
User Activity,258,100,24,0,0.0,0.0,0.0,True,80889
User Activity,258,500,24,0,0.0,0.0,0.0,True,80889
User Activity,258,1000,24,0,0.0,0.0,0.0,True,80889
Random Reverse,258,100,24,0,0.0,0.0,0.0,True,80889
Random Reverse,258,500,24,0,0.0,0.0,0.0,True,80889
Random Reverse,258,1000,24,0,0.0,0.0,0.0,True,80889
TF-IDF Reverse,259,100,12,0,0.0,0.0,0.0,True,80889
TF-IDF Reverse,259,500,12,0,0.0,0.0,0.0,True,80889
TF-IDF Reverse,259,1000,12,0,0.0,0.0,0.0,True,80889
User Activity,259,100,12,0,0.0,0.0,0.0,True,80889
User Activity,259,500,12,0,0.0,0.0,0.0,True,80889
User Activity,259,1000,12,0,0.0,0.0,0.0,True,80889
Random Reverse,259,100,12,0,0.0,0.0,0.0,True,80889
Random Reverse,259,500,12,0,0.0,0.0,0.0,True,80889
Random Reverse,259,1000,12,0,0.0,0.0,0.0,True,80889
TF-IDF Reverse,260,100,9,0,0.0,0.0,0.0,True,80889
TF-IDF Reverse,260,500,9,0,0.0,0.0,0.0,True,80889
TF-IDF Reverse,260,1000,9,0,0.0,0.0,0.0,True,80889
User Activity,260,100,9,0,0.0,0.0,0.0,True,80889
User Activity,260,500,9,0,0.0,0.0,0.0,True,80889
User Activity,260,1000,9,0,0.0,0.0,0.0,True,80889
Random Reverse,260,100,9,0,0.0,0.0,0.0,True,80889
Random Reverse,260,500,9,0,0.0,0.0,0.0,True,80889
Random Reverse,260,1000,9,0,0.0,0.0,0.0,True,80889
TF-IDF Reverse,264,100,11,0,0.0,0.0,0.0,True,80889
TF-IDF Reverse,264,500,11,2,0.004,0.18181818181818182,0.05836302298647492,True,80889
TF-IDF Reverse,264,1000,11,3,0.003,0.2727272727272727,0.08069498276883467,True,80889
User Activity,264,100,11,0,0.0,0.0,0.0,True,80889
User Activity,264,500,11,0,0.0,0.0,0.0,True,80889
User Activity,264,1000,11,0,0.0,0.0,0.0,True,80889
Random Reverse,264,100,11,0,0.0,0.0,0.0,True,80889
Random Reverse,264,500,11,0,0.0,0.0,0.0,True,80889
Random Reverse,264,1000,11,0,0.0,0.0,0.0,True,80889
TF-IDF Reverse,268,100,16,0,0.0,0.0,0.0,True,80889
TF-IDF Reverse,268,500,16,0,0.0,0.0,0.0,True,80889
TF-IDF Reverse,268,1000,16,0,0.0,0.0,0.0,True,80889
User Activity,268,100,16,0,0.0,0.0,0.0,True,80889
User Activity,268,500,16,0,0.0,0.0,0.0,True,80889
User Activity,268,1000,16,0,0.0,0.0,0.0,True,80889
Random Reverse,268,100,16,0,0.0,0.0,0.0,True,80889
Random Reverse,268,500,16,0,0.0,0.0,0.0,True,80889
Random Reverse,268,1000,16,0,0.0,0.0,0.0,True,80889
TF-IDF Reverse,269,100,29,0,0.0,0.0,0.0,True,80889
TF-IDF Reverse,269,500,29,1,0.002,0.034482758620689655,0.015843872428571458,True,80889
TF-IDF Reverse,269,1000,29,1,0.001,0.034482758620689655,0.015843872428571458,True,80889
User Activity,269,100,29,0,0.0,0.0,0.0,True,80889
User Activity,269,500,29,0,0.0,0.0,0.0,True,80889
User Activity,269,1000,29,0,0.0,0.0,0.0,True,80889
Random Reverse,269,100,29,0,0.0,0.0,0.0,True,80889
Random Reverse,269,500,29,0,0.0,0.0,0.0,True,80889
Random Reverse,269,1000,29,0,0.0,0.0,0.0,True,80889
TF-IDF Reverse,270,100,100,0,0.0,0.0,0.0,True,80889
TF-IDF Reverse,270,500,100,0,0.0,0.0,0.0,True,80889
TF-IDF Reverse,270,1000,100,1,0.001,0.01,0.0048236709155933186,True,80889
User Activity,270,100,100,0,0.0,0.0,0.0,True,80889
User Activity,270,500,100,0,0.0,0.0,0.0,True,80889
User Activity,270,1000,100,0,0.0,0.0,0.0,True,80889
Random Reverse,270,100,100,0,0.0,0.0,0.0,True,80889
Random Reverse,270,500,100,1,0.002,0.01,0.0057514191076521665,True,80889
Random Reverse,270,1000,100,1,0.001,0.01,0.0057514191076521665,True,80889
TF-IDF Reverse,274,100,7,0,0.0,0.0,0.0,True,80889
TF-IDF Reverse,274,500,7,0,0.0,0.0,0.0,True,80889
TF-IDF Reverse,274,1000,7,0,0.0,0.0,0.0,True,80889
User Activity,274,100,7,0,0.0,0.0,0.0,True,80889
User Activity,274,500,7,0,0.0,0.0,0.0,True,80889
User Activity,274,1000,7,0,0.0,0.0,0.0,True,80889
Random Reverse,274,100,7,0,0.0,0.0,0.0,True,80889
Random Reverse,274,500,7,0,0.0,0.0,0.0,True,80889
Random Reverse,274,1000,7,0,0.0,0.0,0.0,True,80889
TF-IDF Reverse,275,100,113,0,0.0,0.0,0.0,True,80889
TF-IDF Reverse,275,500,113,1,0.002,0.008849557522123894,0.005882974526585041,True,80889
TF-IDF Reverse,275,1000,113,1,0.001,0.008849557522123894,0.005882974526585041,True,80889
User Activity,275,100,113,0,0.0,0.0,0.0,True,80889
User Activity,275,500,113,0,0.0,0.0,0.0,True,80889
User Activity,275,1000,113,0,0.0,0.0,0.0,True,80889
Random Reverse,275,100,113,0,0.0,0.0,0.0,True,80889
Random Reverse,275,500,113,0,0.0,0.0,0.0,True,80889
Random Reverse,275,1000,113,3,0.003,0.02654867256637168,0.013901742602947872,True,80889
TF-IDF Reverse,278,100,6,0,0.0,0.0,0.0,True,80889
TF-IDF Reverse,278,500,6,0,0.0,0.0,0.0,True,80889
TF-IDF Reverse,278,1000,6,1,0.001,0.16666666666666666,0.03067687582749069,True,80889
User Activity,278,100,6,0,0.0,0.0,0.0,True,80889
User Activity,278,500,6,0,0.0,0.0,0.0,True,80889
User Activity,278,1000,6,0,0.0,0.0,0.0,True,80889
Random Reverse,278,100,6,0,0.0,0.0,0.0,True,80889
Random Reverse,278,500,6,0,0.0,0.0,0.0,True,80889
Random Reverse,278,1000,6,0,0.0,0.0,0.0,True,80889
TF-IDF Reverse,281,100,11,0,0.0,0.0,0.0,True,80889
TF-IDF Reverse,281,500,11,0,0.0,0.0,0.0,True,80889
TF-IDF Reverse,281,1000,11,0,0.0,0.0,0.0,True,80889
User Activity,281,100,11,0,0.0,0.0,0.0,True,80889
User Activity,281,500,11,0,0.0,0.0,0.0,True,80889
User Activity,281,1000,11,0,0.0,0.0,0.0,True,80889
Random Reverse,281,100,11,0,0.0,0.0,0.0,True,80889
Random Reverse,281,500,11,0,0.0,0.0,0.0,True,80889
Random Reverse,281,1000,11,1,0.001,0.09090909090909091,0.02244556660653675,True,80889
TF-IDF Reverse,285,100,59,0,0.0,0.0,0.0,True,80889
TF-IDF Reverse,285,500,59,0,0.0,0.0,0.0,True,80889
TF-IDF Reverse,285,1000,59,0,0.0,0.0,0.0,True,80889
User Activity,285,100,59,0,0.0,0.0,0.0,True,80889
User Activity,285,500,59,0,0.0,0.0,0.0,True,80889
User Activity,285,1000,59,0,0.0,0.0,0.0,True,80889
Random Reverse,285,100,59,0,0.0,0.0,0.0,True,80889
Random Reverse,285,500,59,1,0.002,0.01694915254237288,0.0081937424453755,True,80889
Random Reverse,285,1000,59,4,0.004,0.06779661016949153,0.030078496828219708,True,80889
TF-IDF Reverse,286,100,30,0,0.0,0.0,0.0,True,80889
TF-IDF Reverse,286,500,30,0,0.0,0.0,0.0,True,80889
TF-IDF Reverse,286,1000,30,1,0.001,0.03333333333333333,0.011447122554379116,True,80889
User Activity,286,100,30,0,0.0,0.0,0.0,True,80889
User Activity,286,500,30,0,0.0,0.0,0.0,True,80889
User Activity,286,1000,30,0,0.0,0.0,0.0,True,80889
Random Reverse,286,100,30,0,0.0,0.0,0.0,True,80889
Random Reverse,286,500,30,0,0.0,0.0,0.0,True,80889
Random Reverse,286,1000,30,0,0.0,0.0,0.0,True,80889
TF-IDF Reverse,287,100,23,0,0.0,0.0,0.0,True,80889
TF-IDF Reverse,287,500,23,0,0.0,0.0,0.0,True,80889
TF-IDF Reverse,287,1000,23,0,0.0,0.0,0.0,True,80889
User Activity,287,100,23,0,0.0,0.0,0.0,True,80889
User Activity,287,500,23,0,0.0,0.0,0.0,True,80889
User Activity,287,1000,23,0,0.0,0.0,0.0,True,80889
Random Reverse,287,100,23,0,0.0,0.0,0.0,True,80889
Random Reverse,287,500,23,0,0.0,0.0,0.0,True,80889
Random Reverse,287,1000,23,0,0.0,0.0,0.0,True,80889
TF-IDF Reverse,288,100,682,3,0.03,0.004398826979472141,0.02489678566467583,True,80889
TF-IDF Reverse,288,500,682,10,0.02,0.01466275659824047,0.020215030773797413,True,80889
TF-IDF Reverse,288,1000,682,14,0.014,0.020527859237536656,0.020476500512094382,True,80889
User Activity,288,100,682,0,0.0,0.0,0.0,True,80889
User Activity,288,500,682,0,0.0,0.0,0.0,True,80889
User Activity,288,1000,682,1,0.001,0.001466275659824047,0.0012052638478555445,True,80889
Random Reverse,288,100,682,1,0.01,0.001466275659824047,0.007188374025061393,True,80889
Random Reverse,288,500,682,3,0.006,0.004398826979472141,0.005974091878938847,True,80889
Random Reverse,288,1000,682,7,0.007,0.010263929618768328,0.009361286037079872,True,80889
TF-IDF Reverse,289,100,64,5,0.05,0.078125,0.11222690126562429,True,80889
TF-IDF Reverse,289,500,64,16,0.032,0.25,0.20581433090338896,True,80889
TF-IDF Reverse,289,1000,64,16,0.016,0.25,0.20581433090338896,True,80889
User Activity,289,100,64,0,0.0,0.0,0.0,True,80889
User Activity,289,500,64,0,0.0,0.0,0.0,True,80889
User Activity,289,1000,64,0,0.0,0.0,0.0,True,80889
Random Reverse,289,100,64,0,0.0,0.0,0.0,True,80889
Random Reverse,289,500,64,1,0.002,0.015625,0.008881633973160701,True,80889
Random Reverse,289,1000,64,1,0.001,0.015625,0.008881633973160701,True,80889
TF-IDF Reverse,290,100,19,0,0.0,0.0,0.0,True,80889
TF-IDF Reverse,290,500,19,0,0.0,0.0,0.0,True,80889
TF-IDF Reverse,290,1000,19,0,0.0,0.0,0.0,True,80889
User Activity,290,100,19,0,0.0,0.0,0.0,True,80889
User Activity,290,500,19,0,0.0,0.0,0.0,True,80889
User Activity,290,1000,19,0,0.0,0.0,0.0,True,80889
Random Reverse,290,100,19,0,0.0,0.0,0.0,True,80889
Random Reverse,290,500,19,0,0.0,0.0,0.0,True,80889
Random Reverse,290,1000,19,0,0.0,0.0,0.0,True,80889
TF-IDF Reverse,291,100,6,0,0.0,0.0,0.0,True,80889
TF-IDF Reverse,291,500,6,0,0.0,0.0,0.0,True,80889
TF-IDF Reverse,291,1000,6,0,0.0,0.0,0.0,True,80889
User Activity,291,100,6,0,0.0,0.0,0.0,True,80889
User Activity,291,500,6,0,0.0,0.0,0.0,True,80889
User Activity,291,1000,6,0,0.0,0.0,0.0,True,80889
Random Reverse,291,100,6,0,0.0,0.0,0.0,True,80889
Random Reverse,291,500,6,0,0.0,0.0,0.0,True,80889
Random Reverse,291,1000,6,0,0.0,0.0,0.0,True,80889
TF-IDF Reverse,292,100,15,0,0.0,0.0,0.0,True,80889
TF-IDF Reverse,292,500,15,0,0.0,0.0,0.0,True,80889
TF-IDF Reverse,292,1000,15,0,0.0,0.0,0.0,True,80889
User Activity,292,100,15,0,0.0,0.0,0.0,True,80889
User Activity,292,500,15,0,0.0,0.0,0.0,True,80889
User Activity,292,1000,15,0,0.0,0.0,0.0,True,80889
Random Reverse,292,100,15,0,0.0,0.0,0.0,True,80889
Random Reverse,292,500,15,0,0.0,0.0,0.0,True,80889
Random Reverse,292,1000,15,0,0.0,0.0,0.0,True,80889
TF-IDF Reverse,293,100,8,0,0.0,0.0,0.0,True,80889
TF-IDF Reverse,293,500,8,0,0.0,0.0,0.0,True,80889
TF-IDF Reverse,293,1000,8,0,0.0,0.0,0.0,True,80889
User Activity,293,100,8,0,0.0,0.0,0.0,True,80889
User Activity,293,500,8,0,0.0,0.0,0.0,True,80889
User Activity,293,1000,8,0,0.0,0.0,0.0,True,80889
Random Reverse,293,100,8,0,0.0,0.0,0.0,True,80889
Random Reverse,293,500,8,0,0.0,0.0,0.0,True,80889
Random Reverse,293,1000,8,0,0.0,0.0,0.0,True,80889
TF-IDF Reverse,295,100,31,0,0.0,0.0,0.0,True,80889
TF-IDF Reverse,295,500,31,2,0.004,0.06451612903225806,0.028080736540322945,True,80889
TF-IDF Reverse,295,1000,31,2,0.002,0.06451612903225806,0.028080736540322945,True,80889
User Activity,295,100,31,0,0.0,0.0,0.0,True,80889
User Activity,295,500,31,0,0.0,0.0,0.0,True,80889
User Activity,295,1000,31,0,0.0,0.0,0.0,True,80889
Random Reverse,295,100,31,0,0.0,0.0,0.0,True,80889
Random Reverse,295,500,31,1,0.002,0.03225806451612903,0.012602987612845952,True,80889
Random Reverse,295,1000,31,1,0.001,0.03225806451612903,0.012602987612845952,True,80889
TF-IDF Reverse,296,100,36,0,0.0,0.0,0.0,True,80889
TF-IDF Reverse,296,500,36,2,0.004,0.05555555555555555,0.02360197975530955,True,80889
TF-IDF Reverse,296,1000,36,2,0.002,0.05555555555555555,0.02360197975530955,True,80889
User Activity,296,100,36,0,0.0,0.0,0.0,True,80889
User Activity,296,500,36,0,0.0,0.0,0.0,True,80889
User Activity,296,1000,36,0,0.0,0.0,0.0,True,80889
Random Reverse,296,100,36,0,0.0,0.0,0.0,True,80889
Random Reverse,296,500,36,2,0.004,0.05555555555555555,0.024816853708529985,True,80889
Random Reverse,296,1000,36,2,0.002,0.05555555555555555,0.024816853708529985,True,80889
TF-IDF Reverse,297,100,22,0,0.0,0.0,0.0,True,80889
TF-IDF Reverse,297,500,22,0,0.0,0.0,0.0,True,80889
TF-IDF Reverse,297,1000,22,2,0.002,0.09090909090909091,0.027758869772105992,True,80889
User Activity,297,100,22,0,0.0,0.0,0.0,True,80889
User Activity,297,500,22,0,0.0,0.0,0.0,True,80889
User Activity,297,1000,22,0,0.0,0.0,0.0,True,80889
Random Reverse,297,100,22,0,0.0,0.0,0.0,True,80889
Random Reverse,297,500,22,0,0.0,0.0,0.0,True,80889
Random Reverse,297,1000,22,0,0.0,0.0,0.0,True,80889
TF-IDF Reverse,298,100,14,0,0.0,0.0,0.0,True,80889
TF-IDF Reverse,298,500,14,0,0.0,0.0,0.0,True,80889
TF-IDF Reverse,298,1000,14,0,0.0,0.0,0.0,True,80889
User Activity,298,100,14,0,0.0,0.0,0.0,True,80889
User Activity,298,500,14,0,0.0,0.0,0.0,True,80889
User Activity,298,1000,14,0,0.0,0.0,0.0,True,80889
Random Reverse,298,100,14,0,0.0,0.0,0.0,True,80889
Random Reverse,298,500,14,0,0.0,0.0,0.0,True,80889
Random Reverse,298,1000,14,0,0.0,0.0,0.0,True,80889
TF-IDF Reverse,299,100,58,0,0.0,0.0,0.0,True,80889
TF-IDF Reverse,299,500,58,1,0.002,0.017241379310344827,0.007826437489204825,True,80889
TF-IDF Reverse,299,1000,58,7,0.007,0.1206896551724138,0.051393206038541916,True,80889
User Activity,299,100,58,0,0.0,0.0,0.0,True,80889
User Activity,299,500,58,0,0.0,0.0,0.0,True,80889
User Activity,299,1000,58,0,0.0,0.0,0.0,True,80889
Random Reverse,299,100,58,0,0.0,0.0,0.0,True,80889
Random Reverse,299,500,58,0,0.0,0.0,0.0,True,80889
Random Reverse,299,1000,58,1,0.001,0.017241379310344827,0.0071732370594021376,True,80889
TF-IDF Reverse,300,100,89,0,0.0,0.0,0.0,True,80889
TF-IDF Reverse,300,500,89,0,0.0,0.0,0.0,True,80889
TF-IDF Reverse,300,1000,89,1,0.001,0.011235955056179775,0.005333270732691394,True,80889
User Activity,300,100,89,0,0.0,0.0,0.0,True,80889
User Activity,300,500,89,0,0.0,0.0,0.0,True,80889
User Activity,300,1000,89,1,0.001,0.011235955056179775,0.005572899308178202,True,80889
Random Reverse,300,100,89,0,0.0,0.0,0.0,True,80889
Random Reverse,300,500,89,1,0.002,0.011235955056179775,0.006529612619358229,True,80889
Random Reverse,300,1000,89,1,0.001,0.011235955056179775,0.006529612619358229,True,80889
TF-IDF Reverse,301,100,42,0,0.0,0.0,0.0,True,80889
TF-IDF Reverse,301,500,42,0,0.0,0.0,0.0,True,80889
TF-IDF Reverse,301,1000,42,0,0.0,0.0,0.0,True,80889
User Activity,301,100,42,0,0.0,0.0,0.0,True,80889
User Activity,301,500,42,0,0.0,0.0,0.0,True,80889
User Activity,301,1000,42,0,0.0,0.0,0.0,True,80889
Random Reverse,301,100,42,0,0.0,0.0,0.0,True,80889
Random Reverse,301,500,42,1,0.002,0.023809523809523808,0.009914232533316976,True,80889
Random Reverse,301,1000,42,2,0.002,0.047619047619047616,0.01926531445270563,True,80889
TF-IDF Reverse,302,100,30,0,0.0,0.0,0.0,True,80889
TF-IDF Reverse,302,500,30,2,0.004,0.06666666666666667,0.02545008869555365,True,80889
TF-IDF Reverse,302,1000,30,2,0.002,0.06666666666666667,0.02545008869555365,True,80889
User Activity,302,100,30,0,0.0,0.0,0.0,True,80889
User Activity,302,500,30,0,0.0,0.0,0.0,True,80889
User Activity,302,1000,30,0,0.0,0.0,0.0,True,80889
Random Reverse,302,100,30,0,0.0,0.0,0.0,True,80889
Random Reverse,302,500,30,0,0.0,0.0,0.0,True,80889
Random Reverse,302,1000,30,0,0.0,0.0,0.0,True,80889
TF-IDF Reverse,303,100,78,0,0.0,0.0,0.0,True,80889
TF-IDF Reverse,303,500,78,0,0.0,0.0,0.0,True,80889
TF-IDF Reverse,303,1000,78,0,0.0,0.0,0.0,True,80889
User Activity,303,100,78,0,0.0,0.0,0.0,True,80889
User Activity,303,500,78,0,0.0,0.0,0.0,True,80889
User Activity,303,1000,78,0,0.0,0.0,0.0,True,80889
Random Reverse,303,100,78,0,0.0,0.0,0.0,True,80889
Random Reverse,303,500,78,0,0.0,0.0,0.0,True,80889
Random Reverse,303,1000,78,0,0.0,0.0,0.0,True,80889
TF-IDF Reverse,304,100,62,0,0.0,0.0,0.0,True,80889
TF-IDF Reverse,304,500,62,0,0.0,0.0,0.0,True,80889
TF-IDF Reverse,304,1000,62,1,0.001,0.016129032258064516,0.006979051471665123,True,80889
User Activity,304,100,62,0,0.0,0.0,0.0,True,80889
User Activity,304,500,62,0,0.0,0.0,0.0,True,80889
User Activity,304,1000,62,0,0.0,0.0,0.0,True,80889
Random Reverse,304,100,62,0,0.0,0.0,0.0,True,80889
Random Reverse,304,500,62,1,0.002,0.016129032258064516,0.008211618695049836,True,80889
Random Reverse,304,1000,62,1,0.001,0.016129032258064516,0.008211618695049836,True,80889
TF-IDF Reverse,306,100,15,0,0.0,0.0,0.0,True,80889
TF-IDF Reverse,306,500,15,0,0.0,0.0,0.0,True,80889
TF-IDF Reverse,306,1000,15,0,0.0,0.0,0.0,True,80889
User Activity,306,100,15,0,0.0,0.0,0.0,True,80889
User Activity,306,500,15,0,0.0,0.0,0.0,True,80889
User Activity,306,1000,15,0,0.0,0.0,0.0,True,80889
Random Reverse,306,100,15,0,0.0,0.0,0.0,True,80889
Random Reverse,306,500,15,0,0.0,0.0,0.0,True,80889
Random Reverse,306,1000,15,0,0.0,0.0,0.0,True,80889
TF-IDF Reverse,307,100,129,3,0.03,0.023255813953488372,0.03324065542022308,True,80889
TF-IDF Reverse,307,500,129,8,0.016,0.06201550387596899,0.05463994331242417,True,80889
TF-IDF Reverse,307,1000,129,15,0.015,0.11627906976744186,0.0833070573322529,True,80889
User Activity,307,100,129,0,0.0,0.0,0.0,True,80889
User Activity,307,500,129,0,0.0,0.0,0.0,True,80889
User Activity,307,1000,129,0,0.0,0.0,0.0,True,80889
Random Reverse,307,100,129,1,0.01,0.007751937984496124,0.009100454062766161,True,80889
Random Reverse,307,500,129,1,0.002,0.007751937984496124,0.007570386889366114,True,80889
Random Reverse,307,1000,129,2,0.002,0.015503875968992248,0.011699323460231684,True,80889
TF-IDF Reverse,309,100,7,0,0.0,0.0,0.0,True,80889
TF-IDF Reverse,309,500,7,0,0.0,0.0,0.0,True,80889
TF-IDF Reverse,309,1000,7,0,0.0,0.0,0.0,True,80889
User Activity,309,100,7,0,0.0,0.0,0.0,True,80889
User Activity,309,500,7,0,0.0,0.0,0.0,True,80889
User Activity,309,1000,7,0,0.0,0.0,0.0,True,80889
Random Reverse,309,100,7,0,0.0,0.0,0.0,True,80889
Random Reverse,309,500,7,0,0.0,0.0,0.0,True,80889
Random Reverse,309,1000,7,0,0.0,0.0,0.0,True,80889
TF-IDF Reverse,311,100,5,1,0.01,0.2,0.06723507268634088,True,80889
TF-IDF Reverse,311,500,5,1,0.002,0.2,0.06723507268634088,True,80889
TF-IDF Reverse,311,1000,5,1,0.001,0.2,0.06723507268634088,True,80889
User Activity,311,100,5,0,0.0,0.0,0.0,True,80889
User Activity,311,500,5,0,0.0,0.0,0.0,True,80889
User Activity,311,1000,5,0,0.0,0.0,0.0,True,80889
Random Reverse,311,100,5,0,0.0,0.0,0.0,True,80889
Random Reverse,311,500,5,0,0.0,0.0,0.0,True,80889
Random Reverse,311,1000,5,0,0.0,0.0,0.0,True,80889
TF-IDF Reverse,313,100,13,0,0.0,0.0,0.0,True,80889
TF-IDF Reverse,313,500,13,0,0.0,0.0,0.0,True,80889
TF-IDF Reverse,313,1000,13,0,0.0,0.0,0.0,True,80889
User Activity,313,100,13,0,0.0,0.0,0.0,True,80889
User Activity,313,500,13,0,0.0,0.0,0.0,True,80889
User Activity,313,1000,13,0,0.0,0.0,0.0,True,80889
Random Reverse,313,100,13,0,0.0,0.0,0.0,True,80889
Random Reverse,313,500,13,0,0.0,0.0,0.0,True,80889
Random Reverse,313,1000,13,0,0.0,0.0,0.0,True,80889
TF-IDF Reverse,314,100,36,0,0.0,0.0,0.0,True,80889
TF-IDF Reverse,314,500,36,1,0.002,0.027777777777777776,0.012198414890832218,True,80889
TF-IDF Reverse,314,1000,36,1,0.001,0.027777777777777776,0.012198414890832218,True,80889
User Activity,314,100,36,0,0.0,0.0,0.0,True,80889
User Activity,314,500,36,0,0.0,0.0,0.0,True,80889
User Activity,314,1000,36,0,0.0,0.0,0.0,True,80889
Random Reverse,314,100,36,0,0.0,0.0,0.0,True,80889
Random Reverse,314,500,36,0,0.0,0.0,0.0,True,80889
Random Reverse,314,1000,36,0,0.0,0.0,0.0,True,80889
TF-IDF Reverse,315,100,29,0,0.0,0.0,0.0,True,80889
TF-IDF Reverse,315,500,29,0,0.0,0.0,0.0,True,80889
TF-IDF Reverse,315,1000,29,0,0.0,0.0,0.0,True,80889
User Activity,315,100,29,0,0.0,0.0,0.0,True,80889
User Activity,315,500,29,0,0.0,0.0,0.0,True,80889
User Activity,315,1000,29,0,0.0,0.0,0.0,True,80889
Random Reverse,315,100,29,0,0.0,0.0,0.0,True,80889
Random Reverse,315,500,29,0,0.0,0.0,0.0,True,80889
Random Reverse,315,1000,29,0,0.0,0.0,0.0,True,80889
TF-IDF Reverse,316,100,25,0,0.0,0.0,0.0,True,80889
TF-IDF Reverse,316,500,25,0,0.0,0.0,0.0,True,80889
TF-IDF Reverse,316,1000,25,0,0.0,0.0,0.0,True,80889
User Activity,316,100,25,0,0.0,0.0,0.0,True,80889
User Activity,316,500,25,0,0.0,0.0,0.0,True,80889
User Activity,316,1000,25,0,0.0,0.0,0.0,True,80889
Random Reverse,316,100,25,0,0.0,0.0,0.0,True,80889
Random Reverse,316,500,25,0,0.0,0.0,0.0,True,80889
Random Reverse,316,1000,25,0,0.0,0.0,0.0,True,80889
TF-IDF Reverse,317,100,119,1,0.01,0.008403361344537815,0.01016043734727595,True,80889
TF-IDF Reverse,317,500,119,5,0.01,0.04201680672268908,0.029366718946817714,True,80889
TF-IDF Reverse,317,1000,119,7,0.007,0.058823529411764705,0.03810188693552941,True,80889
User Activity,317,100,119,0,0.0,0.0,0.0,True,80889
User Activity,317,500,119,0,0.0,0.0,0.0,True,80889
User Activity,317,1000,119,0,0.0,0.0,0.0,True,80889
Random Reverse,317,100,119,0,0.0,0.0,0.0,True,80889
Random Reverse,317,500,119,1,0.002,0.008403361344537815,0.004722107063445013,True,80889
Random Reverse,317,1000,119,3,0.003,0.025210084033613446,0.013609900296450627,True,80889
TF-IDF Reverse,318,100,33,0,0.0,0.0,0.0,True,80889
TF-IDF Reverse,318,500,33,1,0.002,0.030303030303030304,0.012785263458646175,True,80889
TF-IDF Reverse,318,1000,33,2,0.002,0.06060606060606061,0.02391186451786822,True,80889
User Activity,318,100,33,0,0.0,0.0,0.0,True,80889
User Activity,318,500,33,0,0.0,0.0,0.0,True,80889
User Activity,318,1000,33,0,0.0,0.0,0.0,True,80889
Random Reverse,318,100,33,0,0.0,0.0,0.0,True,80889
Random Reverse,318,500,33,0,0.0,0.0,0.0,True,80889
Random Reverse,318,1000,33,0,0.0,0.0,0.0,True,80889
TF-IDF Reverse,323,100,8,0,0.0,0.0,0.0,True,80889
TF-IDF Reverse,323,500,8,0,0.0,0.0,0.0,True,80889
TF-IDF Reverse,323,1000,8,0,0.0,0.0,0.0,True,80889
User Activity,323,100,8,0,0.0,0.0,0.0,True,80889
User Activity,323,500,8,0,0.0,0.0,0.0,True,80889
User Activity,323,1000,8,0,0.0,0.0,0.0,True,80889
Random Reverse,323,100,8,0,0.0,0.0,0.0,True,80889
Random Reverse,323,500,8,0,0.0,0.0,0.0,True,80889
Random Reverse,323,1000,8,0,0.0,0.0,0.0,True,80889
TF-IDF Reverse,324,100,29,0,0.0,0.0,0.0,True,80889
TF-IDF Reverse,324,500,29,1,0.002,0.034482758620689655,0.01413718278367572,True,80889
TF-IDF Reverse,324,1000,29,1,0.001,0.034482758620689655,0.01413718278367572,True,80889
User Activity,324,100,29,0,0.0,0.0,0.0,True,80889
User Activity,324,500,29,0,0.0,0.0,0.0,True,80889
User Activity,324,1000,29,0,0.0,0.0,0.0,True,80889
Random Reverse,324,100,29,0,0.0,0.0,0.0,True,80889
Random Reverse,324,500,29,0,0.0,0.0,0.0,True,80889
Random Reverse,324,1000,29,0,0.0,0.0,0.0,True,80889
TF-IDF Reverse,325,100,48,0,0.0,0.0,0.0,True,80889
TF-IDF Reverse,325,500,48,0,0.0,0.0,0.0,True,80889
TF-IDF Reverse,325,1000,48,1,0.001,0.020833333333333332,0.008537264894743987,True,80889
User Activity,325,100,48,0,0.0,0.0,0.0,True,80889
User Activity,325,500,48,0,0.0,0.0,0.0,True,80889
User Activity,325,1000,48,0,0.0,0.0,0.0,True,80889
Random Reverse,325,100,48,0,0.0,0.0,0.0,True,80889
Random Reverse,325,500,48,0,0.0,0.0,0.0,True,80889
Random Reverse,325,1000,48,0,0.0,0.0,0.0,True,80889
TF-IDF Reverse,326,100,7,0,0.0,0.0,0.0,True,80889
TF-IDF Reverse,326,500,7,1,0.002,0.14285714285714285,0.040228414674386065,True,80889
TF-IDF Reverse,326,1000,7,1,0.001,0.14285714285714285,0.040228414674386065,True,80889
User Activity,326,100,7,0,0.0,0.0,0.0,True,80889
User Activity,326,500,7,0,0.0,0.0,0.0,True,80889
User Activity,326,1000,7,0,0.0,0.0,0.0,True,80889
Random Reverse,326,100,7,0,0.0,0.0,0.0,True,80889
Random Reverse,326,500,7,0,0.0,0.0,0.0,True,80889
Random Reverse,326,1000,7,0,0.0,0.0,0.0,True,80889
TF-IDF Reverse,328,100,11,0,0.0,0.0,0.0,True,80889
TF-IDF Reverse,328,500,11,0,0.0,0.0,0.0,True,80889
TF-IDF Reverse,328,1000,11,0,0.0,0.0,0.0,True,80889
User Activity,328,100,11,0,0.0,0.0,0.0,True,80889
User Activity,328,500,11,0,0.0,0.0,0.0,True,80889
User Activity,328,1000,11,0,0.0,0.0,0.0,True,80889
Random Reverse,328,100,11,0,0.0,0.0,0.0,True,80889
Random Reverse,328,500,11,0,0.0,0.0,0.0,True,80889
Random Reverse,328,1000,11,0,0.0,0.0,0.0,True,80889
TF-IDF Reverse,331,100,6,0,0.0,0.0,0.0,True,80889
TF-IDF Reverse,331,500,6,1,0.002,0.16666666666666666,0.03729504922710147,True,80889
TF-IDF Reverse,331,1000,6,1,0.001,0.16666666666666666,0.03729504922710147,True,80889
User Activity,331,100,6,0,0.0,0.0,0.0,True,80889
User Activity,331,500,6,0,0.0,0.0,0.0,True,80889
User Activity,331,1000,6,0,0.0,0.0,0.0,True,80889
Random Reverse,331,100,6,0,0.0,0.0,0.0,True,80889
Random Reverse,331,500,6,0,0.0,0.0,0.0,True,80889
Random Reverse,331,1000,6,0,0.0,0.0,0.0,True,80889
TF-IDF Reverse,336,100,37,2,0.02,0.05405405405405406,0.030900829506055993,True,80889
TF-IDF Reverse,336,500,37,8,0.016,0.21621621621621623,0.1000810556855153,True,80889
TF-IDF Reverse,336,1000,37,13,0.013,0.35135135135135137,0.14867846419572878,True,80889
User Activity,336,100,37,0,0.0,0.0,0.0,True,80889
User Activity,336,500,37,1,0.002,0.02702702702702703,0.010765880349360697,True,80889
User Activity,336,1000,37,2,0.002,0.05405405405405406,0.020816583360944416,True,80889
Random Reverse,336,100,37,0,0.0,0.0,0.0,True,80889
Random Reverse,336,500,37,0,0.0,0.0,0.0,True,80889
Random Reverse,336,1000,37,0,0.0,0.0,0.0,True,80889
TF-IDF Reverse,337,100,10,0,0.0,0.0,0.0,True,80889
TF-IDF Reverse,337,500,10,3,0.006,0.3,0.08847123825712803,True,80889
TF-IDF Reverse,337,1000,10,3,0.003,0.3,0.08847123825712803,True,80889
User Activity,337,100,10,0,0.0,0.0,0.0,True,80889
User Activity,337,500,10,0,0.0,0.0,0.0,True,80889
User Activity,337,1000,10,0,0.0,0.0,0.0,True,80889
Random Reverse,337,100,10,0,0.0,0.0,0.0,True,80889
Random Reverse,337,500,10,0,0.0,0.0,0.0,True,80889
Random Reverse,337,1000,10,0,0.0,0.0,0.0,True,80889
TF-IDF Reverse,343,100,17,1,0.01,0.058823529411764705,0.02485615128252703,True,80889
TF-IDF Reverse,343,500,17,2,0.004,0.11764705882352941,0.04416825367683337,True,80889
TF-IDF Reverse,343,1000,17,3,0.003,0.17647058823529413,0.06132055931665999,True,80889
User Activity,343,100,17,0,0.0,0.0,0.0,True,80889
User Activity,343,500,17,0,0.0,0.0,0.0,True,80889
User Activity,343,1000,17,0,0.0,0.0,0.0,True,80889
Random Reverse,343,100,17,0,0.0,0.0,0.0,True,80889
Random Reverse,343,500,17,0,0.0,0.0,0.0,True,80889
Random Reverse,343,1000,17,1,0.001,0.058823529411764705,0.01651636883403017,True,80889
TF-IDF Reverse,344,100,48,1,0.01,0.020833333333333332,0.012219973106909282,True,80889
TF-IDF Reverse,344,500,48,2,0.004,0.041666666666666664,0.021763412642885567,True,80889
TF-IDF Reverse,344,1000,48,5,0.005,0.10416666666666667,0.04680113005802655,True,80889
User Activity,344,100,48,0,0.0,0.0,0.0,True,80889
User Activity,344,500,48,0,0.0,0.0,0.0,True,80889
User Activity,344,1000,48,0,0.0,0.0,0.0,True,80889
Random Reverse,344,100,48,0,0.0,0.0,0.0,True,80889
Random Reverse,344,500,48,0,0.0,0.0,0.0,True,80889
Random Reverse,344,1000,48,0,0.0,0.0,0.0,True,80889
TF-IDF Reverse,345,100,26,0,0.0,0.0,0.0,True,80889
TF-IDF Reverse,345,500,26,1,0.002,0.038461538461538464,0.013585997474574901,True,80889
TF-IDF Reverse,345,1000,26,1,0.001,0.038461538461538464,0.013585997474574901,True,80889
User Activity,345,100,26,0,0.0,0.0,0.0,True,80889
User Activity,345,500,26,0,0.0,0.0,0.0,True,80889
User Activity,345,1000,26,0,0.0,0.0,0.0,True,80889
Random Reverse,345,100,26,0,0.0,0.0,0.0,True,80889
Random Reverse,345,500,26,0,0.0,0.0,0.0,True,80889
Random Reverse,345,1000,26,2,0.002,0.07692307692307693,0.024218952265685257,True,80889
TF-IDF Reverse,346,100,11,0,0.0,0.0,0.0,True,80889
TF-IDF Reverse,346,500,11,1,0.002,0.09090909090909091,0.02680918083497636,True,80889
TF-IDF Reverse,346,1000,11,2,0.002,0.18181818181818182,0.04936129745945619,True,80889
User Activity,346,100,11,0,0.0,0.0,0.0,True,80889
User Activity,346,500,11,0,0.0,0.0,0.0,True,80889
User Activity,346,1000,11,0,0.0,0.0,0.0,True,80889
Random Reverse,346,100,11,0,0.0,0.0,0.0,True,80889
Random Reverse,346,500,11,0,0.0,0.0,0.0,True,80889
Random Reverse,346,1000,11,0,0.0,0.0,0.0,True,80889
TF-IDF Reverse,348,100,5,0,0.0,0.0,0.0,True,80889
TF-IDF Reverse,348,500,5,0,0.0,0.0,0.0,True,80889
TF-IDF Reverse,348,1000,5,0,0.0,0.0,0.0,True,80889
User Activity,348,100,5,0,0.0,0.0,0.0,True,80889
User Activity,348,500,5,0,0.0,0.0,0.0,True,80889
User Activity,348,1000,5,0,0.0,0.0,0.0,True,80889
Random Reverse,348,100,5,0,0.0,0.0,0.0,True,80889
Random Reverse,348,500,5,0,0.0,0.0,0.0,True,80889
Random Reverse,348,1000,5,0,0.0,0.0,0.0,True,80889
TF-IDF Reverse,349,100,263,0,0.0,0.0,0.0,True,80889
TF-IDF Reverse,349,500,263,2,0.004,0.0076045627376425855,0.006200794485032478,True,80889
TF-IDF Reverse,349,1000,263,7,0.007,0.026615969581749048,0.018332583705241868,True,80889
User Activity,349,100,263,2,0.02,0.0076045627376425855,0.015493928642366116,True,80889
User Activity,349,500,263,5,0.01,0.019011406844106463,0.015980572117653347,True,80889
User Activity,349,1000,263,9,0.009,0.034220532319391636,0.025721992971102628,True,80889
Random Reverse,349,100,263,0,0.0,0.0,0.0,True,80889
Random Reverse,349,500,263,1,0.002,0.0038022813688212928,0.0029547732243044695,True,80889
Random Reverse,349,1000,263,1,0.001,0.0038022813688212928,0.0029547732243044695,True,80889
TF-IDF Reverse,351,100,122,3,0.03,0.02459016393442623,0.024819567507030963,True,80889
TF-IDF Reverse,351,500,122,7,0.014,0.05737704918032787,0.04292908603761623,True,80889
TF-IDF Reverse,351,1000,122,7,0.007,0.05737704918032787,0.04292908603761623,True,80889
User Activity,351,100,122,0,0.0,0.0,0.0,True,80889
User Activity,351,500,122,0,0.0,0.0,0.0,True,80889
User Activity,351,1000,122,0,0.0,0.0,0.0,True,80889
Random Reverse,351,100,122,0,0.0,0.0,0.0,True,80889
Random Reverse,351,500,122,1,0.002,0.00819672131147541,0.004711725637660625,True,80889
Random Reverse,351,1000,122,2,0.002,0.01639344262295082,0.009289193114108687,True,80889
TF-IDF Reverse,352,100,38,1,0.01,0.02631578947368421,0.01467769921008711,True,80889
TF-IDF Reverse,352,500,38,1,0.002,0.02631578947368421,0.01467769921008711,True,80889
TF-IDF Reverse,352,1000,38,2,0.002,0.05263157894736842,0.024314618370769994,True,80889
User Activity,352,100,38,0,0.0,0.0,0.0,True,80889
User Activity,352,500,38,0,0.0,0.0,0.0,True,80889
User Activity,352,1000,38,0,0.0,0.0,0.0,True,80889
Random Reverse,352,100,38,0,0.0,0.0,0.0,True,80889
Random Reverse,352,500,38,0,0.0,0.0,0.0,True,80889
Random Reverse,352,1000,38,0,0.0,0.0,0.0,True,80889
TF-IDF Reverse,353,100,35,0,0.0,0.0,0.0,True,80889
TF-IDF Reverse,353,500,35,0,0.0,0.0,0.0,True,80889
TF-IDF Reverse,353,1000,35,0,0.0,0.0,0.0,True,80889
User Activity,353,100,35,0,0.0,0.0,0.0,True,80889
User Activity,353,500,35,0,0.0,0.0,0.0,True,80889
User Activity,353,1000,35,0,0.0,0.0,0.0,True,80889
Random Reverse,353,100,35,0,0.0,0.0,0.0,True,80889
Random Reverse,353,500,35,0,0.0,0.0,0.0,True,80889
Random Reverse,353,1000,35,0,0.0,0.0,0.0,True,80889
TF-IDF Reverse,354,100,44,1,0.01,0.022727272727272728,0.015060305801167455,True,80889
TF-IDF Reverse,354,500,44,1,0.002,0.022727272727272728,0.015060305801167455,True,80889
TF-IDF Reverse,354,1000,44,1,0.001,0.022727272727272728,0.015060305801167455,True,80889
User Activity,354,100,44,0,0.0,0.0,0.0,True,80889
User Activity,354,500,44,0,0.0,0.0,0.0,True,80889
User Activity,354,1000,44,0,0.0,0.0,0.0,True,80889
Random Reverse,354,100,44,0,0.0,0.0,0.0,True,80889
Random Reverse,354,500,44,0,0.0,0.0,0.0,True,80889
Random Reverse,354,1000,44,0,0.0,0.0,0.0,True,80889
TF-IDF Reverse,355,100,141,0,0.0,0.0,0.0,True,80889
TF-IDF Reverse,355,500,141,1,0.002,0.0070921985815602835,0.004219070210138733,True,80889
TF-IDF Reverse,355,1000,141,79,0.079,0.5602836879432624,0.31683755529806124,True,80889
User Activity,355,100,141,0,0.0,0.0,0.0,True,80889
User Activity,355,500,141,0,0.0,0.0,0.0,True,80889
User Activity,355,1000,141,0,0.0,0.0,0.0,True,80889
Random Reverse,355,100,141,0,0.0,0.0,0.0,True,80889
Random Reverse,355,500,141,0,0.0,0.0,0.0,True,80889
Random Reverse,355,1000,141,2,0.002,0.014184397163120567,0.007776312078937107,True,80889
TF-IDF Reverse,356,100,5,2,0.02,0.4,0.39837195724608304,True,80889
TF-IDF Reverse,356,500,5,2,0.004,0.4,0.39837195724608304,True,80889
TF-IDF Reverse,356,1000,5,2,0.002,0.4,0.39837195724608304,True,80889
User Activity,356,100,5,0,0.0,0.0,0.0,True,80889
User Activity,356,500,5,0,0.0,0.0,0.0,True,80889
User Activity,356,1000,5,0,0.0,0.0,0.0,True,80889
Random Reverse,356,100,5,0,0.0,0.0,0.0,True,80889
Random Reverse,356,500,5,0,0.0,0.0,0.0,True,80889
Random Reverse,356,1000,5,0,0.0,0.0,0.0,True,80889
TF-IDF Reverse,357,100,18,0,0.0,0.0,0.0,True,80889
TF-IDF Reverse,357,500,18,0,0.0,0.0,0.0,True,80889
TF-IDF Reverse,357,1000,18,0,0.0,0.0,0.0,True,80889
User Activity,357,100,18,0,0.0,0.0,0.0,True,80889
User Activity,357,500,18,0,0.0,0.0,0.0,True,80889
User Activity,357,1000,18,0,0.0,0.0,0.0,True,80889
Random Reverse,357,100,18,0,0.0,0.0,0.0,True,80889
Random Reverse,357,500,18,0,0.0,0.0,0.0,True,80889
Random Reverse,357,1000,18,0,0.0,0.0,0.0,True,80889
TF-IDF Reverse,358,100,26,1,0.01,0.038461538461538464,0.018122373900823698,True,80889
TF-IDF Reverse,358,500,26,3,0.006,0.11538461538461539,0.047643418440701406,True,80889
TF-IDF Reverse,358,1000,26,3,0.003,0.11538461538461539,0.047643418440701406,True,80889
User Activity,358,100,26,0,0.0,0.0,0.0,True,80889
User Activity,358,500,26,0,0.0,0.0,0.0,True,80889
User Activity,358,1000,26,0,0.0,0.0,0.0,True,80889
Random Reverse,358,100,26,0,0.0,0.0,0.0,True,80889
Random Reverse,358,500,26,0,0.0,0.0,0.0,True,80889
Random Reverse,358,1000,26,0,0.0,0.0,0.0,True,80889
TF-IDF Reverse,359,100,6,0,0.0,0.0,0.0,True,80889
TF-IDF Reverse,359,500,6,0,0.0,0.0,0.0,True,80889
TF-IDF Reverse,359,1000,6,0,0.0,0.0,0.0,True,80889
User Activity,359,100,6,0,0.0,0.0,0.0,True,80889
User Activity,359,500,6,0,0.0,0.0,0.0,True,80889
User Activity,359,1000,6,0,0.0,0.0,0.0,True,80889
Random Reverse,359,100,6,0,0.0,0.0,0.0,True,80889
Random Reverse,359,500,6,0,0.0,0.0,0.0,True,80889
Random Reverse,359,1000,6,0,0.0,0.0,0.0,True,80889
TF-IDF Reverse,361,100,674,5,0.05,0.00741839762611276,0.0401354989177125,True,80889
TF-IDF Reverse,361,500,674,15,0.03,0.02225519287833828,0.029744680784119123,True,80889
TF-IDF Reverse,361,1000,674,21,0.021,0.03115727002967359,0.030417468042897994,True,80889
User Activity,361,100,674,0,0.0,0.0,0.0,True,80889
User Activity,361,500,674,0,0.0,0.0,0.0,True,80889
User Activity,361,1000,674,0,0.0,0.0,0.0,True,80889
Random Reverse,361,100,674,1,0.01,0.001483679525222552,0.009640014296706483,True,80889
Random Reverse,361,500,674,1,0.002,0.001483679525222552,0.0028608027530923,True,80889
Random Reverse,361,1000,674,5,0.005,0.00741839762611276,0.0071105904689262485,True,80889
TF-IDF Reverse,362,100,31,0,0.0,0.0,0.0,True,80889
TF-IDF Reverse,362,500,31,0,0.0,0.0,0.0,True,80889
TF-IDF Reverse,362,1000,31,0,0.0,0.0,0.0,True,80889
User Activity,362,100,31,0,0.0,0.0,0.0,True,80889
User Activity,362,500,31,0,0.0,0.0,0.0,True,80889
User Activity,362,1000,31,0,0.0,0.0,0.0,True,80889
Random Reverse,362,100,31,0,0.0,0.0,0.0,True,80889
Random Reverse,362,500,31,0,0.0,0.0,0.0,True,80889
Random Reverse,362,1000,31,0,0.0,0.0,0.0,True,80889
TF-IDF Reverse,363,100,174,0,0.0,0.0,0.0,True,80889
TF-IDF Reverse,363,500,174,1,0.002,0.005747126436781609,0.0035878958175671752,True,80889
TF-IDF Reverse,363,1000,174,2,0.002,0.011494252873563218,0.006864032582316092,True,80889
User Activity,363,100,174,0,0.0,0.0,0.0,True,80889
User Activity,363,500,174,0,0.0,0.0,0.0,True,80889
User Activity,363,1000,174,1,0.001,0.005747126436781609,0.0032318950385044273,True,80889
Random Reverse,363,100,174,0,0.0,0.0,0.0,True,80889
Random Reverse,363,500,174,0,0.0,0.0,0.0,True,80889
Random Reverse,363,1000,174,1,0.001,0.005747126436781609,0.0032807486477245584,True,80889
TF-IDF Reverse,364,100,119,0,0.0,0.0,0.0,True,80889
TF-IDF Reverse,364,500,119,2,0.004,0.01680672268907563,0.011301274794361967,True,80889
TF-IDF Reverse,364,1000,119,2,0.002,0.01680672268907563,0.011301274794361967,True,80889
User Activity,364,100,119,0,0.0,0.0,0.0,True,80889
User Activity,364,500,119,0,0.0,0.0,0.0,True,80889
User Activity,364,1000,119,0,0.0,0.0,0.0,True,80889
Random Reverse,364,100,119,0,0.0,0.0,0.0,True,80889
Random Reverse,364,500,119,0,0.0,0.0,0.0,True,80889
Random Reverse,364,1000,119,1,0.001,0.008403361344537815,0.0045054178291559594,True,80889
TF-IDF Reverse,365,100,5,0,0.0,0.0,0.0,True,80889
TF-IDF Reverse,365,500,5,0,0.0,0.0,0.0,True,80889
TF-IDF Reverse,365,1000,5,0,0.0,0.0,0.0,True,80889
User Activity,365,100,5,0,0.0,0.0,0.0,True,80889
User Activity,365,500,5,0,0.0,0.0,0.0,True,80889
User Activity,365,1000,5,0,0.0,0.0,0.0,True,80889
Random Reverse,365,100,5,0,0.0,0.0,0.0,True,80889
Random Reverse,365,500,5,0,0.0,0.0,0.0,True,80889
Random Reverse,365,1000,5,0,0.0,0.0,0.0,True,80889
TF-IDF Reverse,367,100,269,5,0.05,0.01858736059479554,0.057099650666963694,True,80889
TF-IDF Reverse,367,500,269,8,0.016,0.02973977695167286,0.036712440336920525,True,80889
TF-IDF Reverse,367,1000,269,10,0.01,0.03717472118959108,0.041705862282760055,True,80889
User Activity,367,100,269,0,0.0,0.0,0.0,True,80889
User Activity,367,500,269,0,0.0,0.0,0.0,True,80889
User Activity,367,1000,269,1,0.001,0.0037174721189591076,0.002362165395267465,True,80889
Random Reverse,367,100,269,0,0.0,0.0,0.0,True,80889
Random Reverse,367,500,269,1,0.002,0.0037174721189591076,0.0032376401988888385,True,80889
Random Reverse,367,1000,269,1,0.001,0.0037174721189591076,0.0032376401988888385,True,80889
TF-IDF Reverse,368,100,23,0,0.0,0.0,0.0,True,80889
TF-IDF Reverse,368,500,23,3,0.006,0.13043478260869565,0.049919831340989006,True,80889
TF-IDF Reverse,368,1000,23,3,0.003,0.13043478260869565,0.049919831340989006,True,80889
User Activity,368,100,23,0,0.0,0.0,0.0,True,80889
User Activity,368,500,23,0,0.0,0.0,0.0,True,80889
User Activity,368,1000,23,0,0.0,0.0,0.0,True,80889
Random Reverse,368,100,23,0,0.0,0.0,0.0,True,80889
Random Reverse,368,500,23,0,0.0,0.0,0.0,True,80889
Random Reverse,368,1000,23,0,0.0,0.0,0.0,True,80889
TF-IDF Reverse,369,100,64,0,0.0,0.0,0.0,True,80889
TF-IDF Reverse,369,500,64,0,0.0,0.0,0.0,True,80889
TF-IDF Reverse,369,1000,64,2,0.002,0.03125,0.013712975799851106,True,80889
User Activity,369,100,64,0,0.0,0.0,0.0,True,80889
User Activity,369,500,64,0,0.0,0.0,0.0,True,80889
User Activity,369,1000,64,1,0.001,0.015625,0.006568771580720893,True,80889
Random Reverse,369,100,64,0,0.0,0.0,0.0,True,80889
Random Reverse,369,500,64,0,0.0,0.0,0.0,True,80889
Random Reverse,369,1000,64,0,0.0,0.0,0.0,True,80889
TF-IDF Reverse,370,100,35,0,0.0,0.0,0.0,True,80889
TF-IDF Reverse,370,500,35,0,0.0,0.0,0.0,True,80889
TF-IDF Reverse,370,1000,35,3,0.003,0.08571428571428572,0.030168939314363565,True,80889
User Activity,370,100,35,0,0.0,0.0,0.0,True,80889
User Activity,370,500,35,0,0.0,0.0,0.0,True,80889
User Activity,370,1000,35,0,0.0,0.0,0.0,True,80889
Random Reverse,370,100,35,0,0.0,0.0,0.0,True,80889
Random Reverse,370,500,35,0,0.0,0.0,0.0,True,80889
Random Reverse,370,1000,35,0,0.0,0.0,0.0,True,80889
TF-IDF Reverse,371,100,11,0,0.0,0.0,0.0,True,80889
TF-IDF Reverse,371,500,11,0,0.0,0.0,0.0,True,80889
TF-IDF Reverse,371,1000,11,1,0.001,0.09090909090909091,0.02130122386843782,True,80889
User Activity,371,100,11,0,0.0,0.0,0.0,True,80889
User Activity,371,500,11,0,0.0,0.0,0.0,True,80889
User Activity,371,1000,11,0,0.0,0.0,0.0,True,80889
Random Reverse,371,100,11,0,0.0,0.0,0.0,True,80889
Random Reverse,371,500,11,0,0.0,0.0,0.0,True,80889
Random Reverse,371,1000,11,0,0.0,0.0,0.0,True,80889
TF-IDF Reverse,373,100,15,0,0.0,0.0,0.0,True,80889
TF-IDF Reverse,373,500,15,0,0.0,0.0,0.0,True,80889
TF-IDF Reverse,373,1000,15,0,0.0,0.0,0.0,True,80889
User Activity,373,100,15,0,0.0,0.0,0.0,True,80889
User Activity,373,500,15,0,0.0,0.0,0.0,True,80889
User Activity,373,1000,15,0,0.0,0.0,0.0,True,80889
Random Reverse,373,100,15,0,0.0,0.0,0.0,True,80889
Random Reverse,373,500,15,0,0.0,0.0,0.0,True,80889
Random Reverse,373,1000,15,0,0.0,0.0,0.0,True,80889
TF-IDF Reverse,375,100,70,0,0.0,0.0,0.0,True,80889
TF-IDF Reverse,375,500,70,1,0.002,0.014285714285714285,0.007026328565185509,True,80889
TF-IDF Reverse,375,1000,70,11,0.011,0.15714285714285714,0.07027186110402071,True,80889
User Activity,375,100,70,0,0.0,0.0,0.0,True,80889
User Activity,375,500,70,0,0.0,0.0,0.0,True,80889
User Activity,375,1000,70,0,0.0,0.0,0.0,True,80889
Random Reverse,375,100,70,0,0.0,0.0,0.0,True,80889
Random Reverse,375,500,70,1,0.002,0.014285714285714285,0.00819585872006867,True,80889
Random Reverse,375,1000,70,2,0.002,0.02857142857142857,0.014770836224896724,True,80889
TF-IDF Reverse,377,100,7,0,0.0,0.0,0.0,True,80889
TF-IDF Reverse,377,500,7,0,0.0,0.0,0.0,True,80889
TF-IDF Reverse,377,1000,7,1,0.001,0.14285714285714285,0.03003362959636818,True,80889
User Activity,377,100,7,0,0.0,0.0,0.0,True,80889
User Activity,377,500,7,0,0.0,0.0,0.0,True,80889
User Activity,377,1000,7,0,0.0,0.0,0.0,True,80889
Random Reverse,377,100,7,0,0.0,0.0,0.0,True,80889
Random Reverse,377,500,7,0,0.0,0.0,0.0,True,80889
Random Reverse,377,1000,7,0,0.0,0.0,0.0,True,80889
TF-IDF Reverse,378,100,5,0,0.0,0.0,0.0,True,80889
TF-IDF Reverse,378,500,5,0,0.0,0.0,0.0,True,80889
TF-IDF Reverse,378,1000,5,0,0.0,0.0,0.0,True,80889
User Activity,378,100,5,0,0.0,0.0,0.0,True,80889
User Activity,378,500,5,0,0.0,0.0,0.0,True,80889
User Activity,378,1000,5,0,0.0,0.0,0.0,True,80889
Random Reverse,378,100,5,0,0.0,0.0,0.0,True,80889
Random Reverse,378,500,5,0,0.0,0.0,0.0,True,80889
Random Reverse,378,1000,5,0,0.0,0.0,0.0,True,80889
TF-IDF Reverse,380,100,39,0,0.0,0.0,0.0,True,80889
TF-IDF Reverse,380,500,39,0,0.0,0.0,0.0,True,80889
TF-IDF Reverse,380,1000,39,0,0.0,0.0,0.0,True,80889
User Activity,380,100,39,0,0.0,0.0,0.0,True,80889
User Activity,380,500,39,0,0.0,0.0,0.0,True,80889
User Activity,380,1000,39,0,0.0,0.0,0.0,True,80889
Random Reverse,380,100,39,0,0.0,0.0,0.0,True,80889
Random Reverse,380,500,39,0,0.0,0.0,0.0,True,80889
Random Reverse,380,1000,39,0,0.0,0.0,0.0,True,80889
TF-IDF Reverse,381,100,10,0,0.0,0.0,0.0,True,80889
TF-IDF Reverse,381,500,10,0,0.0,0.0,0.0,True,80889
TF-IDF Reverse,381,1000,10,1,0.001,0.1,0.02316307488911612,True,80889
User Activity,381,100,10,0,0.0,0.0,0.0,True,80889
User Activity,381,500,10,0,0.0,0.0,0.0,True,80889
User Activity,381,1000,10,0,0.0,0.0,0.0,True,80889
Random Reverse,381,100,10,0,0.0,0.0,0.0,True,80889
Random Reverse,381,500,10,1,0.002,0.1,0.026505006932703048,True,80889
Random Reverse,381,1000,10,1,0.001,0.1,0.026505006932703048,True,80889
TF-IDF Reverse,382,100,12,0,0.0,0.0,0.0,True,80889
TF-IDF Reverse,382,500,12,0,0.0,0.0,0.0,True,80889
TF-IDF Reverse,382,1000,12,0,0.0,0.0,0.0,True,80889
User Activity,382,100,12,0,0.0,0.0,0.0,True,80889
User Activity,382,500,12,0,0.0,0.0,0.0,True,80889
User Activity,382,1000,12,0,0.0,0.0,0.0,True,80889
Random Reverse,382,100,12,0,0.0,0.0,0.0,True,80889
Random Reverse,382,500,12,0,0.0,0.0,0.0,True,80889
Random Reverse,382,1000,12,0,0.0,0.0,0.0,True,80889
TF-IDF Reverse,383,100,27,2,0.02,0.07407407407407407,0.04584072158170276,True,80889
TF-IDF Reverse,383,500,27,2,0.004,0.07407407407407407,0.04584072158170276,True,80889
TF-IDF Reverse,383,1000,27,2,0.002,0.07407407407407407,0.04584072158170276,True,80889
User Activity,383,100,27,0,0.0,0.0,0.0,True,80889
User Activity,383,500,27,0,0.0,0.0,0.0,True,80889
User Activity,383,1000,27,0,0.0,0.0,0.0,True,80889
Random Reverse,383,100,27,0,0.0,0.0,0.0,True,80889
Random Reverse,383,500,27,0,0.0,0.0,0.0,True,80889
Random Reverse,383,1000,27,0,0.0,0.0,0.0,True,80889
TF-IDF Reverse,385,100,83,2,0.02,0.024096385542168676,0.018822605876885567,True,80889
TF-IDF Reverse,385,500,83,7,0.014,0.08433734939759036,0.05390029571632637,True,80889
TF-IDF Reverse,385,1000,83,8,0.008,0.0963855421686747,0.05997476126983816,True,80889
User Activity,385,100,83,0,0.0,0.0,0.0,True,80889
User Activity,385,500,83,0,0.0,0.0,0.0,True,80889
User Activity,385,1000,83,0,0.0,0.0,0.0,True,80889
Random Reverse,385,100,83,0,0.0,0.0,0.0,True,80889
Random Reverse,385,500,83,0,0.0,0.0,0.0,True,80889
Random Reverse,385,1000,83,1,0.001,0.012048192771084338,0.00576734959975047,True,80889
TF-IDF Reverse,386,100,51,5,0.05,0.09803921568627451,0.07529328305700764,True,80889
TF-IDF Reverse,386,500,51,10,0.02,0.19607843137254902,0.12680317904186036,True,80889
TF-IDF Reverse,386,1000,51,13,0.013,0.2549019607843137,0.15100067714761928,True,80889
User Activity,386,100,51,0,0.0,0.0,0.0,True,80889
User Activity,386,500,51,0,0.0,0.0,0.0,True,80889
User Activity,386,1000,51,0,0.0,0.0,0.0,True,80889
Random Reverse,386,100,51,0,0.0,0.0,0.0,True,80889
Random Reverse,386,500,51,1,0.002,0.0196078431372549,0.0095415295508533,True,80889
Random Reverse,386,1000,51,2,0.002,0.0392156862745098,0.017284023464600614,True,80889
TF-IDF Reverse,387,100,8,0,0.0,0.0,0.0,True,80889
TF-IDF Reverse,387,500,8,1,0.002,0.125,0.034763383455113386,True,80889
TF-IDF Reverse,387,1000,8,1,0.001,0.125,0.034763383455113386,True,80889
User Activity,387,100,8,0,0.0,0.0,0.0,True,80889
User Activity,387,500,8,0,0.0,0.0,0.0,True,80889
User Activity,387,1000,8,0,0.0,0.0,0.0,True,80889
Random Reverse,387,100,8,0,0.0,0.0,0.0,True,80889
Random Reverse,387,500,8,0,0.0,0.0,0.0,True,80889
Random Reverse,387,1000,8,0,0.0,0.0,0.0,True,80889
TF-IDF Reverse,391,100,16,0,0.0,0.0,0.0,True,80889
TF-IDF Reverse,391,500,16,0,0.0,0.0,0.0,True,80889
TF-IDF Reverse,391,1000,16,0,0.0,0.0,0.0,True,80889
User Activity,391,100,16,0,0.0,0.0,0.0,True,80889
User Activity,391,500,16,0,0.0,0.0,0.0,True,80889
User Activity,391,1000,16,0,0.0,0.0,0.0,True,80889
Random Reverse,391,100,16,0,0.0,0.0,0.0,True,80889
Random Reverse,391,500,16,0,0.0,0.0,0.0,True,80889
Random Reverse,391,1000,16,0,0.0,0.0,0.0,True,80889
TF-IDF Reverse,392,100,522,6,0.06,0.011494252873563218,0.044601224004588325,True,80889
TF-IDF Reverse,392,500,522,155,0.31,0.29693486590038315,0.26893444481804885,True,80889
TF-IDF Reverse,392,1000,522,177,0.177,0.3390804597701149,0.2925466096732752,True,80889
User Activity,392,100,522,0,0.0,0.0,0.0,True,80889
User Activity,392,500,522,0,0.0,0.0,0.0,True,80889
User Activity,392,1000,522,0,0.0,0.0,0.0,True,80889
Random Reverse,392,100,522,1,0.01,0.0019157088122605363,0.007576171375349716,True,80889
Random Reverse,392,500,522,4,0.008,0.007662835249042145,0.007373372166489035,True,80889
Random Reverse,392,1000,522,7,0.007,0.013409961685823755,0.011381553293735244,True,80889
TF-IDF Reverse,393,100,56,0,0.0,0.0,0.0,True,80889
TF-IDF Reverse,393,500,56,1,0.002,0.017857142857142856,0.010600438552108288,True,80889
TF-IDF Reverse,393,1000,56,1,0.001,0.017857142857142856,0.010600438552108288,True,80889
User Activity,393,100,56,0,0.0,0.0,0.0,True,80889
User Activity,393,500,56,0,0.0,0.0,0.0,True,80889
User Activity,393,1000,56,0,0.0,0.0,0.0,True,80889
Random Reverse,393,100,56,0,0.0,0.0,0.0,True,80889
Random Reverse,393,500,56,0,0.0,0.0,0.0,True,80889
Random Reverse,393,1000,56,0,0.0,0.0,0.0,True,80889
TF-IDF Reverse,397,100,111,0,0.0,0.0,0.0,True,80889
TF-IDF Reverse,397,500,111,1,0.002,0.009009009009009009,0.005390503992845549,True,80889
TF-IDF Reverse,397,1000,111,3,0.003,0.02702702702702703,0.014679872041255924,True,80889
User Activity,397,100,111,0,0.0,0.0,0.0,True,80889
User Activity,397,500,111,0,0.0,0.0,0.0,True,80889
User Activity,397,1000,111,0,0.0,0.0,0.0,True,80889
Random Reverse,397,100,111,0,0.0,0.0,0.0,True,80889
Random Reverse,397,500,111,1,0.002,0.009009009009009009,0.005151849971092728,True,80889
Random Reverse,397,1000,111,4,0.004,0.036036036036036036,0.018892459789234626,True,80889
TF-IDF Reverse,398,100,20,0,0.0,0.0,0.0,True,80889
TF-IDF Reverse,398,500,20,1,0.002,0.05,0.017068164734674967,True,80889
TF-IDF Reverse,398,1000,20,1,0.001,0.05,0.017068164734674967,True,80889
User Activity,398,100,20,0,0.0,0.0,0.0,True,80889
User Activity,398,500,20,0,0.0,0.0,0.0,True,80889
User Activity,398,1000,20,0,0.0,0.0,0.0,True,80889
Random Reverse,398,100,20,0,0.0,0.0,0.0,True,80889
Random Reverse,398,500,20,0,0.0,0.0,0.0,True,80889
Random Reverse,398,1000,20,0,0.0,0.0,0.0,True,80889
TF-IDF Reverse,399,100,6,0,0.0,0.0,0.0,True,80889
TF-IDF Reverse,399,500,6,0,0.0,0.0,0.0,True,80889
TF-IDF Reverse,399,1000,6,0,0.0,0.0,0.0,True,80889
User Activity,399,100,6,0,0.0,0.0,0.0,True,80889
User Activity,399,500,6,0,0.0,0.0,0.0,True,80889
User Activity,399,1000,6,0,0.0,0.0,0.0,True,80889
Random Reverse,399,100,6,0,0.0,0.0,0.0,True,80889
Random Reverse,399,500,6,1,0.002,0.16666666666666666,0.036563299278823055,True,80889
Random Reverse,399,1000,6,1,0.001,0.16666666666666666,0.036563299278823055,True,80889
TF-IDF Reverse,400,100,7,0,0.0,0.0,0.0,True,80889
TF-IDF Reverse,400,500,7,0,0.0,0.0,0.0,True,80889
TF-IDF Reverse,400,1000,7,0,0.0,0.0,0.0,True,80889
User Activity,400,100,7,0,0.0,0.0,0.0,True,80889
User Activity,400,500,7,0,0.0,0.0,0.0,True,80889
User Activity,400,1000,7,0,0.0,0.0,0.0,True,80889
Random Reverse,400,100,7,0,0.0,0.0,0.0,True,80889
Random Reverse,400,500,7,0,0.0,0.0,0.0,True,80889
Random Reverse,400,1000,7,0,0.0,0.0,0.0,True,80889
TF-IDF Reverse,401,100,14,0,0.0,0.0,0.0,True,80889
TF-IDF Reverse,401,500,14,0,0.0,0.0,0.0,True,80889
TF-IDF Reverse,401,1000,14,0,0.0,0.0,0.0,True,80889
User Activity,401,100,14,0,0.0,0.0,0.0,True,80889
User Activity,401,500,14,0,0.0,0.0,0.0,True,80889
User Activity,401,1000,14,0,0.0,0.0,0.0,True,80889
Random Reverse,401,100,14,0,0.0,0.0,0.0,True,80889
Random Reverse,401,500,14,0,0.0,0.0,0.0,True,80889
Random Reverse,401,1000,14,0,0.0,0.0,0.0,True,80889
TF-IDF Reverse,402,100,8,0,0.0,0.0,0.0,True,80889
TF-IDF Reverse,402,500,8,0,0.0,0.0,0.0,True,80889
TF-IDF Reverse,402,1000,8,0,0.0,0.0,0.0,True,80889
User Activity,402,100,8,0,0.0,0.0,0.0,True,80889
User Activity,402,500,8,0,0.0,0.0,0.0,True,80889
User Activity,402,1000,8,0,0.0,0.0,0.0,True,80889
Random Reverse,402,100,8,0,0.0,0.0,0.0,True,80889
Random Reverse,402,500,8,0,0.0,0.0,0.0,True,80889
Random Reverse,402,1000,8,0,0.0,0.0,0.0,True,80889
TF-IDF Reverse,403,100,17,0,0.0,0.0,0.0,True,80889
TF-IDF Reverse,403,500,17,0,0.0,0.0,0.0,True,80889
TF-IDF Reverse,403,1000,17,1,0.001,0.058823529411764705,0.015873065592532296,True,80889
User Activity,403,100,17,0,0.0,0.0,0.0,True,80889
User Activity,403,500,17,0,0.0,0.0,0.0,True,80889
User Activity,403,1000,17,0,0.0,0.0,0.0,True,80889
Random Reverse,403,100,17,0,0.0,0.0,0.0,True,80889
Random Reverse,403,500,17,0,0.0,0.0,0.0,True,80889
Random Reverse,403,1000,17,0,0.0,0.0,0.0,True,80889
TF-IDF Reverse,405,100,11,0,0.0,0.0,0.0,True,80889
TF-IDF Reverse,405,500,11,0,0.0,0.0,0.0,True,80889
TF-IDF Reverse,405,1000,11,0,0.0,0.0,0.0,True,80889
User Activity,405,100,11,0,0.0,0.0,0.0,True,80889
User Activity,405,500,11,0,0.0,0.0,0.0,True,80889
User Activity,405,1000,11,0,0.0,0.0,0.0,True,80889
Random Reverse,405,100,11,0,0.0,0.0,0.0,True,80889
Random Reverse,405,500,11,0,0.0,0.0,0.0,True,80889
Random Reverse,405,1000,11,0,0.0,0.0,0.0,True,80889
TF-IDF Reverse,410,100,10,0,0.0,0.0,0.0,True,80889
TF-IDF Reverse,410,500,10,0,0.0,0.0,0.0,True,80889
TF-IDF Reverse,410,1000,10,0,0.0,0.0,0.0,True,80889
User Activity,410,100,10,0,0.0,0.0,0.0,True,80889
User Activity,410,500,10,2,0.004,0.2,0.0510522786531559,True,80889
User Activity,410,1000,10,3,0.003,0.3,0.0732750565221017,True,80889
Random Reverse,410,100,10,0,0.0,0.0,0.0,True,80889
Random Reverse,410,500,10,0,0.0,0.0,0.0,True,80889
Random Reverse,410,1000,10,0,0.0,0.0,0.0,True,80889
TF-IDF Reverse,419,100,17,0,0.0,0.0,0.0,True,80889
TF-IDF Reverse,419,500,17,0,0.0,0.0,0.0,True,80889
TF-IDF Reverse,419,1000,17,0,0.0,0.0,0.0,True,80889
User Activity,419,100,17,0,0.0,0.0,0.0,True,80889
User Activity,419,500,17,0,0.0,0.0,0.0,True,80889
User Activity,419,1000,17,0,0.0,0.0,0.0,True,80889
Random Reverse,419,100,17,0,0.0,0.0,0.0,True,80889
Random Reverse,419,500,17,1,0.002,0.058823529411764705,0.01788581687013994,True,80889
Random Reverse,419,1000,17,1,0.001,0.058823529411764705,0.01788581687013994,True,80889
TF-IDF Reverse,420,100,47,7,0.07,0.14893617021276595,0.1107585660940603,True,80889
TF-IDF Reverse,420,500,47,9,0.018,0.19148936170212766,0.13128399999471346,True,80889
TF-IDF Reverse,420,1000,47,10,0.01,0.2127659574468085,0.14015950025214344,True,80889
User Activity,420,100,47,0,0.0,0.0,0.0,True,80889
User Activity,420,500,47,0,0.0,0.0,0.0,True,80889
User Activity,420,1000,47,0,0.0,0.0,0.0,True,80889
Random Reverse,420,100,47,0,0.0,0.0,0.0,True,80889
Random Reverse,420,500,47,0,0.0,0.0,0.0,True,80889
Random Reverse,420,1000,47,0,0.0,0.0,0.0,True,80889
TF-IDF Reverse,424,100,18,0,0.0,0.0,0.0,True,80889
TF-IDF Reverse,424,500,18,0,0.0,0.0,0.0,True,80889
TF-IDF Reverse,424,1000,18,0,0.0,0.0,0.0,True,80889
User Activity,424,100,18,0,0.0,0.0,0.0,True,80889
User Activity,424,500,18,0,0.0,0.0,0.0,True,80889
User Activity,424,1000,18,0,0.0,0.0,0.0,True,80889
Random Reverse,424,100,18,0,0.0,0.0,0.0,True,80889
Random Reverse,424,500,18,0,0.0,0.0,0.0,True,80889
Random Reverse,424,1000,18,0,0.0,0.0,0.0,True,80889
TF-IDF Reverse,425,100,70,0,0.0,0.0,0.0,True,80889
TF-IDF Reverse,425,500,70,2,0.004,0.02857142857142857,0.0155594104467,True,80889
TF-IDF Reverse,425,1000,70,5,0.005,0.07142857142857142,0.034586169236490195,True,80889
User Activity,425,100,70,0,0.0,0.0,0.0,True,80889
User Activity,425,500,70,4,0.008,0.05714285714285714,0.029730739202785225,True,80889
User Activity,425,1000,70,5,0.005,0.07142857142857142,0.0359592104283704,True,80889
Random Reverse,425,100,70,0,0.0,0.0,0.0,True,80889
Random Reverse,425,500,70,0,0.0,0.0,0.0,True,80889
Random Reverse,425,1000,70,0,0.0,0.0,0.0,True,80889
TF-IDF Reverse,427,100,7,0,0.0,0.0,0.0,True,80889
TF-IDF Reverse,427,500,7,1,0.002,0.14285714285714285,0.03176058843008832,True,80889
TF-IDF Reverse,427,1000,7,1,0.001,0.14285714285714285,0.03176058843008832,True,80889
User Activity,427,100,7,0,0.0,0.0,0.0,True,80889
User Activity,427,500,7,0,0.0,0.0,0.0,True,80889
User Activity,427,1000,7,0,0.0,0.0,0.0,True,80889
Random Reverse,427,100,7,0,0.0,0.0,0.0,True,80889
Random Reverse,427,500,7,0,0.0,0.0,0.0,True,80889
Random Reverse,427,1000,7,0,0.0,0.0,0.0,True,80889
TF-IDF Reverse,428,100,13,0,0.0,0.0,0.0,True,80889
TF-IDF Reverse,428,500,13,0,0.0,0.0,0.0,True,80889
TF-IDF Reverse,428,1000,13,0,0.0,0.0,0.0,True,80889
User Activity,428,100,13,0,0.0,0.0,0.0,True,80889
User Activity,428,500,13,0,0.0,0.0,0.0,True,80889
User Activity,428,1000,13,0,0.0,0.0,0.0,True,80889
Random Reverse,428,100,13,0,0.0,0.0,0.0,True,80889
Random Reverse,428,500,13,0,0.0,0.0,0.0,True,80889
Random Reverse,428,1000,13,0,0.0,0.0,0.0,True,80889
TF-IDF Reverse,430,100,25,0,0.0,0.0,0.0,True,80889
TF-IDF Reverse,430,500,25,0,0.0,0.0,0.0,True,80889
TF-IDF Reverse,430,1000,25,0,0.0,0.0,0.0,True,80889
User Activity,430,100,25,0,0.0,0.0,0.0,True,80889
User Activity,430,500,25,0,0.0,0.0,0.0,True,80889
User Activity,430,1000,25,0,0.0,0.0,0.0,True,80889
Random Reverse,430,100,25,0,0.0,0.0,0.0,True,80889
Random Reverse,430,500,25,0,0.0,0.0,0.0,True,80889
Random Reverse,430,1000,25,1,0.001,0.04,0.01318242141309474,True,80889
TF-IDF Reverse,431,100,11,0,0.0,0.0,0.0,True,80889
TF-IDF Reverse,431,500,11,0,0.0,0.0,0.0,True,80889
TF-IDF Reverse,431,1000,11,0,0.0,0.0,0.0,True,80889
User Activity,431,100,11,0,0.0,0.0,0.0,True,80889
User Activity,431,500,11,0,0.0,0.0,0.0,True,80889
User Activity,431,1000,11,0,0.0,0.0,0.0,True,80889
Random Reverse,431,100,11,0,0.0,0.0,0.0,True,80889
Random Reverse,431,500,11,0,0.0,0.0,0.0,True,80889
Random Reverse,431,1000,11,0,0.0,0.0,0.0,True,80889
TF-IDF Reverse,432,100,17,0,0.0,0.0,0.0,True,80889
TF-IDF Reverse,432,500,17,0,0.0,0.0,0.0,True,80889
TF-IDF Reverse,432,1000,17,0,0.0,0.0,0.0,True,80889
User Activity,432,100,17,0,0.0,0.0,0.0,True,80889
User Activity,432,500,17,0,0.0,0.0,0.0,True,80889
User Activity,432,1000,17,0,0.0,0.0,0.0,True,80889
Random Reverse,432,100,17,0,0.0,0.0,0.0,True,80889
Random Reverse,432,500,17,0,0.0,0.0,0.0,True,80889
Random Reverse,432,1000,17,0,0.0,0.0,0.0,True,80889
TF-IDF Reverse,433,100,29,0,0.0,0.0,0.0,True,80889
TF-IDF Reverse,433,500,29,4,0.008,0.13793103448275862,0.053653570794525325,True,80889
TF-IDF Reverse,433,1000,29,4,0.004,0.13793103448275862,0.053653570794525325,True,80889
User Activity,433,100,29,0,0.0,0.0,0.0,True,80889
User Activity,433,500,29,0,0.0,0.0,0.0,True,80889
User Activity,433,1000,29,0,0.0,0.0,0.0,True,80889
Random Reverse,433,100,29,0,0.0,0.0,0.0,True,80889
Random Reverse,433,500,29,0,0.0,0.0,0.0,True,80889
Random Reverse,433,1000,29,0,0.0,0.0,0.0,True,80889
TF-IDF Reverse,434,100,311,12,0.12,0.03858520900321544,0.1497344143745279,True,80889
TF-IDF Reverse,434,500,311,62,0.124,0.19935691318327975,0.18964188033110743,True,80889
TF-IDF Reverse,434,1000,311,84,0.084,0.27009646302250806,0.23630914391611166,True,80889
User Activity,434,100,311,0,0.0,0.0,0.0,True,80889
User Activity,434,500,311,0,0.0,0.0,0.0,True,80889
User Activity,434,1000,311,0,0.0,0.0,0.0,True,80889
Random Reverse,434,100,311,2,0.02,0.006430868167202572,0.015619567924826029,True,80889
Random Reverse,434,500,311,4,0.008,0.012861736334405145,0.011815878838774474,True,80889
Random Reverse,434,1000,311,5,0.005,0.01607717041800643,0.014018165271038246,True,80889
TF-IDF Reverse,435,100,123,0,0.0,0.0,0.0,True,80889
TF-IDF Reverse,435,500,123,0,0.0,0.0,0.0,True,80889
TF-IDF Reverse,435,1000,123,1,0.001,0.008130081300813009,0.004205707889850312,True,80889
User Activity,435,100,123,0,0.0,0.0,0.0,True,80889
User Activity,435,500,123,0,0.0,0.0,0.0,True,80889
User Activity,435,1000,123,0,0.0,0.0,0.0,True,80889
Random Reverse,435,100,123,0,0.0,0.0,0.0,True,80889
Random Reverse,435,500,123,2,0.004,0.016260162601626018,0.010095106379572803,True,80889
Random Reverse,435,1000,123,2,0.002,0.016260162601626018,0.010095106379572803,True,80889
TF-IDF Reverse,436,100,147,6,0.06,0.04081632653061224,0.04663141615554854,True,80889
TF-IDF Reverse,436,500,147,20,0.04,0.1360544217687075,0.10330096781526113,True,80889
TF-IDF Reverse,436,1000,147,21,0.021,0.14285714285714285,0.10731252422555286,True,80889
User Activity,436,100,147,0,0.0,0.0,0.0,True,80889
User Activity,436,500,147,0,0.0,0.0,0.0,True,80889
User Activity,436,1000,147,0,0.0,0.0,0.0,True,80889
Random Reverse,436,100,147,0,0.0,0.0,0.0,True,80889
Random Reverse,436,500,147,1,0.002,0.006802721088435374,0.00520925926552588,True,80889
Random Reverse,436,1000,147,2,0.002,0.013605442176870748,0.008964339582871442,True,80889
TF-IDF Reverse,437,100,39,1,0.01,0.02564102564102564,0.015935370779344094,True,80889
TF-IDF Reverse,437,500,39,2,0.004,0.05128205128205128,0.029679438556847598,True,80889
TF-IDF Reverse,437,1000,39,2,0.002,0.05128205128205128,0.029679438556847598,True,80889
User Activity,437,100,39,0,0.0,0.0,0.0,True,80889
User Activity,437,500,39,0,0.0,0.0,0.0,True,80889
User Activity,437,1000,39,0,0.0,0.0,0.0,True,80889
Random Reverse,437,100,39,0,0.0,0.0,0.0,True,80889
Random Reverse,437,500,39,1,0.002,0.02564102564102564,0.01334809284272597,True,80889
Random Reverse,437,1000,39,1,0.001,0.02564102564102564,0.01334809284272597,True,80889
TF-IDF Reverse,438,100,19,0,0.0,0.0,0.0,True,80889
TF-IDF Reverse,438,500,19,0,0.0,0.0,0.0,True,80889
TF-IDF Reverse,438,1000,19,0,0.0,0.0,0.0,True,80889
User Activity,438,100,19,0,0.0,0.0,0.0,True,80889
User Activity,438,500,19,0,0.0,0.0,0.0,True,80889
User Activity,438,1000,19,0,0.0,0.0,0.0,True,80889
Random Reverse,438,100,19,0,0.0,0.0,0.0,True,80889
Random Reverse,438,500,19,0,0.0,0.0,0.0,True,80889
Random Reverse,438,1000,19,0,0.0,0.0,0.0,True,80889
TF-IDF Reverse,439,100,86,1,0.01,0.011627906976744186,0.008931242357468217,True,80889
TF-IDF Reverse,439,500,86,3,0.006,0.03488372093023256,0.02106890285556963,True,80889
TF-IDF Reverse,439,1000,86,3,0.003,0.03488372093023256,0.02106890285556963,True,80889
User Activity,439,100,86,0,0.0,0.0,0.0,True,80889
User Activity,439,500,86,0,0.0,0.0,0.0,True,80889
User Activity,439,1000,86,1,0.001,0.011627906976744186,0.005703275481006477,True,80889
Random Reverse,439,100,86,0,0.0,0.0,0.0,True,80889
Random Reverse,439,500,86,1,0.002,0.011627906976744186,0.007826775890386458,True,80889
Random Reverse,439,1000,86,3,0.003,0.03488372093023256,0.019563811544416745,True,80889
TF-IDF Reverse,440,100,11,0,0.0,0.0,0.0,True,80889
TF-IDF Reverse,440,500,11,0,0.0,0.0,0.0,True,80889
TF-IDF Reverse,440,1000,11,0,0.0,0.0,0.0,True,80889
User Activity,440,100,11,0,0.0,0.0,0.0,True,80889
User Activity,440,500,11,0,0.0,0.0,0.0,True,80889
User Activity,440,1000,11,0,0.0,0.0,0.0,True,80889
Random Reverse,440,100,11,0,0.0,0.0,0.0,True,80889
Random Reverse,440,500,11,0,0.0,0.0,0.0,True,80889
Random Reverse,440,1000,11,0,0.0,0.0,0.0,True,80889
TF-IDF Reverse,441,100,30,0,0.0,0.0,0.0,True,80889
TF-IDF Reverse,441,500,30,0,0.0,0.0,0.0,True,80889
TF-IDF Reverse,441,1000,30,0,0.0,0.0,0.0,True,80889
User Activity,441,100,30,0,0.0,0.0,0.0,True,80889
User Activity,441,500,30,0,0.0,0.0,0.0,True,80889
User Activity,441,1000,30,0,0.0,0.0,0.0,True,80889
Random Reverse,441,100,30,1,0.01,0.03333333333333333,0.028668581747809112,True,80889
Random Reverse,441,500,30,1,0.002,0.03333333333333333,0.028668581747809112,True,80889
Random Reverse,441,1000,30,1,0.001,0.03333333333333333,0.028668581747809112,True,80889
TF-IDF Reverse,442,100,11,0,0.0,0.0,0.0,True,80889
TF-IDF Reverse,442,500,11,0,0.0,0.0,0.0,True,80889
TF-IDF Reverse,442,1000,11,0,0.0,0.0,0.0,True,80889
User Activity,442,100,11,0,0.0,0.0,0.0,True,80889
User Activity,442,500,11,0,0.0,0.0,0.0,True,80889
User Activity,442,1000,11,0,0.0,0.0,0.0,True,80889
Random Reverse,442,100,11,0,0.0,0.0,0.0,True,80889
Random Reverse,442,500,11,0,0.0,0.0,0.0,True,80889
Random Reverse,442,1000,11,0,0.0,0.0,0.0,True,80889
TF-IDF Reverse,443,100,18,1,0.01,0.05555555555555555,0.02292040114978608,True,80889
TF-IDF Reverse,443,500,18,1,0.002,0.05555555555555555,0.02292040114978608,True,80889
TF-IDF Reverse,443,1000,18,1,0.001,0.05555555555555555,0.02292040114978608,True,80889
User Activity,443,100,18,0,0.0,0.0,0.0,True,80889
User Activity,443,500,18,0,0.0,0.0,0.0,True,80889
User Activity,443,1000,18,0,0.0,0.0,0.0,True,80889
Random Reverse,443,100,18,0,0.0,0.0,0.0,True,80889
Random Reverse,443,500,18,0,0.0,0.0,0.0,True,80889
Random Reverse,443,1000,18,0,0.0,0.0,0.0,True,80889
TF-IDF Reverse,444,100,131,1,0.01,0.007633587786259542,0.008973913666120435,True,80889
TF-IDF Reverse,444,500,131,4,0.008,0.030534351145038167,0.023567828523904173,True,80889
TF-IDF Reverse,444,1000,131,8,0.008,0.061068702290076333,0.04022744029974462,True,80889
User Activity,444,100,131,0,0.0,0.0,0.0,True,80889
User Activity,444,500,131,0,0.0,0.0,0.0,True,80889
User Activity,444,1000,131,0,0.0,0.0,0.0,True,80889
Random Reverse,444,100,131,0,0.0,0.0,0.0,True,80889
Random Reverse,444,500,131,0,0.0,0.0,0.0,True,80889
Random Reverse,444,1000,131,1,0.001,0.007633587786259542,0.004280655803896592,True,80889
TF-IDF Reverse,445,100,9,0,0.0,0.0,0.0,True,80889
TF-IDF Reverse,445,500,9,0,0.0,0.0,0.0,True,80889
TF-IDF Reverse,445,1000,9,0,0.0,0.0,0.0,True,80889
User Activity,445,100,9,0,0.0,0.0,0.0,True,80889
User Activity,445,500,9,0,0.0,0.0,0.0,True,80889
User Activity,445,1000,9,0,0.0,0.0,0.0,True,80889
Random Reverse,445,100,9,1,0.01,0.1111111111111111,0.04029658519939425,True,80889
Random Reverse,445,500,9,1,0.002,0.1111111111111111,0.04029658519939425,True,80889
Random Reverse,445,1000,9,1,0.001,0.1111111111111111,0.04029658519939425,True,80889
TF-IDF Reverse,446,100,43,0,0.0,0.0,0.0,True,80889
TF-IDF Reverse,446,500,43,0,0.0,0.0,0.0,True,80889
TF-IDF Reverse,446,1000,43,0,0.0,0.0,0.0,True,80889
User Activity,446,100,43,0,0.0,0.0,0.0,True,80889
User Activity,446,500,43,0,0.0,0.0,0.0,True,80889
User Activity,446,1000,43,0,0.0,0.0,0.0,True,80889
Random Reverse,446,100,43,1,0.01,0.023255813953488372,0.015140187723847107,True,80889
Random Reverse,446,500,43,1,0.002,0.023255813953488372,0.015140187723847107,True,80889
Random Reverse,446,1000,43,1,0.001,0.023255813953488372,0.015140187723847107,True,80889
TF-IDF Reverse,447,100,54,0,0.0,0.0,0.0,True,80889
TF-IDF Reverse,447,500,54,2,0.004,0.037037037037037035,0.01892792683123849,True,80889
TF-IDF Reverse,447,1000,54,3,0.003,0.05555555555555555,0.026629867866037465,True,80889
User Activity,447,100,54,0,0.0,0.0,0.0,True,80889
User Activity,447,500,54,0,0.0,0.0,0.0,True,80889
User Activity,447,1000,54,0,0.0,0.0,0.0,True,80889
Random Reverse,447,100,54,0,0.0,0.0,0.0,True,80889
Random Reverse,447,500,54,0,0.0,0.0,0.0,True,80889
Random Reverse,447,1000,54,0,0.0,0.0,0.0,True,80889
TF-IDF Reverse,448,100,39,0,0.0,0.0,0.0,True,80889
TF-IDF Reverse,448,500,39,1,0.002,0.02564102564102564,0.011037857965077466,True,80889
TF-IDF Reverse,448,1000,39,2,0.002,0.05128205128205128,0.021055125926929256,True,80889
User Activity,448,100,39,0,0.0,0.0,0.0,True,80889
User Activity,448,500,39,0,0.0,0.0,0.0,True,80889
User Activity,448,1000,39,0,0.0,0.0,0.0,True,80889
Random Reverse,448,100,39,0,0.0,0.0,0.0,True,80889
Random Reverse,448,500,39,0,0.0,0.0,0.0,True,80889
Random Reverse,448,1000,39,0,0.0,0.0,0.0,True,80889
TF-IDF Reverse,449,100,80,1,0.01,0.0125,0.015612008672799433,True,80889
TF-IDF Reverse,449,500,80,2,0.004,0.025,0.022648353196988987,True,80889
TF-IDF Reverse,449,1000,80,4,0.004,0.05,0.03454732058966939,True,80889
User Activity,449,100,80,0,0.0,0.0,0.0,True,80889
User Activity,449,500,80,0,0.0,0.0,0.0,True,80889
User Activity,449,1000,80,0,0.0,0.0,0.0,True,80889
Random Reverse,449,100,80,0,0.0,0.0,0.0,True,80889
Random Reverse,449,500,80,2,0.004,0.025,0.01275796754762672,True,80889
Random Reverse,449,1000,80,4,0.004,0.05,0.024245183484906115,True,80889
TF-IDF Reverse,450,100,81,0,0.0,0.0,0.0,True,80889
TF-IDF Reverse,450,500,81,6,0.012,0.07407407407407407,0.042505396161710104,True,80889
TF-IDF Reverse,450,1000,81,7,0.007,0.08641975308641975,0.04858771215154551,True,80889
User Activity,450,100,81,0,0.0,0.0,0.0,True,80889
User Activity,450,500,81,0,0.0,0.0,0.0,True,80889
User Activity,450,1000,81,0,0.0,0.0,0.0,True,80889
Random Reverse,450,100,81,0,0.0,0.0,0.0,True,80889
Random Reverse,450,500,81,0,0.0,0.0,0.0,True,80889
Random Reverse,450,1000,81,1,0.001,0.012345679012345678,0.006141641895314148,True,80889
TF-IDF Reverse,451,100,96,0,0.0,0.0,0.0,True,80889
TF-IDF Reverse,451,500,96,0,0.0,0.0,0.0,True,80889
TF-IDF Reverse,451,1000,96,0,0.0,0.0,0.0,True,80889
User Activity,451,100,96,0,0.0,0.0,0.0,True,80889
User Activity,451,500,96,0,0.0,0.0,0.0,True,80889
User Activity,451,1000,96,0,0.0,0.0,0.0,True,80889
Random Reverse,451,100,96,0,0.0,0.0,0.0,True,80889
Random Reverse,451,500,96,1,0.002,0.010416666666666666,0.005779878192864894,True,80889
Random Reverse,451,1000,96,1,0.001,0.010416666666666666,0.005779878192864894,True,80889
TF-IDF Reverse,452,100,89,0,0.0,0.0,0.0,True,80889
TF-IDF Reverse,452,500,89,2,0.004,0.02247191011235955,0.012496432566292013,True,80889
TF-IDF Reverse,452,1000,89,2,0.002,0.02247191011235955,0.012496432566292013,True,80889
User Activity,452,100,89,0,0.0,0.0,0.0,True,80889
User Activity,452,500,89,0,0.0,0.0,0.0,True,80889
User Activity,452,1000,89,0,0.0,0.0,0.0,True,80889
Random Reverse,452,100,89,0,0.0,0.0,0.0,True,80889
Random Reverse,452,500,89,0,0.0,0.0,0.0,True,80889
Random Reverse,452,1000,89,0,0.0,0.0,0.0,True,80889
TF-IDF Reverse,453,100,261,1,0.01,0.0038314176245210726,0.008223799630262424,True,80889
TF-IDF Reverse,453,500,261,8,0.016,0.03065134099616858,0.024499639475317185,True,80889
TF-IDF Reverse,453,1000,261,13,0.013,0.04980842911877394,0.036751738198731385,True,80889
User Activity,453,100,261,0,0.0,0.0,0.0,True,80889
User Activity,453,500,261,0,0.0,0.0,0.0,True,80889
User Activity,453,1000,261,0,0.0,0.0,0.0,True,80889
Random Reverse,453,100,261,0,0.0,0.0,0.0,True,80889
Random Reverse,453,500,261,4,0.008,0.01532567049808429,0.011930663899282386,True,80889
Random Reverse,453,1000,261,5,0.005,0.019157088122605363,0.014455782797153526,True,80889
TF-IDF Reverse,454,100,42,0,0.0,0.0,0.0,True,80889
TF-IDF Reverse,454,500,42,1,0.002,0.023809523809523808,0.011817126560606045,True,80889
TF-IDF Reverse,454,1000,42,1,0.001,0.023809523809523808,0.011817126560606045,True,80889
User Activity,454,100,42,0,0.0,0.0,0.0,True,80889
User Activity,454,500,42,0,0.0,0.0,0.0,True,80889
User Activity,454,1000,42,0,0.0,0.0,0.0,True,80889
Random Reverse,454,100,42,0,0.0,0.0,0.0,True,80889
Random Reverse,454,500,42,0,0.0,0.0,0.0,True,80889
Random Reverse,454,1000,42,0,0.0,0.0,0.0,True,80889
TF-IDF Reverse,455,100,220,8,0.08,0.03636363636363636,0.07478358946643837,True,80889
TF-IDF Reverse,455,500,220,18,0.036,0.08181818181818182,0.07642541559444285,True,80889
TF-IDF Reverse,455,1000,220,26,0.026,0.11818181818181818,0.09934796271851341,True,80889
User Activity,455,100,220,0,0.0,0.0,0.0,True,80889
User Activity,455,500,220,0,0.0,0.0,0.0,True,80889
User Activity,455,1000,220,0,0.0,0.0,0.0,True,80889
Random Reverse,455,100,220,0,0.0,0.0,0.0,True,80889
Random Reverse,455,500,220,1,0.002,0.004545454545454545,0.0031031373057656512,True,80889
Random Reverse,455,1000,220,2,0.002,0.00909090909090909,0.005992318557458363,True,80889
TF-IDF Reverse,456,100,94,2,0.02,0.02127659574468085,0.018040180511091346,True,80889
TF-IDF Reverse,456,500,94,10,0.02,0.10638297872340426,0.06641988898743226,True,80889
TF-IDF Reverse,456,1000,94,12,0.012,0.1276595744680851,0.0770419895290323,True,80889
User Activity,456,100,94,0,0.0,0.0,0.0,True,80889
User Activity,456,500,94,0,0.0,0.0,0.0,True,80889
User Activity,456,1000,94,0,0.0,0.0,0.0,True,80889
Random Reverse,456,100,94,0,0.0,0.0,0.0,True,80889
Random Reverse,456,500,94,1,0.002,0.010638297872340425,0.00612901354036123,True,80889
Random Reverse,456,1000,94,1,0.001,0.010638297872340425,0.00612901354036123,True,80889
TF-IDF Reverse,457,100,299,1,0.01,0.0033444816053511705,0.008551270174983841,True,80889
TF-IDF Reverse,457,500,299,3,0.006,0.010033444816053512,0.009376156777951066,True,80889
TF-IDF Reverse,457,1000,299,3,0.003,0.010033444816053512,0.009376156777951066,True,80889
User Activity,457,100,299,0,0.0,0.0,0.0,True,80889
User Activity,457,500,299,0,0.0,0.0,0.0,True,80889
User Activity,457,1000,299,0,0.0,0.0,0.0,True,80889
Random Reverse,457,100,299,0,0.0,0.0,0.0,True,80889
Random Reverse,457,500,299,2,0.004,0.006688963210702341,0.0055506987434739575,True,80889
Random Reverse,457,1000,299,4,0.004,0.013377926421404682,0.009951863688844738,True,80889
TF-IDF Reverse,459,100,15,0,0.0,0.0,0.0,True,80889
TF-IDF Reverse,459,500,15,0,0.0,0.0,0.0,True,80889
TF-IDF Reverse,459,1000,15,0,0.0,0.0,0.0,True,80889
User Activity,459,100,15,0,0.0,0.0,0.0,True,80889
User Activity,459,500,15,0,0.0,0.0,0.0,True,80889
User Activity,459,1000,15,0,0.0,0.0,0.0,True,80889
Random Reverse,459,100,15,0,0.0,0.0,0.0,True,80889
Random Reverse,459,500,15,0,0.0,0.0,0.0,True,80889
Random Reverse,459,1000,15,0,0.0,0.0,0.0,True,80889
TF-IDF Reverse,461,100,28,0,0.0,0.0,0.0,True,80889
TF-IDF Reverse,461,500,28,0,0.0,0.0,0.0,True,80889
TF-IDF Reverse,461,1000,28,0,0.0,0.0,0.0,True,80889
User Activity,461,100,28,0,0.0,0.0,0.0,True,80889
User Activity,461,500,28,0,0.0,0.0,0.0,True,80889
User Activity,461,1000,28,0,0.0,0.0,0.0,True,80889
Random Reverse,461,100,28,0,0.0,0.0,0.0,True,80889
Random Reverse,461,500,28,0,0.0,0.0,0.0,True,80889
Random Reverse,461,1000,28,0,0.0,0.0,0.0,True,80889
TF-IDF Reverse,469,100,34,0,0.0,0.0,0.0,True,80889
TF-IDF Reverse,469,500,34,0,0.0,0.0,0.0,True,80889
TF-IDF Reverse,469,1000,34,2,0.002,0.058823529411764705,0.020353883413395134,True,80889
User Activity,469,100,34,0,0.0,0.0,0.0,True,80889
User Activity,469,500,34,0,0.0,0.0,0.0,True,80889
User Activity,469,1000,34,0,0.0,0.0,0.0,True,80889
Random Reverse,469,100,34,0,0.0,0.0,0.0,True,80889
Random Reverse,469,500,34,0,0.0,0.0,0.0,True,80889
Random Reverse,469,1000,34,1,0.001,0.029411764705882353,0.010209854366406293,True,80889
TF-IDF Reverse,471,100,11,0,0.0,0.0,0.0,True,80889
TF-IDF Reverse,471,500,11,0,0.0,0.0,0.0,True,80889
TF-IDF Reverse,471,1000,11,0,0.0,0.0,0.0,True,80889
User Activity,471,100,11,0,0.0,0.0,0.0,True,80889
User Activity,471,500,11,0,0.0,0.0,0.0,True,80889
User Activity,471,1000,11,0,0.0,0.0,0.0,True,80889
Random Reverse,471,100,11,0,0.0,0.0,0.0,True,80889
Random Reverse,471,500,11,0,0.0,0.0,0.0,True,80889
Random Reverse,471,1000,11,0,0.0,0.0,0.0,True,80889
TF-IDF Reverse,472,100,56,1,0.01,0.017857142857142856,0.01097170509489176,True,80889
TF-IDF Reverse,472,500,56,3,0.006,0.05357142857142857,0.029557343356215023,True,80889
TF-IDF Reverse,472,1000,56,5,0.005,0.08928571428571429,0.044643563729264826,True,80889
User Activity,472,100,56,0,0.0,0.0,0.0,True,80889
User Activity,472,500,56,1,0.002,0.017857142857142856,0.00849354979971398,True,80889
User Activity,472,1000,56,2,0.002,0.03571428571428571,0.015922018535594124,True,80889
Random Reverse,472,100,56,0,0.0,0.0,0.0,True,80889
Random Reverse,472,500,56,1,0.002,0.017857142857142856,0.008906667471762757,True,80889
Random Reverse,472,1000,56,1,0.001,0.017857142857142856,0.008906667471762757,True,80889
TF-IDF Reverse,473,100,8,2,0.02,0.25,0.13034289112193914,True,80889
TF-IDF Reverse,473,500,8,2,0.004,0.25,0.13034289112193914,True,80889
TF-IDF Reverse,473,1000,8,2,0.002,0.25,0.13034289112193914,True,80889
User Activity,473,100,8,0,0.0,0.0,0.0,True,80889
User Activity,473,500,8,0,0.0,0.0,0.0,True,80889
User Activity,473,1000,8,0,0.0,0.0,0.0,True,80889
Random Reverse,473,100,8,0,0.0,0.0,0.0,True,80889
Random Reverse,473,500,8,0,0.0,0.0,0.0,True,80889
Random Reverse,473,1000,8,0,0.0,0.0,0.0,True,80889
TF-IDF Reverse,475,100,60,1,0.01,0.016666666666666666,0.013447725946777817,True,80889
TF-IDF Reverse,475,500,60,2,0.004,0.03333333333333333,0.021633712227897766,True,80889
TF-IDF Reverse,475,1000,60,2,0.002,0.03333333333333333,0.021633712227897766,True,80889
User Activity,475,100,60,0,0.0,0.0,0.0,True,80889
User Activity,475,500,60,0,0.0,0.0,0.0,True,80889
User Activity,475,1000,60,0,0.0,0.0,0.0,True,80889
Random Reverse,475,100,60,0,0.0,0.0,0.0,True,80889
Random Reverse,475,500,60,0,0.0,0.0,0.0,True,80889
Random Reverse,475,1000,60,0,0.0,0.0,0.0,True,80889
TF-IDF Reverse,477,100,5,1,0.01,0.2,0.05395998433573741,True,80889
TF-IDF Reverse,477,500,5,1,0.002,0.2,0.05395998433573741,True,80889
TF-IDF Reverse,477,1000,5,1,0.001,0.2,0.05395998433573741,True,80889
User Activity,477,100,5,0,0.0,0.0,0.0,True,80889
User Activity,477,500,5,0,0.0,0.0,0.0,True,80889
User Activity,477,1000,5,0,0.0,0.0,0.0,True,80889
Random Reverse,477,100,5,0,0.0,0.0,0.0,True,80889
Random Reverse,477,500,5,0,0.0,0.0,0.0,True,80889
Random Reverse,477,1000,5,0,0.0,0.0,0.0,True,80889
TF-IDF Reverse,481,100,33,0,0.0,0.0,0.0,True,80889
TF-IDF Reverse,481,500,33,0,0.0,0.0,0.0,True,80889
TF-IDF Reverse,481,1000,33,0,0.0,0.0,0.0,True,80889
User Activity,481,100,33,0,0.0,0.0,0.0,True,80889
User Activity,481,500,33,0,0.0,0.0,0.0,True,80889
User Activity,481,1000,33,1,0.001,0.030303030303030304,0.01038107927563064,True,80889
Random Reverse,481,100,33,0,0.0,0.0,0.0,True,80889
Random Reverse,481,500,33,0,0.0,0.0,0.0,True,80889
Random Reverse,481,1000,33,0,0.0,0.0,0.0,True,80889
TF-IDF Reverse,482,100,24,3,0.03,0.125,0.0603983927052716,True,80889
TF-IDF Reverse,482,500,24,5,0.01,0.20833333333333334,0.09043889330007893,True,80889
TF-IDF Reverse,482,1000,24,5,0.005,0.20833333333333334,0.09043889330007893,True,80889
User Activity,482,100,24,0,0.0,0.0,0.0,True,80889
User Activity,482,500,24,0,0.0,0.0,0.0,True,80889
User Activity,482,1000,24,0,0.0,0.0,0.0,True,80889
Random Reverse,482,100,24,0,0.0,0.0,0.0,True,80889
Random Reverse,482,500,24,0,0.0,0.0,0.0,True,80889
Random Reverse,482,1000,24,0,0.0,0.0,0.0,True,80889
TF-IDF Reverse,483,100,74,0,0.0,0.0,0.0,True,80889
TF-IDF Reverse,483,500,74,1,0.002,0.013513513513513514,0.006732767308202983,True,80889
TF-IDF Reverse,483,1000,74,2,0.002,0.02702702702702703,0.013159393103628654,True,80889
User Activity,483,100,74,0,0.0,0.0,0.0,True,80889
User Activity,483,500,74,0,0.0,0.0,0.0,True,80889
User Activity,483,1000,74,0,0.0,0.0,0.0,True,80889
Random Reverse,483,100,74,0,0.0,0.0,0.0,True,80889
Random Reverse,483,500,74,1,0.002,0.013513513513513514,0.007598010344905279,True,80889
Random Reverse,483,1000,74,1,0.001,0.013513513513513514,0.007598010344905279,True,80889
TF-IDF Reverse,484,100,10,0,0.0,0.0,0.0,True,80889
TF-IDF Reverse,484,500,10,0,0.0,0.0,0.0,True,80889
TF-IDF Reverse,484,1000,10,0,0.0,0.0,0.0,True,80889
User Activity,484,100,10,0,0.0,0.0,0.0,True,80889
User Activity,484,500,10,0,0.0,0.0,0.0,True,80889
User Activity,484,1000,10,0,0.0,0.0,0.0,True,80889
Random Reverse,484,100,10,0,0.0,0.0,0.0,True,80889
Random Reverse,484,500,10,0,0.0,0.0,0.0,True,80889
Random Reverse,484,1000,10,0,0.0,0.0,0.0,True,80889
TF-IDF Reverse,485,100,84,1,0.01,0.011904761904761904,0.00868095952326167,True,80889
TF-IDF Reverse,485,500,84,2,0.004,0.023809523809523808,0.014913369702867678,True,80889
TF-IDF Reverse,485,1000,84,2,0.002,0.023809523809523808,0.014913369702867678,True,80889
User Activity,485,100,84,0,0.0,0.0,0.0,True,80889
User Activity,485,500,84,0,0.0,0.0,0.0,True,80889
User Activity,485,1000,84,0,0.0,0.0,0.0,True,80889
Random Reverse,485,100,84,0,0.0,0.0,0.0,True,80889
Random Reverse,485,500,84,2,0.004,0.023809523809523808,0.014176983215555468,True,80889
Random Reverse,485,1000,84,4,0.004,0.047619047619047616,0.025500961559735445,True,80889
TF-IDF Reverse,486,100,41,1,0.01,0.024390243902439025,0.014671469179313806,True,80889
TF-IDF Reverse,486,500,41,4,0.008,0.0975609756097561,0.04549629443294001,True,80889
TF-IDF Reverse,486,1000,41,7,0.007,0.17073170731707318,0.07440383721712159,True,80889
User Activity,486,100,41,0,0.0,0.0,0.0,True,80889
User Activity,486,500,41,0,0.0,0.0,0.0,True,80889
User Activity,486,1000,41,0,0.0,0.0,0.0,True,80889
Random Reverse,486,100,41,0,0.0,0.0,0.0,True,80889
Random Reverse,486,500,41,0,0.0,0.0,0.0,True,80889
Random Reverse,486,1000,41,0,0.0,0.0,0.0,True,80889
TF-IDF Reverse,489,100,106,0,0.0,0.0,0.0,True,80889
TF-IDF Reverse,489,500,106,0,0.0,0.0,0.0,True,80889
TF-IDF Reverse,489,1000,106,1,0.001,0.009433962264150943,0.004756465943241254,True,80889
User Activity,489,100,106,0,0.0,0.0,0.0,True,80889
User Activity,489,500,106,0,0.0,0.0,0.0,True,80889
User Activity,489,1000,106,0,0.0,0.0,0.0,True,80889
Random Reverse,489,100,106,0,0.0,0.0,0.0,True,80889
Random Reverse,489,500,106,0,0.0,0.0,0.0,True,80889
Random Reverse,489,1000,106,3,0.003,0.02830188679245283,0.014107621807462794,True,80889
TF-IDF Reverse,490,100,24,0,0.0,0.0,0.0,True,80889
TF-IDF Reverse,490,500,24,0,0.0,0.0,0.0,True,80889
TF-IDF Reverse,490,1000,24,0,0.0,0.0,0.0,True,80889
User Activity,490,100,24,0,0.0,0.0,0.0,True,80889
User Activity,490,500,24,1,0.002,0.041666666666666664,0.015475520906830591,True,80889
User Activity,490,1000,24,1,0.001,0.041666666666666664,0.015475520906830591,True,80889
Random Reverse,490,100,24,0,0.0,0.0,0.0,True,80889
Random Reverse,490,500,24,0,0.0,0.0,0.0,True,80889
Random Reverse,490,1000,24,0,0.0,0.0,0.0,True,80889
TF-IDF Reverse,491,100,9,0,0.0,0.0,0.0,True,80889
TF-IDF Reverse,491,500,9,0,0.0,0.0,0.0,True,80889
TF-IDF Reverse,491,1000,9,0,0.0,0.0,0.0,True,80889
User Activity,491,100,9,0,0.0,0.0,0.0,True,80889
User Activity,491,500,9,0,0.0,0.0,0.0,True,80889
User Activity,491,1000,9,0,0.0,0.0,0.0,True,80889
Random Reverse,491,100,9,0,0.0,0.0,0.0,True,80889
Random Reverse,491,500,9,0,0.0,0.0,0.0,True,80889
Random Reverse,491,1000,9,0,0.0,0.0,0.0,True,80889
TF-IDF Reverse,492,100,5,0,0.0,0.0,0.0,True,80889
TF-IDF Reverse,492,500,5,0,0.0,0.0,0.0,True,80889
TF-IDF Reverse,492,1000,5,0,0.0,0.0,0.0,True,80889
User Activity,492,100,5,0,0.0,0.0,0.0,True,80889
User Activity,492,500,5,0,0.0,0.0,0.0,True,80889
User Activity,492,1000,5,0,0.0,0.0,0.0,True,80889
Random Reverse,492,100,5,0,0.0,0.0,0.0,True,80889
Random Reverse,492,500,5,0,0.0,0.0,0.0,True,80889
Random Reverse,492,1000,5,0,0.0,0.0,0.0,True,80889
TF-IDF Reverse,493,100,18,0,0.0,0.0,0.0,True,80889
TF-IDF Reverse,493,500,18,0,0.0,0.0,0.0,True,80889
TF-IDF Reverse,493,1000,18,0,0.0,0.0,0.0,True,80889
User Activity,493,100,18,0,0.0,0.0,0.0,True,80889
User Activity,493,500,18,0,0.0,0.0,0.0,True,80889
User Activity,493,1000,18,0,0.0,0.0,0.0,True,80889
Random Reverse,493,100,18,0,0.0,0.0,0.0,True,80889
Random Reverse,493,500,18,0,0.0,0.0,0.0,True,80889
Random Reverse,493,1000,18,0,0.0,0.0,0.0,True,80889
TF-IDF Reverse,495,100,5,0,0.0,0.0,0.0,True,80889
TF-IDF Reverse,495,500,5,0,0.0,0.0,0.0,True,80889
TF-IDF Reverse,495,1000,5,0,0.0,0.0,0.0,True,80889
User Activity,495,100,5,0,0.0,0.0,0.0,True,80889
User Activity,495,500,5,0,0.0,0.0,0.0,True,80889
User Activity,495,1000,5,0,0.0,0.0,0.0,True,80889
Random Reverse,495,100,5,0,0.0,0.0,0.0,True,80889
Random Reverse,495,500,5,0,0.0,0.0,0.0,True,80889
Random Reverse,495,1000,5,0,0.0,0.0,0.0,True,80889
TF-IDF Reverse,496,100,6,0,0.0,0.0,0.0,True,80889
TF-IDF Reverse,496,500,6,0,0.0,0.0,0.0,True,80889
TF-IDF Reverse,496,1000,6,0,0.0,0.0,0.0,True,80889
User Activity,496,100,6,0,0.0,0.0,0.0,True,80889
User Activity,496,500,6,0,0.0,0.0,0.0,True,80889
User Activity,496,1000,6,0,0.0,0.0,0.0,True,80889
Random Reverse,496,100,6,0,0.0,0.0,0.0,True,80889
Random Reverse,496,500,6,0,0.0,0.0,0.0,True,80889
Random Reverse,496,1000,6,0,0.0,0.0,0.0,True,80889
TF-IDF Reverse,498,100,15,0,0.0,0.0,0.0,True,80889
TF-IDF Reverse,498,500,15,0,0.0,0.0,0.0,True,80889
TF-IDF Reverse,498,1000,15,0,0.0,0.0,0.0,True,80889
User Activity,498,100,15,0,0.0,0.0,0.0,True,80889
User Activity,498,500,15,0,0.0,0.0,0.0,True,80889
User Activity,498,1000,15,0,0.0,0.0,0.0,True,80889
Random Reverse,498,100,15,0,0.0,0.0,0.0,True,80889
Random Reverse,498,500,15,0,0.0,0.0,0.0,True,80889
Random Reverse,498,1000,15,0,0.0,0.0,0.0,True,80889
TF-IDF Reverse,501,100,7,0,0.0,0.0,0.0,True,80889
TF-IDF Reverse,501,500,7,0,0.0,0.0,0.0,True,80889
TF-IDF Reverse,501,1000,7,0,0.0,0.0,0.0,True,80889
User Activity,501,100,7,0,0.0,0.0,0.0,True,80889
User Activity,501,500,7,0,0.0,0.0,0.0,True,80889
User Activity,501,1000,7,0,0.0,0.0,0.0,True,80889
Random Reverse,501,100,7,0,0.0,0.0,0.0,True,80889
Random Reverse,501,500,7,0,0.0,0.0,0.0,True,80889
Random Reverse,501,1000,7,0,0.0,0.0,0.0,True,80889
TF-IDF Reverse,503,100,28,0,0.0,0.0,0.0,True,80889
TF-IDF Reverse,503,500,28,1,0.002,0.03571428571428571,0.013285912341739694,True,80889
TF-IDF Reverse,503,1000,28,3,0.003,0.10714285714285714,0.038271531095767225,True,80889
User Activity,503,100,28,0,0.0,0.0,0.0,True,80889
User Activity,503,500,28,0,0.0,0.0,0.0,True,80889
User Activity,503,1000,28,0,0.0,0.0,0.0,True,80889
Random Reverse,503,100,28,0,0.0,0.0,0.0,True,80889
Random Reverse,503,500,28,0,0.0,0.0,0.0,True,80889
Random Reverse,503,1000,28,0,0.0,0.0,0.0,True,80889
TF-IDF Reverse,506,100,54,0,0.0,0.0,0.0,True,80889
TF-IDF Reverse,506,500,54,2,0.004,0.037037037037037035,0.018341283211144893,True,80889
TF-IDF Reverse,506,1000,54,4,0.004,0.07407407407407407,0.03376917567104818,True,80889
User Activity,506,100,54,0,0.0,0.0,0.0,True,80889
User Activity,506,500,54,0,0.0,0.0,0.0,True,80889
User Activity,506,1000,54,0,0.0,0.0,0.0,True,80889
Random Reverse,506,100,54,0,0.0,0.0,0.0,True,80889
Random Reverse,506,500,54,0,0.0,0.0,0.0,True,80889
Random Reverse,506,1000,54,0,0.0,0.0,0.0,True,80889
TF-IDF Reverse,507,100,66,0,0.0,0.0,0.0,True,80889
TF-IDF Reverse,507,500,66,0,0.0,0.0,0.0,True,80889
TF-IDF Reverse,507,1000,66,1,0.001,0.015151515151515152,0.006939250607018758,True,80889
User Activity,507,100,66,0,0.0,0.0,0.0,True,80889
User Activity,507,500,66,0,0.0,0.0,0.0,True,80889
User Activity,507,1000,66,0,0.0,0.0,0.0,True,80889
Random Reverse,507,100,66,0,0.0,0.0,0.0,True,80889
Random Reverse,507,500,66,0,0.0,0.0,0.0,True,80889
Random Reverse,507,1000,66,1,0.001,0.015151515151515152,0.00682471268318334,True,80889
TF-IDF Reverse,511,100,5,0,0.0,0.0,0.0,True,80889
TF-IDF Reverse,511,500,5,0,0.0,0.0,0.0,True,80889
TF-IDF Reverse,511,1000,5,0,0.0,0.0,0.0,True,80889
User Activity,511,100,5,0,0.0,0.0,0.0,True,80889
User Activity,511,500,5,0,0.0,0.0,0.0,True,80889
User Activity,511,1000,5,0,0.0,0.0,0.0,True,80889
Random Reverse,511,100,5,0,0.0,0.0,0.0,True,80889
Random Reverse,511,500,5,0,0.0,0.0,0.0,True,80889
Random Reverse,511,1000,5,0,0.0,0.0,0.0,True,80889
TF-IDF Reverse,512,100,9,0,0.0,0.0,0.0,True,80889
TF-IDF Reverse,512,500,9,0,0.0,0.0,0.0,True,80889
TF-IDF Reverse,512,1000,9,1,0.001,0.1111111111111111,0.024058285631398696,True,80889
User Activity,512,100,9,0,0.0,0.0,0.0,True,80889
User Activity,512,500,9,0,0.0,0.0,0.0,True,80889
User Activity,512,1000,9,0,0.0,0.0,0.0,True,80889
Random Reverse,512,100,9,0,0.0,0.0,0.0,True,80889
Random Reverse,512,500,9,0,0.0,0.0,0.0,True,80889
Random Reverse,512,1000,9,0,0.0,0.0,0.0,True,80889
TF-IDF Reverse,513,100,20,0,0.0,0.0,0.0,True,80889
TF-IDF Reverse,513,500,20,0,0.0,0.0,0.0,True,80889
TF-IDF Reverse,513,1000,20,1,0.001,0.05,0.014848341757936957,True,80889
User Activity,513,100,20,0,0.0,0.0,0.0,True,80889
User Activity,513,500,20,0,0.0,0.0,0.0,True,80889
User Activity,513,1000,20,0,0.0,0.0,0.0,True,80889
Random Reverse,513,100,20,0,0.0,0.0,0.0,True,80889
Random Reverse,513,500,20,0,0.0,0.0,0.0,True,80889
Random Reverse,513,1000,20,1,0.001,0.05,0.015762563256649965,True,80889
TF-IDF Reverse,514,100,7,0,0.0,0.0,0.0,True,80889
TF-IDF Reverse,514,500,7,0,0.0,0.0,0.0,True,80889
TF-IDF Reverse,514,1000,7,0,0.0,0.0,0.0,True,80889
User Activity,514,100,7,0,0.0,0.0,0.0,True,80889
User Activity,514,500,7,0,0.0,0.0,0.0,True,80889
User Activity,514,1000,7,0,0.0,0.0,0.0,True,80889
Random Reverse,514,100,7,0,0.0,0.0,0.0,True,80889
Random Reverse,514,500,7,0,0.0,0.0,0.0,True,80889
Random Reverse,514,1000,7,0,0.0,0.0,0.0,True,80889
TF-IDF Reverse,515,100,169,1,0.01,0.005917159763313609,0.008914243523843216,True,80889
TF-IDF Reverse,515,500,169,3,0.006,0.01775147928994083,0.014511758765429412,True,80889
TF-IDF Reverse,515,1000,169,4,0.004,0.023668639053254437,0.018129299600035023,True,80889
User Activity,515,100,169,0,0.0,0.0,0.0,True,80889
User Activity,515,500,169,0,0.0,0.0,0.0,True,80889
User Activity,515,1000,169,0,0.0,0.0,0.0,True,80889
Random Reverse,515,100,169,0,0.0,0.0,0.0,True,80889
Random Reverse,515,500,169,2,0.004,0.011834319526627219,0.008188000970431186,True,80889
Random Reverse,515,1000,169,3,0.003,0.01775147928994083,0.011533560541894144,True,80889
TF-IDF Reverse,516,100,46,0,0.0,0.0,0.0,True,80889
TF-IDF Reverse,516,500,46,2,0.004,0.043478260869565216,0.021372883170890505,True,80889
TF-IDF Reverse,516,1000,46,2,0.002,0.043478260869565216,0.021372883170890505,True,80889
User Activity,516,100,46,0,0.0,0.0,0.0,True,80889
User Activity,516,500,46,0,0.0,0.0,0.0,True,80889
User Activity,516,1000,46,0,0.0,0.0,0.0,True,80889
Random Reverse,516,100,46,0,0.0,0.0,0.0,True,80889
Random Reverse,516,500,46,1,0.002,0.021739130434782608,0.010636680411061637,True,80889
Random Reverse,516,1000,46,1,0.001,0.021739130434782608,0.010636680411061637,True,80889
TF-IDF Reverse,517,100,44,1,0.01,0.022727272727272728,0.012900770612874897,True,80889
TF-IDF Reverse,517,500,44,1,0.002,0.022727272727272728,0.012900770612874897,True,80889
TF-IDF Reverse,517,1000,44,2,0.002,0.045454545454545456,0.021759813287431026,True,80889
User Activity,517,100,44,0,0.0,0.0,0.0,True,80889
User Activity,517,500,44,0,0.0,0.0,0.0,True,80889
User Activity,517,1000,44,0,0.0,0.0,0.0,True,80889
Random Reverse,517,100,44,0,0.0,0.0,0.0,True,80889
Random Reverse,517,500,44,0,0.0,0.0,0.0,True,80889
Random Reverse,517,1000,44,1,0.001,0.022727272727272728,0.008624858955321706,True,80889
TF-IDF Reverse,518,100,8,1,0.01,0.125,0.12647135138382856,True,80889
TF-IDF Reverse,518,500,8,3,0.006,0.375,0.1995528407405658,True,80889
TF-IDF Reverse,518,1000,8,3,0.003,0.375,0.1995528407405658,True,80889
User Activity,518,100,8,0,0.0,0.0,0.0,True,80889
User Activity,518,500,8,0,0.0,0.0,0.0,True,80889
User Activity,518,1000,8,0,0.0,0.0,0.0,True,80889
Random Reverse,518,100,8,0,0.0,0.0,0.0,True,80889
Random Reverse,518,500,8,0,0.0,0.0,0.0,True,80889
Random Reverse,518,1000,8,0,0.0,0.0,0.0,True,80889
TF-IDF Reverse,521,100,13,0,0.0,0.0,0.0,True,80889
TF-IDF Reverse,521,500,13,0,0.0,0.0,0.0,True,80889
TF-IDF Reverse,521,1000,13,0,0.0,0.0,0.0,True,80889
User Activity,521,100,13,0,0.0,0.0,0.0,True,80889
User Activity,521,500,13,0,0.0,0.0,0.0,True,80889
User Activity,521,1000,13,0,0.0,0.0,0.0,True,80889
Random Reverse,521,100,13,0,0.0,0.0,0.0,True,80889
Random Reverse,521,500,13,0,0.0,0.0,0.0,True,80889
Random Reverse,521,1000,13,1,0.001,0.07692307692307693,0.019376884778439546,True,80889
TF-IDF Reverse,522,100,7,0,0.0,0.0,0.0,True,80889
TF-IDF Reverse,522,500,7,0,0.0,0.0,0.0,True,80889
TF-IDF Reverse,522,1000,7,0,0.0,0.0,0.0,True,80889
User Activity,522,100,7,0,0.0,0.0,0.0,True,80889
User Activity,522,500,7,0,0.0,0.0,0.0,True,80889
User Activity,522,1000,7,0,0.0,0.0,0.0,True,80889
Random Reverse,522,100,7,0,0.0,0.0,0.0,True,80889
Random Reverse,522,500,7,0,0.0,0.0,0.0,True,80889
Random Reverse,522,1000,7,0,0.0,0.0,0.0,True,80889
TF-IDF Reverse,523,100,10,0,0.0,0.0,0.0,True,80889
TF-IDF Reverse,523,500,10,0,0.0,0.0,0.0,True,80889
TF-IDF Reverse,523,1000,10,1,0.001,0.1,0.022326251836645175,True,80889
User Activity,523,100,10,0,0.0,0.0,0.0,True,80889
User Activity,523,500,10,0,0.0,0.0,0.0,True,80889
User Activity,523,1000,10,0,0.0,0.0,0.0,True,80889
Random Reverse,523,100,10,0,0.0,0.0,0.0,True,80889
Random Reverse,523,500,10,0,0.0,0.0,0.0,True,80889
Random Reverse,523,1000,10,0,0.0,0.0,0.0,True,80889
TF-IDF Reverse,524,100,62,3,0.03,0.04838709677419355,0.04102103255371588,True,80889
TF-IDF Reverse,524,500,62,3,0.006,0.04838709677419355,0.04102103255371588,True,80889
TF-IDF Reverse,524,1000,62,4,0.004,0.06451612903225806,0.04773304981396516,True,80889
User Activity,524,100,62,0,0.0,0.0,0.0,True,80889
User Activity,524,500,62,0,0.0,0.0,0.0,True,80889
User Activity,524,1000,62,0,0.0,0.0,0.0,True,80889
Random Reverse,524,100,62,0,0.0,0.0,0.0,True,80889
Random Reverse,524,500,62,0,0.0,0.0,0.0,True,80889
Random Reverse,524,1000,62,0,0.0,0.0,0.0,True,80889
TF-IDF Reverse,525,100,47,3,0.03,0.06382978723404255,0.10550532622098484,True,80889
TF-IDF Reverse,525,500,47,4,0.008,0.0851063829787234,0.11467360810406634,True,80889
TF-IDF Reverse,525,1000,47,4,0.004,0.0851063829787234,0.11467360810406634,True,80889
User Activity,525,100,47,0,0.0,0.0,0.0,True,80889
User Activity,525,500,47,0,0.0,0.0,0.0,True,80889
User Activity,525,1000,47,0,0.0,0.0,0.0,True,80889
Random Reverse,525,100,47,0,0.0,0.0,0.0,True,80889
Random Reverse,525,500,47,0,0.0,0.0,0.0,True,80889
Random Reverse,525,1000,47,0,0.0,0.0,0.0,True,80889
TF-IDF Reverse,526,100,20,6,0.06,0.3,0.15235646516993334,True,80889
TF-IDF Reverse,526,500,20,8,0.016,0.4,0.18708686080978013,True,80889
TF-IDF Reverse,526,1000,20,8,0.008,0.4,0.18708686080978013,True,80889
User Activity,526,100,20,0,0.0,0.0,0.0,True,80889
User Activity,526,500,20,0,0.0,0.0,0.0,True,80889
User Activity,526,1000,20,0,0.0,0.0,0.0,True,80889
Random Reverse,526,100,20,1,0.01,0.05,0.030979542277895664,True,80889
Random Reverse,526,500,20,1,0.002,0.05,0.030979542277895664,True,80889
Random Reverse,526,1000,20,1,0.001,0.05,0.030979542277895664,True,80889
TF-IDF Reverse,528,100,10,0,0.0,0.0,0.0,True,80889
TF-IDF Reverse,528,500,10,1,0.002,0.1,0.03186553533047376,True,80889
TF-IDF Reverse,528,1000,10,3,0.003,0.3,0.07799473941526955,True,80889
User Activity,528,100,10,0,0.0,0.0,0.0,True,80889
User Activity,528,500,10,0,0.0,0.0,0.0,True,80889
User Activity,528,1000,10,0,0.0,0.0,0.0,True,80889
Random Reverse,528,100,10,0,0.0,0.0,0.0,True,80889
Random Reverse,528,500,10,0,0.0,0.0,0.0,True,80889
Random Reverse,528,1000,10,0,0.0,0.0,0.0,True,80889
TF-IDF Reverse,529,100,12,0,0.0,0.0,0.0,True,80889
TF-IDF Reverse,529,500,12,0,0.0,0.0,0.0,True,80889
TF-IDF Reverse,529,1000,12,0,0.0,0.0,0.0,True,80889
User Activity,529,100,12,0,0.0,0.0,0.0,True,80889
User Activity,529,500,12,0,0.0,0.0,0.0,True,80889
User Activity,529,1000,12,0,0.0,0.0,0.0,True,80889
Random Reverse,529,100,12,0,0.0,0.0,0.0,True,80889
Random Reverse,529,500,12,0,0.0,0.0,0.0,True,80889
Random Reverse,529,1000,12,0,0.0,0.0,0.0,True,80889
TF-IDF Reverse,531,100,27,0,0.0,0.0,0.0,True,80889
TF-IDF Reverse,531,500,27,1,0.002,0.037037037037037035,0.013131162991318949,True,80889
TF-IDF Reverse,531,1000,27,1,0.001,0.037037037037037035,0.013131162991318949,True,80889
User Activity,531,100,27,0,0.0,0.0,0.0,True,80889
User Activity,531,500,27,0,0.0,0.0,0.0,True,80889
User Activity,531,1000,27,0,0.0,0.0,0.0,True,80889
Random Reverse,531,100,27,0,0.0,0.0,0.0,True,80889
Random Reverse,531,500,27,0,0.0,0.0,0.0,True,80889
Random Reverse,531,1000,27,0,0.0,0.0,0.0,True,80889
TF-IDF Reverse,533,100,10,0,0.0,0.0,0.0,True,80889
TF-IDF Reverse,533,500,10,0,0.0,0.0,0.0,True,80889
TF-IDF Reverse,533,1000,10,0,0.0,0.0,0.0,True,80889
User Activity,533,100,10,0,0.0,0.0,0.0,True,80889
User Activity,533,500,10,0,0.0,0.0,0.0,True,80889
User Activity,533,1000,10,0,0.0,0.0,0.0,True,80889
Random Reverse,533,100,10,0,0.0,0.0,0.0,True,80889
Random Reverse,533,500,10,0,0.0,0.0,0.0,True,80889
Random Reverse,533,1000,10,0,0.0,0.0,0.0,True,80889
TF-IDF Reverse,536,100,25,1,0.01,0.04,0.02459490482356159,True,80889
TF-IDF Reverse,536,500,25,1,0.002,0.04,0.02459490482356159,True,80889
TF-IDF Reverse,536,1000,25,1,0.001,0.04,0.02459490482356159,True,80889
User Activity,536,100,25,0,0.0,0.0,0.0,True,80889
User Activity,536,500,25,0,0.0,0.0,0.0,True,80889
User Activity,536,1000,25,0,0.0,0.0,0.0,True,80889
Random Reverse,536,100,25,0,0.0,0.0,0.0,True,80889
Random Reverse,536,500,25,0,0.0,0.0,0.0,True,80889
Random Reverse,536,1000,25,0,0.0,0.0,0.0,True,80889
TF-IDF Reverse,539,100,184,1,0.01,0.005434782608695652,0.01168414860652552,True,80889
TF-IDF Reverse,539,500,184,2,0.004,0.010869565217391304,0.011463442737330628,True,80889
TF-IDF Reverse,539,1000,184,3,0.003,0.016304347826086956,0.014623417745126209,True,80889
User Activity,539,100,184,0,0.0,0.0,0.0,True,80889
User Activity,539,500,184,0,0.0,0.0,0.0,True,80889
User Activity,539,1000,184,0,0.0,0.0,0.0,True,80889
Random Reverse,539,100,184,0,0.0,0.0,0.0,True,80889
Random Reverse,539,500,184,0,0.0,0.0,0.0,True,80889
Random Reverse,539,1000,184,1,0.001,0.005434782608695652,0.003164618922033481,True,80889
TF-IDF Reverse,540,100,7,0,0.0,0.0,0.0,True,80889
TF-IDF Reverse,540,500,7,0,0.0,0.0,0.0,True,80889
TF-IDF Reverse,540,1000,7,0,0.0,0.0,0.0,True,80889
User Activity,540,100,7,0,0.0,0.0,0.0,True,80889
User Activity,540,500,7,0,0.0,0.0,0.0,True,80889
User Activity,540,1000,7,0,0.0,0.0,0.0,True,80889
Random Reverse,540,100,7,0,0.0,0.0,0.0,True,80889
Random Reverse,540,500,7,0,0.0,0.0,0.0,True,80889
Random Reverse,540,1000,7,0,0.0,0.0,0.0,True,80889
TF-IDF Reverse,542,100,5,0,0.0,0.0,0.0,True,80889
TF-IDF Reverse,542,500,5,0,0.0,0.0,0.0,True,80889
TF-IDF Reverse,542,1000,5,0,0.0,0.0,0.0,True,80889
User Activity,542,100,5,0,0.0,0.0,0.0,True,80889
User Activity,542,500,5,0,0.0,0.0,0.0,True,80889
User Activity,542,1000,5,0,0.0,0.0,0.0,True,80889
Random Reverse,542,100,5,0,0.0,0.0,0.0,True,80889
Random Reverse,542,500,5,1,0.002,0.2,0.04302620366668432,True,80889
Random Reverse,542,1000,5,1,0.001,0.2,0.04302620366668432,True,80889
TF-IDF Reverse,543,100,6,0,0.0,0.0,0.0,True,80889
TF-IDF Reverse,543,500,6,0,0.0,0.0,0.0,True,80889
TF-IDF Reverse,543,1000,6,0,0.0,0.0,0.0,True,80889
User Activity,543,100,6,0,0.0,0.0,0.0,True,80889
User Activity,543,500,6,0,0.0,0.0,0.0,True,80889
User Activity,543,1000,6,0,0.0,0.0,0.0,True,80889
Random Reverse,543,100,6,0,0.0,0.0,0.0,True,80889
Random Reverse,543,500,6,0,0.0,0.0,0.0,True,80889
Random Reverse,543,1000,6,0,0.0,0.0,0.0,True,80889
TF-IDF Reverse,545,100,48,0,0.0,0.0,0.0,True,80889
TF-IDF Reverse,545,500,48,0,0.0,0.0,0.0,True,80889
TF-IDF Reverse,545,1000,48,1,0.001,0.020833333333333332,0.00809045440174515,True,80889
User Activity,545,100,48,0,0.0,0.0,0.0,True,80889
User Activity,545,500,48,0,0.0,0.0,0.0,True,80889
User Activity,545,1000,48,0,0.0,0.0,0.0,True,80889
Random Reverse,545,100,48,1,0.01,0.020833333333333332,0.013727032828919713,True,80889
Random Reverse,545,500,48,1,0.002,0.020833333333333332,0.013727032828919713,True,80889
Random Reverse,545,1000,48,1,0.001,0.020833333333333332,0.013727032828919713,True,80889
TF-IDF Reverse,547,100,46,0,0.0,0.0,0.0,True,80889
TF-IDF Reverse,547,500,46,0,0.0,0.0,0.0,True,80889
TF-IDF Reverse,547,1000,46,2,0.002,0.043478260869565216,0.01692694512828104,True,80889
User Activity,547,100,46,0,0.0,0.0,0.0,True,80889
User Activity,547,500,46,0,0.0,0.0,0.0,True,80889
User Activity,547,1000,46,0,0.0,0.0,0.0,True,80889
Random Reverse,547,100,46,0,0.0,0.0,0.0,True,80889
Random Reverse,547,500,46,0,0.0,0.0,0.0,True,80889
Random Reverse,547,1000,46,0,0.0,0.0,0.0,True,80889
TF-IDF Reverse,548,100,49,1,0.01,0.02040816326530612,0.012434093560150041,True,80889
TF-IDF Reverse,548,500,49,2,0.004,0.04081632653061224,0.021509302428937647,True,80889
TF-IDF Reverse,548,1000,49,3,0.003,0.061224489795918366,0.02945726450665542,True,80889
User Activity,548,100,49,0,0.0,0.0,0.0,True,80889
User Activity,548,500,49,0,0.0,0.0,0.0,True,80889
User Activity,548,1000,49,0,0.0,0.0,0.0,True,80889
Random Reverse,548,100,49,0,0.0,0.0,0.0,True,80889
Random Reverse,548,500,49,0,0.0,0.0,0.0,True,80889
Random Reverse,548,1000,49,0,0.0,0.0,0.0,True,80889
TF-IDF Reverse,550,100,11,0,0.0,0.0,0.0,True,80889
TF-IDF Reverse,550,500,11,0,0.0,0.0,0.0,True,80889
TF-IDF Reverse,550,1000,11,0,0.0,0.0,0.0,True,80889
User Activity,550,100,11,0,0.0,0.0,0.0,True,80889
User Activity,550,500,11,0,0.0,0.0,0.0,True,80889
User Activity,550,1000,11,0,0.0,0.0,0.0,True,80889
Random Reverse,550,100,11,0,0.0,0.0,0.0,True,80889
Random Reverse,550,500,11,0,0.0,0.0,0.0,True,80889
Random Reverse,550,1000,11,0,0.0,0.0,0.0,True,80889
TF-IDF Reverse,551,100,78,22,0.22,0.28205128205128205,0.1945206516843729,True,80889
TF-IDF Reverse,551,500,78,64,0.128,0.8205128205128205,0.5356061080575546,True,80889
TF-IDF Reverse,551,1000,78,65,0.065,0.8333333333333334,0.541509699091211,True,80889
User Activity,551,100,78,0,0.0,0.0,0.0,True,80889
User Activity,551,500,78,0,0.0,0.0,0.0,True,80889
User Activity,551,1000,78,0,0.0,0.0,0.0,True,80889
Random Reverse,551,100,78,0,0.0,0.0,0.0,True,80889
Random Reverse,551,500,78,0,0.0,0.0,0.0,True,80889
Random Reverse,551,1000,78,0,0.0,0.0,0.0,True,80889
TF-IDF Reverse,555,100,6,0,0.0,0.0,0.0,True,80889
TF-IDF Reverse,555,500,6,0,0.0,0.0,0.0,True,80889
TF-IDF Reverse,555,1000,6,0,0.0,0.0,0.0,True,80889
User Activity,555,100,6,0,0.0,0.0,0.0,True,80889
User Activity,555,500,6,0,0.0,0.0,0.0,True,80889
User Activity,555,1000,6,0,0.0,0.0,0.0,True,80889
Random Reverse,555,100,6,0,0.0,0.0,0.0,True,80889
Random Reverse,555,500,6,0,0.0,0.0,0.0,True,80889
Random Reverse,555,1000,6,0,0.0,0.0,0.0,True,80889
TF-IDF Reverse,558,100,356,1,0.01,0.0028089887640449437,0.010416338902075684,True,80889
TF-IDF Reverse,558,500,356,2,0.004,0.0056179775280898875,0.006148783773141099,True,80889
TF-IDF Reverse,558,1000,356,3,0.003,0.008426966292134831,0.008074358028036955,True,80889
User Activity,558,100,356,0,0.0,0.0,0.0,True,80889
User Activity,558,500,356,0,0.0,0.0,0.0,True,80889
User Activity,558,1000,356,0,0.0,0.0,0.0,True,80889
Random Reverse,558,100,356,1,0.01,0.0028089887640449437,0.008973913666120435,True,80889
Random Reverse,558,500,356,4,0.008,0.011235955056179775,0.010378403898320076,True,80889
Random Reverse,558,1000,356,6,0.006,0.016853932584269662,0.014284262034248929,True,80889
TF-IDF Reverse,559,100,50,1,0.01,0.02,0.015649966645135568,True,80889
TF-IDF Reverse,559,500,50,2,0.004,0.04,0.02596610601728888,True,80889
TF-IDF Reverse,559,1000,50,2,0.002,0.04,0.02596610601728888,True,80889
User Activity,559,100,50,0,0.0,0.0,0.0,True,80889
User Activity,559,500,50,0,0.0,0.0,0.0,True,80889
User Activity,559,1000,50,0,0.0,0.0,0.0,True,80889
Random Reverse,559,100,50,0,0.0,0.0,0.0,True,80889
Random Reverse,559,500,50,0,0.0,0.0,0.0,True,80889
Random Reverse,559,1000,50,0,0.0,0.0,0.0,True,80889
TF-IDF Reverse,560,100,6,0,0.0,0.0,0.0,True,80889
TF-IDF Reverse,560,500,6,0,0.0,0.0,0.0,True,80889
TF-IDF Reverse,560,1000,6,0,0.0,0.0,0.0,True,80889
User Activity,560,100,6,0,0.0,0.0,0.0,True,80889
User Activity,560,500,6,0,0.0,0.0,0.0,True,80889
User Activity,560,1000,6,0,0.0,0.0,0.0,True,80889
Random Reverse,560,100,6,0,0.0,0.0,0.0,True,80889
Random Reverse,560,500,6,0,0.0,0.0,0.0,True,80889
Random Reverse,560,1000,6,0,0.0,0.0,0.0,True,80889
TF-IDF Reverse,563,100,5,0,0.0,0.0,0.0,True,80889
TF-IDF Reverse,563,500,5,0,0.0,0.0,0.0,True,80889
TF-IDF Reverse,563,1000,5,0,0.0,0.0,0.0,True,80889
User Activity,563,100,5,0,0.0,0.0,0.0,True,80889
User Activity,563,500,5,0,0.0,0.0,0.0,True,80889
User Activity,563,1000,5,0,0.0,0.0,0.0,True,80889
Random Reverse,563,100,5,0,0.0,0.0,0.0,True,80889
Random Reverse,563,500,5,0,0.0,0.0,0.0,True,80889
Random Reverse,563,1000,5,0,0.0,0.0,0.0,True,80889
TF-IDF Reverse,568,100,6,0,0.0,0.0,0.0,True,80889
TF-IDF Reverse,568,500,6,0,0.0,0.0,0.0,True,80889
TF-IDF Reverse,568,1000,6,0,0.0,0.0,0.0,True,80889
User Activity,568,100,6,0,0.0,0.0,0.0,True,80889
User Activity,568,500,6,0,0.0,0.0,0.0,True,80889
User Activity,568,1000,6,0,0.0,0.0,0.0,True,80889
Random Reverse,568,100,6,0,0.0,0.0,0.0,True,80889
Random Reverse,568,500,6,0,0.0,0.0,0.0,True,80889
Random Reverse,568,1000,6,0,0.0,0.0,0.0,True,80889
TF-IDF Reverse,569,100,328,0,0.0,0.0,0.0,True,80889
TF-IDF Reverse,569,500,328,4,0.008,0.012195121951219513,0.009594311464476975,True,80889
TF-IDF Reverse,569,1000,328,4,0.004,0.012195121951219513,0.009594311464476975,True,80889
User Activity,569,100,328,0,0.0,0.0,0.0,True,80889
User Activity,569,500,328,0,0.0,0.0,0.0,True,80889
User Activity,569,1000,328,0,0.0,0.0,0.0,True,80889
Random Reverse,569,100,328,0,0.0,0.0,0.0,True,80889
Random Reverse,569,500,328,1,0.002,0.003048780487804878,0.00234187373714882,True,80889
Random Reverse,569,1000,328,2,0.002,0.006097560975609756,0.004320151895678482,True,80889
TF-IDF Reverse,571,100,11,0,0.0,0.0,0.0,True,80889
TF-IDF Reverse,571,500,11,0,0.0,0.0,0.0,True,80889
TF-IDF Reverse,571,1000,11,0,0.0,0.0,0.0,True,80889
User Activity,571,100,11,0,0.0,0.0,0.0,True,80889
User Activity,571,500,11,0,0.0,0.0,0.0,True,80889
User Activity,571,1000,11,0,0.0,0.0,0.0,True,80889
Random Reverse,571,100,11,0,0.0,0.0,0.0,True,80889
Random Reverse,571,500,11,0,0.0,0.0,0.0,True,80889
Random Reverse,571,1000,11,0,0.0,0.0,0.0,True,80889
TF-IDF Reverse,573,100,8,3,0.03,0.375,0.18048504428709713,True,80889
TF-IDF Reverse,573,500,8,3,0.006,0.375,0.18048504428709713,True,80889
TF-IDF Reverse,573,1000,8,3,0.003,0.375,0.18048504428709713,True,80889
User Activity,573,100,8,0,0.0,0.0,0.0,True,80889
User Activity,573,500,8,0,0.0,0.0,0.0,True,80889
User Activity,573,1000,8,0,0.0,0.0,0.0,True,80889
Random Reverse,573,100,8,0,0.0,0.0,0.0,True,80889
Random Reverse,573,500,8,0,0.0,0.0,0.0,True,80889
Random Reverse,573,1000,8,0,0.0,0.0,0.0,True,80889
TF-IDF Reverse,574,100,6,5,0.05,0.8333333333333334,0.32707090496253255,True,80889
TF-IDF Reverse,574,500,6,5,0.01,0.8333333333333334,0.32707090496253255,True,80889
TF-IDF Reverse,574,1000,6,5,0.005,0.8333333333333334,0.32707090496253255,True,80889
User Activity,574,100,6,0,0.0,0.0,0.0,True,80889
User Activity,574,500,6,0,0.0,0.0,0.0,True,80889
User Activity,574,1000,6,0,0.0,0.0,0.0,True,80889
Random Reverse,574,100,6,0,0.0,0.0,0.0,True,80889
Random Reverse,574,500,6,0,0.0,0.0,0.0,True,80889
Random Reverse,574,1000,6,0,0.0,0.0,0.0,True,80889
TF-IDF Reverse,575,100,105,10,0.1,0.09523809523809523,0.092765972694297,True,80889
TF-IDF Reverse,575,500,105,13,0.026,0.12380952380952381,0.10955815968857646,True,80889
TF-IDF Reverse,575,1000,105,14,0.014,0.13333333333333333,0.11420529176397663,True,80889
User Activity,575,100,105,0,0.0,0.0,0.0,True,80889
User Activity,575,500,105,0,0.0,0.0,0.0,True,80889
User Activity,575,1000,105,0,0.0,0.0,0.0,True,80889
Random Reverse,575,100,105,0,0.0,0.0,0.0,True,80889
Random Reverse,575,500,105,1,0.002,0.009523809523809525,0.005348496438878882,True,80889
Random Reverse,575,1000,105,1,0.001,0.009523809523809525,0.005348496438878882,True,80889
TF-IDF Reverse,576,100,9,0,0.0,0.0,0.0,True,80889
TF-IDF Reverse,576,500,9,0,0.0,0.0,0.0,True,80889
TF-IDF Reverse,576,1000,9,0,0.0,0.0,0.0,True,80889
User Activity,576,100,9,0,0.0,0.0,0.0,True,80889
User Activity,576,500,9,0,0.0,0.0,0.0,True,80889
User Activity,576,1000,9,0,0.0,0.0,0.0,True,80889
Random Reverse,576,100,9,0,0.0,0.0,0.0,True,80889
Random Reverse,576,500,9,0,0.0,0.0,0.0,True,80889
Random Reverse,576,1000,9,0,0.0,0.0,0.0,True,80889
TF-IDF Reverse,577,100,61,0,0.0,0.0,0.0,True,80889
TF-IDF Reverse,577,500,61,1,0.002,0.01639344262295082,0.00921512526662827,True,80889
TF-IDF Reverse,577,1000,61,1,0.001,0.01639344262295082,0.00921512526662827,True,80889
User Activity,577,100,61,0,0.0,0.0,0.0,True,80889
User Activity,577,500,61,0,0.0,0.0,0.0,True,80889
User Activity,577,1000,61,0,0.0,0.0,0.0,True,80889
Random Reverse,577,100,61,0,0.0,0.0,0.0,True,80889
Random Reverse,577,500,61,0,0.0,0.0,0.0,True,80889
Random Reverse,577,1000,61,1,0.001,0.01639344262295082,0.0070790735493518955,True,80889
TF-IDF Reverse,578,100,32,1,0.01,0.03125,0.018630432026257488,True,80889
TF-IDF Reverse,578,500,32,1,0.002,0.03125,0.018630432026257488,True,80889
TF-IDF Reverse,578,1000,32,1,0.001,0.03125,0.018630432026257488,True,80889
User Activity,578,100,32,0,0.0,0.0,0.0,True,80889
User Activity,578,500,32,0,0.0,0.0,0.0,True,80889
User Activity,578,1000,32,0,0.0,0.0,0.0,True,80889
Random Reverse,578,100,32,0,0.0,0.0,0.0,True,80889
Random Reverse,578,500,32,0,0.0,0.0,0.0,True,80889
Random Reverse,578,1000,32,0,0.0,0.0,0.0,True,80889
TF-IDF Reverse,579,100,52,0,0.0,0.0,0.0,True,80889
TF-IDF Reverse,579,500,52,0,0.0,0.0,0.0,True,80889
TF-IDF Reverse,579,1000,52,0,0.0,0.0,0.0,True,80889
User Activity,579,100,52,0,0.0,0.0,0.0,True,80889
User Activity,579,500,52,0,0.0,0.0,0.0,True,80889
User Activity,579,1000,52,0,0.0,0.0,0.0,True,80889
Random Reverse,579,100,52,0,0.0,0.0,0.0,True,80889
Random Reverse,579,500,52,0,0.0,0.0,0.0,True,80889
Random Reverse,579,1000,52,0,0.0,0.0,0.0,True,80889
TF-IDF Reverse,580,100,30,0,0.0,0.0,0.0,True,80889
TF-IDF Reverse,580,500,30,0,0.0,0.0,0.0,True,80889
TF-IDF Reverse,580,1000,30,0,0.0,0.0,0.0,True,80889
User Activity,580,100,30,0,0.0,0.0,0.0,True,80889
User Activity,580,500,30,0,0.0,0.0,0.0,True,80889
User Activity,580,1000,30,0,0.0,0.0,0.0,True,80889
Random Reverse,580,100,30,1,0.01,0.03333333333333333,0.018713102006186567,True,80889
Random Reverse,580,500,30,1,0.002,0.03333333333333333,0.018713102006186567,True,80889
Random Reverse,580,1000,30,1,0.001,0.03333333333333333,0.018713102006186567,True,80889
TF-IDF Reverse,581,100,129,0,0.0,0.0,0.0,True,80889
TF-IDF Reverse,581,500,129,0,0.0,0.0,0.0,True,80889
TF-IDF Reverse,581,1000,129,1,0.001,0.007751937984496124,0.004046949976569551,True,80889
User Activity,581,100,129,0,0.0,0.0,0.0,True,80889
User Activity,581,500,129,0,0.0,0.0,0.0,True,80889
User Activity,581,1000,129,0,0.0,0.0,0.0,True,80889
Random Reverse,581,100,129,1,0.01,0.007751937984496124,0.009100454062766161,True,80889
Random Reverse,581,500,129,1,0.002,0.007751937984496124,0.007570386889366114,True,80889
Random Reverse,581,1000,129,2,0.002,0.015503875968992248,0.011908853251353178,True,80889
TF-IDF Reverse,582,100,14,0,0.0,0.0,0.0,True,80889
TF-IDF Reverse,582,500,14,0,0.0,0.0,0.0,True,80889
TF-IDF Reverse,582,1000,14,0,0.0,0.0,0.0,True,80889
User Activity,582,100,14,0,0.0,0.0,0.0,True,80889
User Activity,582,500,14,0,0.0,0.0,0.0,True,80889
User Activity,582,1000,14,0,0.0,0.0,0.0,True,80889
Random Reverse,582,100,14,0,0.0,0.0,0.0,True,80889
Random Reverse,582,500,14,0,0.0,0.0,0.0,True,80889
Random Reverse,582,1000,14,0,0.0,0.0,0.0,True,80889
TF-IDF Reverse,583,100,18,0,0.0,0.0,0.0,True,80889
TF-IDF Reverse,583,500,18,0,0.0,0.0,0.0,True,80889
TF-IDF Reverse,583,1000,18,0,0.0,0.0,0.0,True,80889
User Activity,583,100,18,0,0.0,0.0,0.0,True,80889
User Activity,583,500,18,0,0.0,0.0,0.0,True,80889
User Activity,583,1000,18,0,0.0,0.0,0.0,True,80889
Random Reverse,583,100,18,0,0.0,0.0,0.0,True,80889
Random Reverse,583,500,18,0,0.0,0.0,0.0,True,80889
Random Reverse,583,1000,18,1,0.001,0.05555555555555555,0.01576771111051564,True,80889
TF-IDF Reverse,584,100,6,0,0.0,0.0,0.0,True,80889
TF-IDF Reverse,584,500,6,0,0.0,0.0,0.0,True,80889
TF-IDF Reverse,584,1000,6,0,0.0,0.0,0.0,True,80889
User Activity,584,100,6,0,0.0,0.0,0.0,True,80889
User Activity,584,500,6,0,0.0,0.0,0.0,True,80889
User Activity,584,1000,6,0,0.0,0.0,0.0,True,80889
Random Reverse,584,100,6,0,0.0,0.0,0.0,True,80889
Random Reverse,584,500,6,0,0.0,0.0,0.0,True,80889
Random Reverse,584,1000,6,0,0.0,0.0,0.0,True,80889
TF-IDF Reverse,587,100,24,0,0.0,0.0,0.0,True,80889
TF-IDF Reverse,587,500,24,0,0.0,0.0,0.0,True,80889
TF-IDF Reverse,587,1000,24,0,0.0,0.0,0.0,True,80889
User Activity,587,100,24,0,0.0,0.0,0.0,True,80889
User Activity,587,500,24,0,0.0,0.0,0.0,True,80889
User Activity,587,1000,24,0,0.0,0.0,0.0,True,80889
Random Reverse,587,100,24,0,0.0,0.0,0.0,True,80889
Random Reverse,587,500,24,0,0.0,0.0,0.0,True,80889
Random Reverse,587,1000,24,1,0.001,0.041666666666666664,0.013879733366280934,True,80889
TF-IDF Reverse,588,100,5,0,0.0,0.0,0.0,True,80889
TF-IDF Reverse,588,500,5,0,0.0,0.0,0.0,True,80889
TF-IDF Reverse,588,1000,5,0,0.0,0.0,0.0,True,80889
User Activity,588,100,5,0,0.0,0.0,0.0,True,80889
User Activity,588,500,5,0,0.0,0.0,0.0,True,80889
User Activity,588,1000,5,0,0.0,0.0,0.0,True,80889
Random Reverse,588,100,5,0,0.0,0.0,0.0,True,80889
Random Reverse,588,500,5,0,0.0,0.0,0.0,True,80889
Random Reverse,588,1000,5,0,0.0,0.0,0.0,True,80889
TF-IDF Reverse,589,100,12,0,0.0,0.0,0.0,True,80889
TF-IDF Reverse,589,500,12,0,0.0,0.0,0.0,True,80889
TF-IDF Reverse,589,1000,12,0,0.0,0.0,0.0,True,80889
User Activity,589,100,12,0,0.0,0.0,0.0,True,80889
User Activity,589,500,12,0,0.0,0.0,0.0,True,80889
User Activity,589,1000,12,0,0.0,0.0,0.0,True,80889
Random Reverse,589,100,12,0,0.0,0.0,0.0,True,80889
Random Reverse,589,500,12,0,0.0,0.0,0.0,True,80889
Random Reverse,589,1000,12,0,0.0,0.0,0.0,True,80889
TF-IDF Reverse,590,100,67,0,0.0,0.0,0.0,True,80889
TF-IDF Reverse,590,500,67,0,0.0,0.0,0.0,True,80889
TF-IDF Reverse,590,1000,67,0,0.0,0.0,0.0,True,80889
User Activity,590,100,67,0,0.0,0.0,0.0,True,80889
User Activity,590,500,67,0,0.0,0.0,0.0,True,80889
User Activity,590,1000,67,0,0.0,0.0,0.0,True,80889
Random Reverse,590,100,67,0,0.0,0.0,0.0,True,80889
Random Reverse,590,500,67,0,0.0,0.0,0.0,True,80889
Random Reverse,590,1000,67,0,0.0,0.0,0.0,True,80889
TF-IDF Reverse,594,100,21,0,0.0,0.0,0.0,True,80889
TF-IDF Reverse,594,500,21,0,0.0,0.0,0.0,True,80889
TF-IDF Reverse,594,1000,21,2,0.002,0.09523809523809523,0.02981181423238299,True,80889
User Activity,594,100,21,0,0.0,0.0,0.0,True,80889
User Activity,594,500,21,0,0.0,0.0,0.0,True,80889
User Activity,594,1000,21,0,0.0,0.0,0.0,True,80889
Random Reverse,594,100,21,0,0.0,0.0,0.0,True,80889
Random Reverse,594,500,21,0,0.0,0.0,0.0,True,80889
Random Reverse,594,1000,21,0,0.0,0.0,0.0,True,80889
TF-IDF Reverse,595,100,48,0,0.0,0.0,0.0,True,80889
TF-IDF Reverse,595,500,48,0,0.0,0.0,0.0,True,80889
TF-IDF Reverse,595,1000,48,0,0.0,0.0,0.0,True,80889
User Activity,595,100,48,0,0.0,0.0,0.0,True,80889
User Activity,595,500,48,0,0.0,0.0,0.0,True,80889
User Activity,595,1000,48,0,0.0,0.0,0.0,True,80889
Random Reverse,595,100,48,1,0.01,0.020833333333333332,0.013852182450882742,True,80889
Random Reverse,595,500,48,1,0.002,0.020833333333333332,0.013852182450882742,True,80889
Random Reverse,595,1000,48,2,0.002,0.041666666666666664,0.02196205022769499,True,80889
TF-IDF Reverse,598,100,47,0,0.0,0.0,0.0,True,80889
TF-IDF Reverse,598,500,47,0,0.0,0.0,0.0,True,80889
TF-IDF Reverse,598,1000,47,1,0.001,0.02127659574468085,0.008811397000203544,True,80889
User Activity,598,100,47,0,0.0,0.0,0.0,True,80889
User Activity,598,500,47,0,0.0,0.0,0.0,True,80889
User Activity,598,1000,47,0,0.0,0.0,0.0,True,80889
Random Reverse,598,100,47,0,0.0,0.0,0.0,True,80889
Random Reverse,598,500,47,0,0.0,0.0,0.0,True,80889
Random Reverse,598,1000,47,0,0.0,0.0,0.0,True,80889
TF-IDF Reverse,601,100,25,0,0.0,0.0,0.0,True,80889
TF-IDF Reverse,601,500,25,1,0.002,0.04,0.013724832321484094,True,80889
TF-IDF Reverse,601,1000,25,1,0.001,0.04,0.013724832321484094,True,80889
User Activity,601,100,25,0,0.0,0.0,0.0,True,80889
User Activity,601,500,25,0,0.0,0.0,0.0,True,80889
User Activity,601,1000,25,0,0.0,0.0,0.0,True,80889
Random Reverse,601,100,25,0,0.0,0.0,0.0,True,80889
Random Reverse,601,500,25,0,0.0,0.0,0.0,True,80889
Random Reverse,601,1000,25,0,0.0,0.0,0.0,True,80889
TF-IDF Reverse,603,100,25,0,0.0,0.0,0.0,True,80889
TF-IDF Reverse,603,500,25,0,0.0,0.0,0.0,True,80889
TF-IDF Reverse,603,1000,25,0,0.0,0.0,0.0,True,80889
User Activity,603,100,25,0,0.0,0.0,0.0,True,80889
User Activity,603,500,25,0,0.0,0.0,0.0,True,80889
User Activity,603,1000,25,0,0.0,0.0,0.0,True,80889
Random Reverse,603,100,25,0,0.0,0.0,0.0,True,80889
Random Reverse,603,500,25,0,0.0,0.0,0.0,True,80889
Random Reverse,603,1000,25,0,0.0,0.0,0.0,True,80889
TF-IDF Reverse,604,100,24,0,0.0,0.0,0.0,True,80889
TF-IDF Reverse,604,500,24,0,0.0,0.0,0.0,True,80889
TF-IDF Reverse,604,1000,24,0,0.0,0.0,0.0,True,80889
User Activity,604,100,24,0,0.0,0.0,0.0,True,80889
User Activity,604,500,24,0,0.0,0.0,0.0,True,80889
User Activity,604,1000,24,0,0.0,0.0,0.0,True,80889
Random Reverse,604,100,24,0,0.0,0.0,0.0,True,80889
Random Reverse,604,500,24,0,0.0,0.0,0.0,True,80889
Random Reverse,604,1000,24,0,0.0,0.0,0.0,True,80889
TF-IDF Reverse,605,100,16,0,0.0,0.0,0.0,True,80889
TF-IDF Reverse,605,500,16,0,0.0,0.0,0.0,True,80889
TF-IDF Reverse,605,1000,16,0,0.0,0.0,0.0,True,80889
User Activity,605,100,16,0,0.0,0.0,0.0,True,80889
User Activity,605,500,16,0,0.0,0.0,0.0,True,80889
User Activity,605,1000,16,0,0.0,0.0,0.0,True,80889
Random Reverse,605,100,16,0,0.0,0.0,0.0,True,80889
Random Reverse,605,500,16,1,0.002,0.0625,0.019153108022884936,True,80889
Random Reverse,605,1000,16,1,0.001,0.0625,0.019153108022884936,True,80889
TF-IDF Reverse,606,100,23,0,0.0,0.0,0.0,True,80889
TF-IDF Reverse,606,500,23,0,0.0,0.0,0.0,True,80889
TF-IDF Reverse,606,1000,23,0,0.0,0.0,0.0,True,80889
User Activity,606,100,23,0,0.0,0.0,0.0,True,80889
User Activity,606,500,23,0,0.0,0.0,0.0,True,80889
User Activity,606,1000,23,0,0.0,0.0,0.0,True,80889
Random Reverse,606,100,23,0,0.0,0.0,0.0,True,80889
Random Reverse,606,500,23,0,0.0,0.0,0.0,True,80889
Random Reverse,606,1000,23,0,0.0,0.0,0.0,True,80889
TF-IDF Reverse,607,100,7,0,0.0,0.0,0.0,True,80889
TF-IDF Reverse,607,500,7,0,0.0,0.0,0.0,True,80889
TF-IDF Reverse,607,1000,7,0,0.0,0.0,0.0,True,80889
User Activity,607,100,7,0,0.0,0.0,0.0,True,80889
User Activity,607,500,7,0,0.0,0.0,0.0,True,80889
User Activity,607,1000,7,0,0.0,0.0,0.0,True,80889
Random Reverse,607,100,7,0,0.0,0.0,0.0,True,80889
Random Reverse,607,500,7,0,0.0,0.0,0.0,True,80889
Random Reverse,607,1000,7,0,0.0,0.0,0.0,True,80889
TF-IDF Reverse,611,100,14,0,0.0,0.0,0.0,True,80889
TF-IDF Reverse,611,500,14,0,0.0,0.0,0.0,True,80889
TF-IDF Reverse,611,1000,14,0,0.0,0.0,0.0,True,80889
User Activity,611,100,14,0,0.0,0.0,0.0,True,80889
User Activity,611,500,14,0,0.0,0.0,0.0,True,80889
User Activity,611,1000,14,0,0.0,0.0,0.0,True,80889
Random Reverse,611,100,14,0,0.0,0.0,0.0,True,80889
Random Reverse,611,500,14,0,0.0,0.0,0.0,True,80889
Random Reverse,611,1000,14,0,0.0,0.0,0.0,True,80889
TF-IDF Reverse,614,100,5,0,0.0,0.0,0.0,True,80889
TF-IDF Reverse,614,500,5,0,0.0,0.0,0.0,True,80889
TF-IDF Reverse,614,1000,5,1,0.001,0.2,0.03486461539830149,True,80889
User Activity,614,100,5,0,0.0,0.0,0.0,True,80889
User Activity,614,500,5,0,0.0,0.0,0.0,True,80889
User Activity,614,1000,5,0,0.0,0.0,0.0,True,80889
Random Reverse,614,100,5,0,0.0,0.0,0.0,True,80889
Random Reverse,614,500,5,0,0.0,0.0,0.0,True,80889
Random Reverse,614,1000,5,0,0.0,0.0,0.0,True,80889
TF-IDF Reverse,615,100,7,0,0.0,0.0,0.0,True,80889
TF-IDF Reverse,615,500,7,0,0.0,0.0,0.0,True,80889
TF-IDF Reverse,615,1000,7,1,0.001,0.14285714285714285,0.0288746676462763,True,80889
User Activity,615,100,7,0,0.0,0.0,0.0,True,80889
User Activity,615,500,7,0,0.0,0.0,0.0,True,80889
User Activity,615,1000,7,0,0.0,0.0,0.0,True,80889
Random Reverse,615,100,7,0,0.0,0.0,0.0,True,80889
Random Reverse,615,500,7,0,0.0,0.0,0.0,True,80889
Random Reverse,615,1000,7,0,0.0,0.0,0.0,True,80889
TF-IDF Reverse,616,100,39,1,0.01,0.02564102564102564,0.016333215551023676,True,80889
TF-IDF Reverse,616,500,39,1,0.002,0.02564102564102564,0.016333215551023676,True,80889
TF-IDF Reverse,616,1000,39,1,0.001,0.02564102564102564,0.016333215551023676,True,80889
User Activity,616,100,39,0,0.0,0.0,0.0,True,80889
User Activity,616,500,39,0,0.0,0.0,0.0,True,80889
User Activity,616,1000,39,0,0.0,0.0,0.0,True,80889
Random Reverse,616,100,39,0,0.0,0.0,0.0,True,80889
Random Reverse,616,500,39,1,0.002,0.02564102564102564,0.01057016140031453,True,80889
Random Reverse,616,1000,39,3,0.003,0.07692307692307693,0.02944356971194426,True,80889
TF-IDF Reverse,617,100,14,0,0.0,0.0,0.0,True,80889
TF-IDF Reverse,617,500,14,0,0.0,0.0,0.0,True,80889
TF-IDF Reverse,617,1000,14,0,0.0,0.0,0.0,True,80889
User Activity,617,100,14,0,0.0,0.0,0.0,True,80889
User Activity,617,500,14,0,0.0,0.0,0.0,True,80889
User Activity,617,1000,14,0,0.0,0.0,0.0,True,80889
Random Reverse,617,100,14,0,0.0,0.0,0.0,True,80889
Random Reverse,617,500,14,0,0.0,0.0,0.0,True,80889
Random Reverse,617,1000,14,0,0.0,0.0,0.0,True,80889
TF-IDF Reverse,618,100,65,0,0.0,0.0,0.0,True,80889
TF-IDF Reverse,618,500,65,1,0.002,0.015384615384615385,0.007475492603003839,True,80889
TF-IDF Reverse,618,1000,65,1,0.001,0.015384615384615385,0.007475492603003839,True,80889
User Activity,618,100,65,0,0.0,0.0,0.0,True,80889
User Activity,618,500,65,0,0.0,0.0,0.0,True,80889
User Activity,618,1000,65,0,0.0,0.0,0.0,True,80889
Random Reverse,618,100,65,0,0.0,0.0,0.0,True,80889
Random Reverse,618,500,65,0,0.0,0.0,0.0,True,80889
Random Reverse,618,1000,65,1,0.001,0.015384615384615385,0.006880254449709541,True,80889
TF-IDF Reverse,619,100,121,1,0.01,0.008264462809917356,0.015919507753606663,True,80889
TF-IDF Reverse,619,500,121,2,0.004,0.01652892561983471,0.0200487116301872,True,80889
TF-IDF Reverse,619,1000,121,3,0.003,0.024793388429752067,0.024336532916697896,True,80889
User Activity,619,100,121,0,0.0,0.0,0.0,True,80889
User Activity,619,500,121,0,0.0,0.0,0.0,True,80889
User Activity,619,1000,121,0,0.0,0.0,0.0,True,80889
Random Reverse,619,100,121,0,0.0,0.0,0.0,True,80889
Random Reverse,619,500,121,0,0.0,0.0,0.0,True,80889
Random Reverse,619,1000,121,1,0.001,0.008264462809917356,0.004530513339502456,True,80889
TF-IDF Reverse,623,100,12,0,0.0,0.0,0.0,True,80889
TF-IDF Reverse,623,500,12,0,0.0,0.0,0.0,True,80889
TF-IDF Reverse,623,1000,12,0,0.0,0.0,0.0,True,80889
User Activity,623,100,12,0,0.0,0.0,0.0,True,80889
User Activity,623,500,12,0,0.0,0.0,0.0,True,80889
User Activity,623,1000,12,0,0.0,0.0,0.0,True,80889
Random Reverse,623,100,12,0,0.0,0.0,0.0,True,80889
Random Reverse,623,500,12,0,0.0,0.0,0.0,True,80889
Random Reverse,623,1000,12,0,0.0,0.0,0.0,True,80889
TF-IDF Reverse,625,100,108,1,0.01,0.009259259259259259,0.011050281775237323,True,80889
TF-IDF Reverse,625,500,108,4,0.008,0.037037037037037035,0.026791895560944873,True,80889
TF-IDF Reverse,625,1000,108,4,0.004,0.037037037037037035,0.026791895560944873,True,80889
User Activity,625,100,108,0,0.0,0.0,0.0,True,80889
User Activity,625,500,108,0,0.0,0.0,0.0,True,80889
User Activity,625,1000,108,0,0.0,0.0,0.0,True,80889
Random Reverse,625,100,108,0,0.0,0.0,0.0,True,80889
Random Reverse,625,500,108,1,0.002,0.009259259259259259,0.0061949062304814,True,80889
Random Reverse,625,1000,108,2,0.002,0.018518518518518517,0.010777513802759573,True,80889
TF-IDF Reverse,626,100,22,0,0.0,0.0,0.0,True,80889
TF-IDF Reverse,626,500,22,0,0.0,0.0,0.0,True,80889
TF-IDF Reverse,626,1000,22,0,0.0,0.0,0.0,True,80889
User Activity,626,100,22,0,0.0,0.0,0.0,True,80889
User Activity,626,500,22,0,0.0,0.0,0.0,True,80889
User Activity,626,1000,22,0,0.0,0.0,0.0,True,80889
Random Reverse,626,100,22,0,0.0,0.0,0.0,True,80889
Random Reverse,626,500,22,0,0.0,0.0,0.0,True,80889
Random Reverse,626,1000,22,0,0.0,0.0,0.0,True,80889
TF-IDF Reverse,627,100,32,0,0.0,0.0,0.0,True,80889
TF-IDF Reverse,627,500,32,0,0.0,0.0,0.0,True,80889
TF-IDF Reverse,627,1000,32,0,0.0,0.0,0.0,True,80889
User Activity,627,100,32,0,0.0,0.0,0.0,True,80889
User Activity,627,500,32,0,0.0,0.0,0.0,True,80889
User Activity,627,1000,32,0,0.0,0.0,0.0,True,80889
Random Reverse,627,100,32,0,0.0,0.0,0.0,True,80889
Random Reverse,627,500,32,2,0.004,0.0625,0.028210564377410114,True,80889
Random Reverse,627,1000,32,3,0.003,0.09375,0.039510130937162394,True,80889
TF-IDF Reverse,628,100,10,2,0.02,0.2,0.0684680324237747,True,80889
TF-IDF Reverse,628,500,10,2,0.004,0.2,0.0684680324237747,True,80889
TF-IDF Reverse,628,1000,10,2,0.002,0.2,0.0684680324237747,True,80889
User Activity,628,100,10,0,0.0,0.0,0.0,True,80889
User Activity,628,500,10,0,0.0,0.0,0.0,True,80889
User Activity,628,1000,10,0,0.0,0.0,0.0,True,80889
Random Reverse,628,100,10,0,0.0,0.0,0.0,True,80889
Random Reverse,628,500,10,0,0.0,0.0,0.0,True,80889
Random Reverse,628,1000,10,0,0.0,0.0,0.0,True,80889
TF-IDF Reverse,629,100,51,1,0.01,0.0196078431372549,0.048261465584001434,True,80889
TF-IDF Reverse,629,500,51,1,0.002,0.0196078431372549,0.048261465584001434,True,80889
TF-IDF Reverse,629,1000,51,1,0.001,0.0196078431372549,0.048261465584001434,True,80889
User Activity,629,100,51,0,0.0,0.0,0.0,True,80889
User Activity,629,500,51,0,0.0,0.0,0.0,True,80889
User Activity,629,1000,51,0,0.0,0.0,0.0,True,80889
Random Reverse,629,100,51,0,0.0,0.0,0.0,True,80889
Random Reverse,629,500,51,0,0.0,0.0,0.0,True,80889
Random Reverse,629,1000,51,0,0.0,0.0,0.0,True,80889
TF-IDF Reverse,631,100,19,0,0.0,0.0,0.0,True,80889
TF-IDF Reverse,631,500,19,1,0.002,0.05263157894736842,0.018694799796132134,True,80889
TF-IDF Reverse,631,1000,19,1,0.001,0.05263157894736842,0.018694799796132134,True,80889
User Activity,631,100,19,0,0.0,0.0,0.0,True,80889
User Activity,631,500,19,0,0.0,0.0,0.0,True,80889
User Activity,631,1000,19,0,0.0,0.0,0.0,True,80889
Random Reverse,631,100,19,0,0.0,0.0,0.0,True,80889
Random Reverse,631,500,19,0,0.0,0.0,0.0,True,80889
Random Reverse,631,1000,19,0,0.0,0.0,0.0,True,80889
TF-IDF Reverse,634,100,84,1,0.01,0.011904761904761904,0.017057855597633304,True,80889
TF-IDF Reverse,634,500,84,12,0.024,0.14285714285714285,0.09351334101264291,True,80889
TF-IDF Reverse,634,1000,84,14,0.014,0.16666666666666666,0.10447700753881291,True,80889
User Activity,634,100,84,0,0.0,0.0,0.0,True,80889
User Activity,634,500,84,0,0.0,0.0,0.0,True,80889
User Activity,634,1000,84,0,0.0,0.0,0.0,True,80889
Random Reverse,634,100,84,1,0.01,0.011904761904761904,0.02328759579118386,True,80889
Random Reverse,634,500,84,1,0.002,0.011904761904761904,0.02328759579118386,True,80889
Random Reverse,634,1000,84,1,0.001,0.011904761904761904,0.02328759579118386,True,80889
TF-IDF Reverse,635,100,8,1,0.01,0.125,0.05058854055353143,True,80889
TF-IDF Reverse,635,500,8,1,0.002,0.125,0.05058854055353143,True,80889
TF-IDF Reverse,635,1000,8,1,0.001,0.125,0.05058854055353143,True,80889
User Activity,635,100,8,0,0.0,0.0,0.0,True,80889
User Activity,635,500,8,0,0.0,0.0,0.0,True,80889
User Activity,635,1000,8,0,0.0,0.0,0.0,True,80889
Random Reverse,635,100,8,0,0.0,0.0,0.0,True,80889
Random Reverse,635,500,8,0,0.0,0.0,0.0,True,80889
Random Reverse,635,1000,8,0,0.0,0.0,0.0,True,80889
TF-IDF Reverse,636,100,15,0,0.0,0.0,0.0,True,80889
TF-IDF Reverse,636,500,15,1,0.002,0.06666666666666667,0.021660490218713815,True,80889
TF-IDF Reverse,636,1000,15,2,0.002,0.13333333333333333,0.03991427159103519,True,80889
User Activity,636,100,15,0,0.0,0.0,0.0,True,80889
User Activity,636,500,15,0,0.0,0.0,0.0,True,80889
User Activity,636,1000,15,1,0.001,0.06666666666666667,0.017863442735149296,True,80889
Random Reverse,636,100,15,0,0.0,0.0,0.0,True,80889
Random Reverse,636,500,15,0,0.0,0.0,0.0,True,80889
Random Reverse,636,1000,15,0,0.0,0.0,0.0,True,80889
TF-IDF Reverse,637,100,8,0,0.0,0.0,0.0,True,80889
TF-IDF Reverse,637,500,8,0,0.0,0.0,0.0,True,80889
TF-IDF Reverse,637,1000,8,1,0.001,0.125,0.027866898921009405,True,80889
User Activity,637,100,8,0,0.0,0.0,0.0,True,80889
User Activity,637,500,8,0,0.0,0.0,0.0,True,80889
User Activity,637,1000,8,0,0.0,0.0,0.0,True,80889
Random Reverse,637,100,8,0,0.0,0.0,0.0,True,80889
Random Reverse,637,500,8,0,0.0,0.0,0.0,True,80889
Random Reverse,637,1000,8,0,0.0,0.0,0.0,True,80889
TF-IDF Reverse,638,100,7,1,0.01,0.14285714285714285,0.06360039474961571,True,80889
TF-IDF Reverse,638,500,7,1,0.002,0.14285714285714285,0.06360039474961571,True,80889
TF-IDF Reverse,638,1000,7,1,0.001,0.14285714285714285,0.06360039474961571,True,80889
User Activity,638,100,7,0,0.0,0.0,0.0,True,80889
User Activity,638,500,7,0,0.0,0.0,0.0,True,80889
User Activity,638,1000,7,0,0.0,0.0,0.0,True,80889
Random Reverse,638,100,7,0,0.0,0.0,0.0,True,80889
Random Reverse,638,500,7,0,0.0,0.0,0.0,True,80889
Random Reverse,638,1000,7,0,0.0,0.0,0.0,True,80889
TF-IDF Reverse,648,100,20,1,0.01,0.05,0.026341186635942038,True,80889
TF-IDF Reverse,648,500,20,2,0.004,0.1,0.04581307482906564,True,80889
TF-IDF Reverse,648,1000,20,2,0.002,0.1,0.04581307482906564,True,80889
User Activity,648,100,20,0,0.0,0.0,0.0,True,80889
User Activity,648,500,20,0,0.0,0.0,0.0,True,80889
User Activity,648,1000,20,0,0.0,0.0,0.0,True,80889
Random Reverse,648,100,20,0,0.0,0.0,0.0,True,80889
Random Reverse,648,500,20,0,0.0,0.0,0.0,True,80889
Random Reverse,648,1000,20,0,0.0,0.0,0.0,True,80889
TF-IDF Reverse,652,100,8,2,0.02,0.25,0.29464052402052415,True,80889
TF-IDF Reverse,652,500,8,2,0.004,0.25,0.29464052402052415,True,80889
TF-IDF Reverse,652,1000,8,2,0.002,0.25,0.29464052402052415,True,80889
User Activity,652,100,8,0,0.0,0.0,0.0,True,80889
User Activity,652,500,8,0,0.0,0.0,0.0,True,80889
User Activity,652,1000,8,0,0.0,0.0,0.0,True,80889
Random Reverse,652,100,8,0,0.0,0.0,0.0,True,80889
Random Reverse,652,500,8,0,0.0,0.0,0.0,True,80889
Random Reverse,652,1000,8,0,0.0,0.0,0.0,True,80889
TF-IDF Reverse,653,100,8,0,0.0,0.0,0.0,True,80889
TF-IDF Reverse,653,500,8,0,0.0,0.0,0.0,True,80889
TF-IDF Reverse,653,1000,8,0,0.0,0.0,0.0,True,80889
User Activity,653,100,8,0,0.0,0.0,0.0,True,80889
User Activity,653,500,8,0,0.0,0.0,0.0,True,80889
User Activity,653,1000,8,0,0.0,0.0,0.0,True,80889
Random Reverse,653,100,8,0,0.0,0.0,0.0,True,80889
Random Reverse,653,500,8,0,0.0,0.0,0.0,True,80889
Random Reverse,653,1000,8,1,0.001,0.125,0.027614220054822235,True,80889
TF-IDF Reverse,654,100,38,0,0.0,0.0,0.0,True,80889
TF-IDF Reverse,654,500,38,0,0.0,0.0,0.0,True,80889
TF-IDF Reverse,654,1000,38,0,0.0,0.0,0.0,True,80889
User Activity,654,100,38,0,0.0,0.0,0.0,True,80889
User Activity,654,500,38,0,0.0,0.0,0.0,True,80889
User Activity,654,1000,38,0,0.0,0.0,0.0,True,80889
Random Reverse,654,100,38,1,0.01,0.02631578947368421,0.019410723266575666,True,80889
Random Reverse,654,500,38,1,0.002,0.02631578947368421,0.019410723266575666,True,80889
Random Reverse,654,1000,38,1,0.001,0.02631578947368421,0.019410723266575666,True,80889
TF-IDF Reverse,656,100,47,4,0.04,0.0851063829787234,0.060578102979363654,True,80889
TF-IDF Reverse,656,500,47,8,0.016,0.1702127659574468,0.10179363739156098,True,80889
TF-IDF Reverse,656,1000,47,10,0.01,0.2127659574468085,0.11856152179694825,True,80889
User Activity,656,100,47,0,0.0,0.0,0.0,True,80889
User Activity,656,500,47,0,0.0,0.0,0.0,True,80889
User Activity,656,1000,47,0,0.0,0.0,0.0,True,80889
Random Reverse,656,100,47,0,0.0,0.0,0.0,True,80889
Random Reverse,656,500,47,1,0.002,0.02127659574468085,0.009711952417505648,True,80889
Random Reverse,656,1000,47,1,0.001,0.02127659574468085,0.009711952417505648,True,80889
TF-IDF Reverse,657,100,234,7,0.07,0.029914529914529916,0.05358040729411912,True,80889
TF-IDF Reverse,657,500,234,47,0.094,0.20085470085470086,0.15935555570887386,True,80889
TF-IDF Reverse,657,1000,234,51,0.051,0.21794871794871795,0.17038523913824236,True,80889
User Activity,657,100,234,0,0.0,0.0,0.0,True,80889
User Activity,657,500,234,0,0.0,0.0,0.0,True,80889
User Activity,657,1000,234,0,0.0,0.0,0.0,True,80889
Random Reverse,657,100,234,0,0.0,0.0,0.0,True,80889
Random Reverse,657,500,234,0,0.0,0.0,0.0,True,80889
Random Reverse,657,1000,234,1,0.001,0.004273504273504274,0.0028252627910129243,True,80889
TF-IDF Reverse,658,100,7,3,0.03,0.42857142857142855,0.1932951867520581,True,80889
TF-IDF Reverse,658,500,7,5,0.01,0.7142857142857143,0.26715777999092416,True,80889
TF-IDF Reverse,658,1000,7,6,0.006,0.8571428571428571,0.29494186521837407,True,80889
User Activity,658,100,7,0,0.0,0.0,0.0,True,80889
User Activity,658,500,7,0,0.0,0.0,0.0,True,80889
User Activity,658,1000,7,0,0.0,0.0,0.0,True,80889
Random Reverse,658,100,7,0,0.0,0.0,0.0,True,80889
Random Reverse,658,500,7,1,0.002,0.14285714285714285,0.034032760759656215,True,80889
Random Reverse,658,1000,7,1,0.001,0.14285714285714285,0.034032760759656215,True,80889
TF-IDF Reverse,661,100,96,0,0.0,0.0,0.0,True,80889
TF-IDF Reverse,661,500,96,0,0.0,0.0,0.0,True,80889
TF-IDF Reverse,661,1000,96,0,0.0,0.0,0.0,True,80889
User Activity,661,100,96,0,0.0,0.0,0.0,True,80889
User Activity,661,500,96,0,0.0,0.0,0.0,True,80889
User Activity,661,1000,96,0,0.0,0.0,0.0,True,80889
Random Reverse,661,100,96,0,0.0,0.0,0.0,True,80889
Random Reverse,661,500,96,2,0.004,0.020833333333333332,0.01230594867096335,True,80889
Random Reverse,661,1000,96,2,0.002,0.020833333333333332,0.01230594867096335,True,80889
TF-IDF Reverse,662,100,6,0,0.0,0.0,0.0,True,80889
TF-IDF Reverse,662,500,6,0,0.0,0.0,0.0,True,80889
TF-IDF Reverse,662,1000,6,0,0.0,0.0,0.0,True,80889
User Activity,662,100,6,0,0.0,0.0,0.0,True,80889
User Activity,662,500,6,0,0.0,0.0,0.0,True,80889
User Activity,662,1000,6,0,0.0,0.0,0.0,True,80889
Random Reverse,662,100,6,0,0.0,0.0,0.0,True,80889
Random Reverse,662,500,6,0,0.0,0.0,0.0,True,80889
Random Reverse,662,1000,6,1,0.001,0.16666666666666666,0.03210919716663481,True,80889
TF-IDF Reverse,664,100,11,0,0.0,0.0,0.0,True,80889
TF-IDF Reverse,664,500,11,0,0.0,0.0,0.0,True,80889
TF-IDF Reverse,664,1000,11,1,0.001,0.09090909090909091,0.022607017468300218,True,80889
User Activity,664,100,11,0,0.0,0.0,0.0,True,80889
User Activity,664,500,11,0,0.0,0.0,0.0,True,80889
User Activity,664,1000,11,0,0.0,0.0,0.0,True,80889
Random Reverse,664,100,11,0,0.0,0.0,0.0,True,80889
Random Reverse,664,500,11,0,0.0,0.0,0.0,True,80889
Random Reverse,664,1000,11,0,0.0,0.0,0.0,True,80889
TF-IDF Reverse,665,100,45,0,0.0,0.0,0.0,True,80889
TF-IDF Reverse,665,500,45,1,0.002,0.022222222222222223,0.009840376100847918,True,80889
TF-IDF Reverse,665,1000,45,1,0.001,0.022222222222222223,0.009840376100847918,True,80889
User Activity,665,100,45,0,0.0,0.0,0.0,True,80889
User Activity,665,500,45,0,0.0,0.0,0.0,True,80889
User Activity,665,1000,45,0,0.0,0.0,0.0,True,80889
Random Reverse,665,100,45,0,0.0,0.0,0.0,True,80889
Random Reverse,665,500,45,0,0.0,0.0,0.0,True,80889
Random Reverse,665,1000,45,1,0.001,0.022222222222222223,0.008555392633247283,True,80889
TF-IDF Reverse,666,100,16,0,0.0,0.0,0.0,True,80889
TF-IDF Reverse,666,500,16,0,0.0,0.0,0.0,True,80889
TF-IDF Reverse,666,1000,16,0,0.0,0.0,0.0,True,80889
User Activity,666,100,16,0,0.0,0.0,0.0,True,80889
User Activity,666,500,16,0,0.0,0.0,0.0,True,80889
User Activity,666,1000,16,0,0.0,0.0,0.0,True,80889
Random Reverse,666,100,16,0,0.0,0.0,0.0,True,80889
Random Reverse,666,500,16,0,0.0,0.0,0.0,True,80889
Random Reverse,666,1000,16,1,0.001,0.0625,0.016913504953599924,True,80889
TF-IDF Reverse,667,100,70,0,0.0,0.0,0.0,True,80889
TF-IDF Reverse,667,500,70,1,0.002,0.014285714285714285,0.007005033500564037,True,80889
TF-IDF Reverse,667,1000,70,1,0.001,0.014285714285714285,0.007005033500564037,True,80889
User Activity,667,100,70,0,0.0,0.0,0.0,True,80889
User Activity,667,500,70,0,0.0,0.0,0.0,True,80889
User Activity,667,1000,70,0,0.0,0.0,0.0,True,80889
Random Reverse,667,100,70,1,0.01,0.014285714285714285,0.011712752730551373,True,80889
Random Reverse,667,500,70,3,0.006,0.04285714285714286,0.026332935842784178,True,80889
Random Reverse,667,1000,70,4,0.004,0.05714285714285714,0.032584167904189824,True,80889
TF-IDF Reverse,668,100,16,0,0.0,0.0,0.0,True,80889
TF-IDF Reverse,668,500,16,0,0.0,0.0,0.0,True,80889
TF-IDF Reverse,668,1000,16,0,0.0,0.0,0.0,True,80889
User Activity,668,100,16,0,0.0,0.0,0.0,True,80889
User Activity,668,500,16,0,0.0,0.0,0.0,True,80889
User Activity,668,1000,16,0,0.0,0.0,0.0,True,80889
Random Reverse,668,100,16,0,0.0,0.0,0.0,True,80889
Random Reverse,668,500,16,0,0.0,0.0,0.0,True,80889
Random Reverse,668,1000,16,0,0.0,0.0,0.0,True,80889
TF-IDF Reverse,669,100,227,1,0.01,0.004405286343612335,0.008856771498479247,True,80889
TF-IDF Reverse,669,500,227,2,0.004,0.00881057268722467,0.008373281658215975,True,80889
TF-IDF Reverse,669,1000,227,6,0.006,0.02643171806167401,0.019354019137786293,True,80889
User Activity,669,100,227,0,0.0,0.0,0.0,True,80889
User Activity,669,500,227,0,0.0,0.0,0.0,True,80889
User Activity,669,1000,227,0,0.0,0.0,0.0,True,80889
Random Reverse,669,100,227,0,0.0,0.0,0.0,True,80889
Random Reverse,669,500,227,0,0.0,0.0,0.0,True,80889
Random Reverse,669,1000,227,0,0.0,0.0,0.0,True,80889
TF-IDF Reverse,670,100,32,0,0.0,0.0,0.0,True,80889
TF-IDF Reverse,670,500,32,1,0.002,0.03125,0.012071600120024728,True,80889
TF-IDF Reverse,670,1000,32,3,0.003,0.09375,0.03350992642591736,True,80889
User Activity,670,100,32,0,0.0,0.0,0.0,True,80889
User Activity,670,500,32,0,0.0,0.0,0.0,True,80889
User Activity,670,1000,32,0,0.0,0.0,0.0,True,80889
Random Reverse,670,100,32,0,0.0,0.0,0.0,True,80889
Random Reverse,670,500,32,0,0.0,0.0,0.0,True,80889
Random Reverse,670,1000,32,0,0.0,0.0,0.0,True,80889
TF-IDF Reverse,671,100,18,1,0.01,0.05555555555555555,0.04574075920880725,True,80889
TF-IDF Reverse,671,500,18,1,0.002,0.05555555555555555,0.04574075920880725,True,80889
TF-IDF Reverse,671,1000,18,2,0.002,0.1111111111111111,0.062125368020984284,True,80889
User Activity,671,100,18,0,0.0,0.0,0.0,True,80889
User Activity,671,500,18,0,0.0,0.0,0.0,True,80889
User Activity,671,1000,18,0,0.0,0.0,0.0,True,80889
Random Reverse,671,100,18,0,0.0,0.0,0.0,True,80889
Random Reverse,671,500,18,0,0.0,0.0,0.0,True,80889
Random Reverse,671,1000,18,1,0.001,0.05555555555555555,0.015652816696052632,True,80889
TF-IDF Reverse,672,100,749,30,0.3,0.04005340453938585,0.2743286627821906,True,80889
TF-IDF Reverse,672,500,749,120,0.24,0.1602136181575434,0.23927087621386622,True,80889
TF-IDF Reverse,672,1000,749,149,0.149,0.19893190921228304,0.20397772345960263,True,80889
User Activity,672,100,749,0,0.0,0.0,0.0,True,80889
User Activity,672,500,749,0,0.0,0.0,0.0,True,80889
User Activity,672,1000,749,0,0.0,0.0,0.0,True,80889
Random Reverse,672,100,749,1,0.01,0.0013351134846461949,0.01055772502394307,True,80889
Random Reverse,672,500,749,6,0.012,0.00801068090787717,0.012167028561576063,True,80889
Random Reverse,672,1000,749,11,0.011,0.014686248331108143,0.014325718456540943,True,80889
TF-IDF Reverse,674,100,5,0,0.0,0.0,0.0,True,80889
TF-IDF Reverse,674,500,5,0,0.0,0.0,0.0,True,80889
TF-IDF Reverse,674,1000,5,0,0.0,0.0,0.0,True,80889
User Activity,674,100,5,0,0.0,0.0,0.0,True,80889
User Activity,674,500,5,0,0.0,0.0,0.0,True,80889
User Activity,674,1000,5,0,0.0,0.0,0.0,True,80889
Random Reverse,674,100,5,0,0.0,0.0,0.0,True,80889
Random Reverse,674,500,5,0,0.0,0.0,0.0,True,80889
Random Reverse,674,1000,5,0,0.0,0.0,0.0,True,80889
TF-IDF Reverse,675,100,20,0,0.0,0.0,0.0,True,80889
TF-IDF Reverse,675,500,20,0,0.0,0.0,0.0,True,80889
TF-IDF Reverse,675,1000,20,1,0.001,0.05,0.014408633948864612,True,80889
User Activity,675,100,20,0,0.0,0.0,0.0,True,80889
User Activity,675,500,20,0,0.0,0.0,0.0,True,80889
User Activity,675,1000,20,0,0.0,0.0,0.0,True,80889
Random Reverse,675,100,20,0,0.0,0.0,0.0,True,80889
Random Reverse,675,500,20,0,0.0,0.0,0.0,True,80889
Random Reverse,675,1000,20,0,0.0,0.0,0.0,True,80889
TF-IDF Reverse,678,100,31,0,0.0,0.0,0.0,True,80889
TF-IDF Reverse,678,500,31,0,0.0,0.0,0.0,True,80889
TF-IDF Reverse,678,1000,31,0,0.0,0.0,0.0,True,80889
User Activity,678,100,31,0,0.0,0.0,0.0,True,80889
User Activity,678,500,31,0,0.0,0.0,0.0,True,80889
User Activity,678,1000,31,0,0.0,0.0,0.0,True,80889
Random Reverse,678,100,31,0,0.0,0.0,0.0,True,80889
Random Reverse,678,500,31,0,0.0,0.0,0.0,True,80889
Random Reverse,678,1000,31,0,0.0,0.0,0.0,True,80889
TF-IDF Reverse,680,100,10,0,0.0,0.0,0.0,True,80889
TF-IDF Reverse,680,500,10,1,0.002,0.1,0.026172141118125353,True,80889
TF-IDF Reverse,680,1000,10,1,0.001,0.1,0.026172141118125353,True,80889
User Activity,680,100,10,0,0.0,0.0,0.0,True,80889
User Activity,680,500,10,0,0.0,0.0,0.0,True,80889
User Activity,680,1000,10,0,0.0,0.0,0.0,True,80889
Random Reverse,680,100,10,0,0.0,0.0,0.0,True,80889
Random Reverse,680,500,10,0,0.0,0.0,0.0,True,80889
Random Reverse,680,1000,10,0,0.0,0.0,0.0,True,80889
TF-IDF Reverse,681,100,8,0,0.0,0.0,0.0,True,80889
TF-IDF Reverse,681,500,8,0,0.0,0.0,0.0,True,80889
TF-IDF Reverse,681,1000,8,0,0.0,0.0,0.0,True,80889
User Activity,681,100,8,0,0.0,0.0,0.0,True,80889
User Activity,681,500,8,0,0.0,0.0,0.0,True,80889
User Activity,681,1000,8,0,0.0,0.0,0.0,True,80889
Random Reverse,681,100,8,0,0.0,0.0,0.0,True,80889
Random Reverse,681,500,8,0,0.0,0.0,0.0,True,80889
Random Reverse,681,1000,8,0,0.0,0.0,0.0,True,80889
TF-IDF Reverse,684,100,7,0,0.0,0.0,0.0,True,80889
TF-IDF Reverse,684,500,7,0,0.0,0.0,0.0,True,80889
TF-IDF Reverse,684,1000,7,0,0.0,0.0,0.0,True,80889
User Activity,684,100,7,0,0.0,0.0,0.0,True,80889
User Activity,684,500,7,0,0.0,0.0,0.0,True,80889
User Activity,684,1000,7,0,0.0,0.0,0.0,True,80889
Random Reverse,684,100,7,0,0.0,0.0,0.0,True,80889
Random Reverse,684,500,7,0,0.0,0.0,0.0,True,80889
Random Reverse,684,1000,7,0,0.0,0.0,0.0,True,80889
TF-IDF Reverse,686,100,268,1,0.01,0.0037313432835820895,0.020568476416638032,True,80889
TF-IDF Reverse,686,500,268,10,0.02,0.03731343283582089,0.03465632916041509,True,80889
TF-IDF Reverse,686,1000,268,14,0.014,0.05223880597014925,0.044117569999735345,True,80889
User Activity,686,100,268,0,0.0,0.0,0.0,True,80889
User Activity,686,500,268,0,0.0,0.0,0.0,True,80889
User Activity,686,1000,268,0,0.0,0.0,0.0,True,80889
Random Reverse,686,100,268,0,0.0,0.0,0.0,True,80889
Random Reverse,686,500,268,0,0.0,0.0,0.0,True,80889
Random Reverse,686,1000,268,2,0.002,0.007462686567164179,0.00505889654779427,True,80889
TF-IDF Reverse,687,100,59,0,0.0,0.0,0.0,True,80889
TF-IDF Reverse,687,500,59,1,0.002,0.01694915254237288,0.008105391397590419,True,80889
TF-IDF Reverse,687,1000,59,2,0.002,0.03389830508474576,0.015206722405754254,True,80889
User Activity,687,100,59,0,0.0,0.0,0.0,True,80889
User Activity,687,500,59,0,0.0,0.0,0.0,True,80889
User Activity,687,1000,59,0,0.0,0.0,0.0,True,80889
Random Reverse,687,100,59,0,0.0,0.0,0.0,True,80889
Random Reverse,687,500,59,0,0.0,0.0,0.0,True,80889
Random Reverse,687,1000,59,0,0.0,0.0,0.0,True,80889
TF-IDF Reverse,688,100,105,0,0.0,0.0,0.0,True,80889
TF-IDF Reverse,688,500,105,2,0.004,0.01904761904761905,0.011229920413015494,True,80889
TF-IDF Reverse,688,1000,105,5,0.005,0.047619047619047616,0.025684783592774464,True,80889
User Activity,688,100,105,0,0.0,0.0,0.0,True,80889
User Activity,688,500,105,0,0.0,0.0,0.0,True,80889
User Activity,688,1000,105,0,0.0,0.0,0.0,True,80889
Random Reverse,688,100,105,0,0.0,0.0,0.0,True,80889
Random Reverse,688,500,105,0,0.0,0.0,0.0,True,80889
Random Reverse,688,1000,105,0,0.0,0.0,0.0,True,80889
TF-IDF Reverse,689,100,23,0,0.0,0.0,0.0,True,80889
TF-IDF Reverse,689,500,23,0,0.0,0.0,0.0,True,80889
TF-IDF Reverse,689,1000,23,0,0.0,0.0,0.0,True,80889
User Activity,689,100,23,0,0.0,0.0,0.0,True,80889
User Activity,689,500,23,0,0.0,0.0,0.0,True,80889
User Activity,689,1000,23,0,0.0,0.0,0.0,True,80889
Random Reverse,689,100,23,0,0.0,0.0,0.0,True,80889
Random Reverse,689,500,23,0,0.0,0.0,0.0,True,80889
Random Reverse,689,1000,23,0,0.0,0.0,0.0,True,80889
TF-IDF Reverse,690,100,183,0,0.0,0.0,0.0,True,80889
TF-IDF Reverse,690,500,183,1,0.002,0.00546448087431694,0.003831472548482695,True,80889
TF-IDF Reverse,690,1000,183,1,0.001,0.00546448087431694,0.003831472548482695,True,80889
User Activity,690,100,183,0,0.0,0.0,0.0,True,80889
User Activity,690,500,183,0,0.0,0.0,0.0,True,80889
User Activity,690,1000,183,0,0.0,0.0,0.0,True,80889
Random Reverse,690,100,183,1,0.01,0.00546448087431694,0.009467643116452987,True,80889
Random Reverse,690,500,183,1,0.002,0.00546448087431694,0.006084932418546695,True,80889
Random Reverse,690,1000,183,2,0.002,0.01092896174863388,0.009313988363396976,True,80889
TF-IDF Reverse,691,100,13,0,0.0,0.0,0.0,True,80889
TF-IDF Reverse,691,500,13,0,0.0,0.0,0.0,True,80889
TF-IDF Reverse,691,1000,13,0,0.0,0.0,0.0,True,80889
User Activity,691,100,13,0,0.0,0.0,0.0,True,80889
User Activity,691,500,13,0,0.0,0.0,0.0,True,80889
User Activity,691,1000,13,0,0.0,0.0,0.0,True,80889
Random Reverse,691,100,13,0,0.0,0.0,0.0,True,80889
Random Reverse,691,500,13,0,0.0,0.0,0.0,True,80889
Random Reverse,691,1000,13,0,0.0,0.0,0.0,True,80889
TF-IDF Reverse,692,100,11,0,0.0,0.0,0.0,True,80889
TF-IDF Reverse,692,500,11,0,0.0,0.0,0.0,True,80889
TF-IDF Reverse,692,1000,11,0,0.0,0.0,0.0,True,80889
User Activity,692,100,11,0,0.0,0.0,0.0,True,80889
User Activity,692,500,11,0,0.0,0.0,0.0,True,80889
User Activity,692,1000,11,0,0.0,0.0,0.0,True,80889
Random Reverse,692,100,11,0,0.0,0.0,0.0,True,80889
Random Reverse,692,500,11,0,0.0,0.0,0.0,True,80889
Random Reverse,692,1000,11,0,0.0,0.0,0.0,True,80889
TF-IDF Reverse,693,100,12,0,0.0,0.0,0.0,True,80889
TF-IDF Reverse,693,500,12,2,0.004,0.16666666666666666,0.045376855864085984,True,80889
TF-IDF Reverse,693,1000,12,2,0.002,0.16666666666666666,0.045376855864085984,True,80889
User Activity,693,100,12,0,0.0,0.0,0.0,True,80889
User Activity,693,500,12,0,0.0,0.0,0.0,True,80889
User Activity,693,1000,12,0,0.0,0.0,0.0,True,80889
Random Reverse,693,100,12,0,0.0,0.0,0.0,True,80889
Random Reverse,693,500,12,1,0.002,0.08333333333333333,0.022121056826830614,True,80889
Random Reverse,693,1000,12,1,0.001,0.08333333333333333,0.022121056826830614,True,80889
TF-IDF Reverse,694,100,29,0,0.0,0.0,0.0,True,80889
TF-IDF Reverse,694,500,29,0,0.0,0.0,0.0,True,80889
TF-IDF Reverse,694,1000,29,0,0.0,0.0,0.0,True,80889
User Activity,694,100,29,0,0.0,0.0,0.0,True,80889
User Activity,694,500,29,0,0.0,0.0,0.0,True,80889
User Activity,694,1000,29,0,0.0,0.0,0.0,True,80889
Random Reverse,694,100,29,0,0.0,0.0,0.0,True,80889
Random Reverse,694,500,29,0,0.0,0.0,0.0,True,80889
Random Reverse,694,1000,29,0,0.0,0.0,0.0,True,80889
TF-IDF Reverse,695,100,156,85,0.85,0.5448717948717948,0.8776712509591612,True,80889
TF-IDF Reverse,695,500,156,130,0.26,0.8333333333333334,0.852264035469366,True,80889
TF-IDF Reverse,695,1000,156,130,0.13,0.8333333333333334,0.852264035469366,True,80889
User Activity,695,100,156,0,0.0,0.0,0.0,True,80889
User Activity,695,500,156,0,0.0,0.0,0.0,True,80889
User Activity,695,1000,156,0,0.0,0.0,0.0,True,80889
Random Reverse,695,100,156,0,0.0,0.0,0.0,True,80889
Random Reverse,695,500,156,0,0.0,0.0,0.0,True,80889
Random Reverse,695,1000,156,1,0.001,0.00641025641025641,0.003613873332057068,True,80889
TF-IDF Reverse,696,100,54,0,0.0,0.0,0.0,True,80889
TF-IDF Reverse,696,500,54,0,0.0,0.0,0.0,True,80889
TF-IDF Reverse,696,1000,54,2,0.002,0.037037037037037035,0.01582531995021895,True,80889
User Activity,696,100,54,0,0.0,0.0,0.0,True,80889
User Activity,696,500,54,0,0.0,0.0,0.0,True,80889
User Activity,696,1000,54,0,0.0,0.0,0.0,True,80889
Random Reverse,696,100,54,0,0.0,0.0,0.0,True,80889
Random Reverse,696,500,54,0,0.0,0.0,0.0,True,80889
Random Reverse,696,1000,54,0,0.0,0.0,0.0,True,80889
TF-IDF Reverse,700,100,22,0,0.0,0.0,0.0,True,80889
TF-IDF Reverse,700,500,22,0,0.0,0.0,0.0,True,80889
TF-IDF Reverse,700,1000,22,1,0.001,0.045454545454545456,0.013889050026290215,True,80889
User Activity,700,100,22,0,0.0,0.0,0.0,True,80889
User Activity,700,500,22,0,0.0,0.0,0.0,True,80889
User Activity,700,1000,22,0,0.0,0.0,0.0,True,80889
Random Reverse,700,100,22,0,0.0,0.0,0.0,True,80889
Random Reverse,700,500,22,0,0.0,0.0,0.0,True,80889
Random Reverse,700,1000,22,0,0.0,0.0,0.0,True,80889
TF-IDF Reverse,701,100,24,0,0.0,0.0,0.0,True,80889
TF-IDF Reverse,701,500,24,0,0.0,0.0,0.0,True,80889
TF-IDF Reverse,701,1000,24,3,0.003,0.125,0.039369934910885154,True,80889
User Activity,701,100,24,0,0.0,0.0,0.0,True,80889
User Activity,701,500,24,0,0.0,0.0,0.0,True,80889
User Activity,701,1000,24,0,0.0,0.0,0.0,True,80889
Random Reverse,701,100,24,0,0.0,0.0,0.0,True,80889
Random Reverse,701,500,24,0,0.0,0.0,0.0,True,80889
Random Reverse,701,1000,24,0,0.0,0.0,0.0,True,80889
TF-IDF Reverse,702,100,27,0,0.0,0.0,0.0,True,80889
TF-IDF Reverse,702,500,27,1,0.002,0.037037037037037035,0.01447113033406636,True,80889
TF-IDF Reverse,702,1000,27,1,0.001,0.037037037037037035,0.01447113033406636,True,80889
User Activity,702,100,27,0,0.0,0.0,0.0,True,80889
User Activity,702,500,27,0,0.0,0.0,0.0,True,80889
User Activity,702,1000,27,0,0.0,0.0,0.0,True,80889
Random Reverse,702,100,27,0,0.0,0.0,0.0,True,80889
Random Reverse,702,500,27,0,0.0,0.0,0.0,True,80889
Random Reverse,702,1000,27,1,0.001,0.037037037037037035,0.012129973565954308,True,80889
TF-IDF Reverse,703,100,16,0,0.0,0.0,0.0,True,80889
TF-IDF Reverse,703,500,16,0,0.0,0.0,0.0,True,80889
TF-IDF Reverse,703,1000,16,0,0.0,0.0,0.0,True,80889
User Activity,703,100,16,0,0.0,0.0,0.0,True,80889
User Activity,703,500,16,0,0.0,0.0,0.0,True,80889
User Activity,703,1000,16,0,0.0,0.0,0.0,True,80889
Random Reverse,703,100,16,0,0.0,0.0,0.0,True,80889
Random Reverse,703,500,16,0,0.0,0.0,0.0,True,80889
Random Reverse,703,1000,16,0,0.0,0.0,0.0,True,80889
TF-IDF Reverse,704,100,16,0,0.0,0.0,0.0,True,80889
TF-IDF Reverse,704,500,16,0,0.0,0.0,0.0,True,80889
TF-IDF Reverse,704,1000,16,1,0.001,0.0625,0.016907383259535707,True,80889
User Activity,704,100,16,0,0.0,0.0,0.0,True,80889
User Activity,704,500,16,0,0.0,0.0,0.0,True,80889
User Activity,704,1000,16,0,0.0,0.0,0.0,True,80889
Random Reverse,704,100,16,0,0.0,0.0,0.0,True,80889
Random Reverse,704,500,16,0,0.0,0.0,0.0,True,80889
Random Reverse,704,1000,16,0,0.0,0.0,0.0,True,80889
TF-IDF Reverse,705,100,28,0,0.0,0.0,0.0,True,80889
TF-IDF Reverse,705,500,28,0,0.0,0.0,0.0,True,80889
TF-IDF Reverse,705,1000,28,0,0.0,0.0,0.0,True,80889
User Activity,705,100,28,0,0.0,0.0,0.0,True,80889
User Activity,705,500,28,0,0.0,0.0,0.0,True,80889
User Activity,705,1000,28,0,0.0,0.0,0.0,True,80889
Random Reverse,705,100,28,1,0.01,0.03571428571428571,0.02160823695981271,True,80889
Random Reverse,705,500,28,1,0.002,0.03571428571428571,0.02160823695981271,True,80889
Random Reverse,705,1000,28,1,0.001,0.03571428571428571,0.02160823695981271,True,80889
TF-IDF Reverse,706,100,46,0,0.0,0.0,0.0,True,80889
TF-IDF Reverse,706,500,46,0,0.0,0.0,0.0,True,80889
TF-IDF Reverse,706,1000,46,0,0.0,0.0,0.0,True,80889
User Activity,706,100,46,0,0.0,0.0,0.0,True,80889
User Activity,706,500,46,0,0.0,0.0,0.0,True,80889
User Activity,706,1000,46,0,0.0,0.0,0.0,True,80889
Random Reverse,706,100,46,0,0.0,0.0,0.0,True,80889
Random Reverse,706,500,46,0,0.0,0.0,0.0,True,80889
Random Reverse,706,1000,46,0,0.0,0.0,0.0,True,80889
TF-IDF Reverse,707,100,28,0,0.0,0.0,0.0,True,80889
TF-IDF Reverse,707,500,28,2,0.004,0.07142857142857142,0.026291227661228492,True,80889
TF-IDF Reverse,707,1000,28,2,0.002,0.07142857142857142,0.026291227661228492,True,80889
User Activity,707,100,28,0,0.0,0.0,0.0,True,80889
User Activity,707,500,28,0,0.0,0.0,0.0,True,80889
User Activity,707,1000,28,0,0.0,0.0,0.0,True,80889
Random Reverse,707,100,28,0,0.0,0.0,0.0,True,80889
Random Reverse,707,500,28,1,0.002,0.03571428571428571,0.015541223076450209,True,80889
Random Reverse,707,1000,28,2,0.002,0.07142857142857142,0.02816492809945442,True,80889
TF-IDF Reverse,708,100,48,0,0.0,0.0,0.0,True,80889
TF-IDF Reverse,708,500,48,1,0.002,0.020833333333333332,0.01029749940215561,True,80889
TF-IDF Reverse,708,1000,48,2,0.002,0.041666666666666664,0.019007646981454785,True,80889
User Activity,708,100,48,0,0.0,0.0,0.0,True,80889
User Activity,708,500,48,0,0.0,0.0,0.0,True,80889
User Activity,708,1000,48,0,0.0,0.0,0.0,True,80889
Random Reverse,708,100,48,0,0.0,0.0,0.0,True,80889
Random Reverse,708,500,48,1,0.002,0.020833333333333332,0.010984358751687736,True,80889
Random Reverse,708,1000,48,1,0.001,0.020833333333333332,0.010984358751687736,True,80889
TF-IDF Reverse,709,100,12,0,0.0,0.0,0.0,True,80889
TF-IDF Reverse,709,500,12,0,0.0,0.0,0.0,True,80889
TF-IDF Reverse,709,1000,12,0,0.0,0.0,0.0,True,80889
User Activity,709,100,12,0,0.0,0.0,0.0,True,80889
User Activity,709,500,12,0,0.0,0.0,0.0,True,80889
User Activity,709,1000,12,0,0.0,0.0,0.0,True,80889
Random Reverse,709,100,12,0,0.0,0.0,0.0,True,80889
Random Reverse,709,500,12,0,0.0,0.0,0.0,True,80889
Random Reverse,709,1000,12,0,0.0,0.0,0.0,True,80889
TF-IDF Reverse,710,100,59,0,0.0,0.0,0.0,True,80889
TF-IDF Reverse,710,500,59,0,0.0,0.0,0.0,True,80889
TF-IDF Reverse,710,1000,59,0,0.0,0.0,0.0,True,80889
User Activity,710,100,59,0,0.0,0.0,0.0,True,80889
User Activity,710,500,59,0,0.0,0.0,0.0,True,80889
User Activity,710,1000,59,0,0.0,0.0,0.0,True,80889
Random Reverse,710,100,59,0,0.0,0.0,0.0,True,80889
Random Reverse,710,500,59,0,0.0,0.0,0.0,True,80889
Random Reverse,710,1000,59,1,0.001,0.01694915254237288,0.006966489638033171,True,80889
TF-IDF Reverse,711,100,18,0,0.0,0.0,0.0,True,80889
TF-IDF Reverse,711,500,18,0,0.0,0.0,0.0,True,80889
TF-IDF Reverse,711,1000,18,0,0.0,0.0,0.0,True,80889
User Activity,711,100,18,0,0.0,0.0,0.0,True,80889
User Activity,711,500,18,0,0.0,0.0,0.0,True,80889
User Activity,711,1000,18,0,0.0,0.0,0.0,True,80889
Random Reverse,711,100,18,0,0.0,0.0,0.0,True,80889
Random Reverse,711,500,18,0,0.0,0.0,0.0,True,80889
Random Reverse,711,1000,18,0,0.0,0.0,0.0,True,80889
TF-IDF Reverse,712,100,38,0,0.0,0.0,0.0,True,80889
TF-IDF Reverse,712,500,38,2,0.004,0.05263157894736842,0.0233973367457164,True,80889
TF-IDF Reverse,712,1000,38,3,0.003,0.07894736842105263,0.03279804735169992,True,80889
User Activity,712,100,38,0,0.0,0.0,0.0,True,80889
User Activity,712,500,38,0,0.0,0.0,0.0,True,80889
User Activity,712,1000,38,0,0.0,0.0,0.0,True,80889
Random Reverse,712,100,38,0,0.0,0.0,0.0,True,80889
Random Reverse,712,500,38,0,0.0,0.0,0.0,True,80889
Random Reverse,712,1000,38,0,0.0,0.0,0.0,True,80889
TF-IDF Reverse,713,100,15,0,0.0,0.0,0.0,True,80889
TF-IDF Reverse,713,500,15,0,0.0,0.0,0.0,True,80889
TF-IDF Reverse,713,1000,15,0,0.0,0.0,0.0,True,80889
User Activity,713,100,15,0,0.0,0.0,0.0,True,80889
User Activity,713,500,15,0,0.0,0.0,0.0,True,80889
User Activity,713,1000,15,0,0.0,0.0,0.0,True,80889
Random Reverse,713,100,15,0,0.0,0.0,0.0,True,80889
Random Reverse,713,500,15,0,0.0,0.0,0.0,True,80889
Random Reverse,713,1000,15,0,0.0,0.0,0.0,True,80889
TF-IDF Reverse,716,100,39,0,0.0,0.0,0.0,True,80889
TF-IDF Reverse,716,500,39,0,0.0,0.0,0.0,True,80889
TF-IDF Reverse,716,1000,39,1,0.001,0.02564102564102564,0.009936945259833758,True,80889
User Activity,716,100,39,0,0.0,0.0,0.0,True,80889
User Activity,716,500,39,0,0.0,0.0,0.0,True,80889
User Activity,716,1000,39,0,0.0,0.0,0.0,True,80889
Random Reverse,716,100,39,0,0.0,0.0,0.0,True,80889
Random Reverse,716,500,39,0,0.0,0.0,0.0,True,80889
Random Reverse,716,1000,39,0,0.0,0.0,0.0,True,80889
TF-IDF Reverse,717,100,23,0,0.0,0.0,0.0,True,80889
TF-IDF Reverse,717,500,23,0,0.0,0.0,0.0,True,80889
TF-IDF Reverse,717,1000,23,0,0.0,0.0,0.0,True,80889
User Activity,717,100,23,0,0.0,0.0,0.0,True,80889
User Activity,717,500,23,0,0.0,0.0,0.0,True,80889
User Activity,717,1000,23,0,0.0,0.0,0.0,True,80889
Random Reverse,717,100,23,0,0.0,0.0,0.0,True,80889
Random Reverse,717,500,23,0,0.0,0.0,0.0,True,80889
Random Reverse,717,1000,23,0,0.0,0.0,0.0,True,80889
TF-IDF Reverse,720,100,27,0,0.0,0.0,0.0,True,80889
TF-IDF Reverse,720,500,27,0,0.0,0.0,0.0,True,80889
TF-IDF Reverse,720,1000,27,0,0.0,0.0,0.0,True,80889
User Activity,720,100,27,0,0.0,0.0,0.0,True,80889
User Activity,720,500,27,0,0.0,0.0,0.0,True,80889
User Activity,720,1000,27,0,0.0,0.0,0.0,True,80889
Random Reverse,720,100,27,0,0.0,0.0,0.0,True,80889
Random Reverse,720,500,27,0,0.0,0.0,0.0,True,80889
Random Reverse,720,1000,27,0,0.0,0.0,0.0,True,80889
TF-IDF Reverse,721,100,28,0,0.0,0.0,0.0,True,80889
TF-IDF Reverse,721,500,28,0,0.0,0.0,0.0,True,80889
TF-IDF Reverse,721,1000,28,0,0.0,0.0,0.0,True,80889
User Activity,721,100,28,0,0.0,0.0,0.0,True,80889
User Activity,721,500,28,0,0.0,0.0,0.0,True,80889
User Activity,721,1000,28,0,0.0,0.0,0.0,True,80889
Random Reverse,721,100,28,0,0.0,0.0,0.0,True,80889
Random Reverse,721,500,28,0,0.0,0.0,0.0,True,80889
Random Reverse,721,1000,28,0,0.0,0.0,0.0,True,80889
TF-IDF Reverse,722,100,14,0,0.0,0.0,0.0,True,80889
TF-IDF Reverse,722,500,14,1,0.002,0.07142857142857142,0.021894363765163953,True,80889
TF-IDF Reverse,722,1000,14,1,0.001,0.07142857142857142,0.021894363765163953,True,80889
User Activity,722,100,14,0,0.0,0.0,0.0,True,80889
User Activity,722,500,14,0,0.0,0.0,0.0,True,80889
User Activity,722,1000,14,0,0.0,0.0,0.0,True,80889
Random Reverse,722,100,14,0,0.0,0.0,0.0,True,80889
Random Reverse,722,500,14,0,0.0,0.0,0.0,True,80889
Random Reverse,722,1000,14,0,0.0,0.0,0.0,True,80889
TF-IDF Reverse,724,100,11,0,0.0,0.0,0.0,True,80889
TF-IDF Reverse,724,500,11,0,0.0,0.0,0.0,True,80889
TF-IDF Reverse,724,1000,11,1,0.001,0.09090909090909091,0.02246303331437352,True,80889
User Activity,724,100,11,0,0.0,0.0,0.0,True,80889
User Activity,724,500,11,0,0.0,0.0,0.0,True,80889
User Activity,724,1000,11,0,0.0,0.0,0.0,True,80889
Random Reverse,724,100,11,0,0.0,0.0,0.0,True,80889
Random Reverse,724,500,11,0,0.0,0.0,0.0,True,80889
Random Reverse,724,1000,11,0,0.0,0.0,0.0,True,80889
TF-IDF Reverse,725,100,24,0,0.0,0.0,0.0,True,80889
TF-IDF Reverse,725,500,24,1,0.002,0.041666666666666664,0.014479626562770595,True,80889
TF-IDF Reverse,725,1000,24,1,0.001,0.041666666666666664,0.014479626562770595,True,80889
User Activity,725,100,24,0,0.0,0.0,0.0,True,80889
User Activity,725,500,24,0,0.0,0.0,0.0,True,80889
User Activity,725,1000,24,0,0.0,0.0,0.0,True,80889
Random Reverse,725,100,24,0,0.0,0.0,0.0,True,80889
Random Reverse,725,500,24,0,0.0,0.0,0.0,True,80889
Random Reverse,725,1000,24,0,0.0,0.0,0.0,True,80889
TF-IDF Reverse,726,100,5,0,0.0,0.0,0.0,True,80889
TF-IDF Reverse,726,500,5,0,0.0,0.0,0.0,True,80889
TF-IDF Reverse,726,1000,5,0,0.0,0.0,0.0,True,80889
User Activity,726,100,5,0,0.0,0.0,0.0,True,80889
User Activity,726,500,5,0,0.0,0.0,0.0,True,80889
User Activity,726,1000,5,0,0.0,0.0,0.0,True,80889
Random Reverse,726,100,5,0,0.0,0.0,0.0,True,80889
Random Reverse,726,500,5,0,0.0,0.0,0.0,True,80889
Random Reverse,726,1000,5,0,0.0,0.0,0.0,True,80889
TF-IDF Reverse,727,100,21,0,0.0,0.0,0.0,True,80889
TF-IDF Reverse,727,500,21,0,0.0,0.0,0.0,True,80889
TF-IDF Reverse,727,1000,21,0,0.0,0.0,0.0,True,80889
User Activity,727,100,21,0,0.0,0.0,0.0,True,80889
User Activity,727,500,21,0,0.0,0.0,0.0,True,80889
User Activity,727,1000,21,0,0.0,0.0,0.0,True,80889
Random Reverse,727,100,21,0,0.0,0.0,0.0,True,80889
Random Reverse,727,500,21,0,0.0,0.0,0.0,True,80889
Random Reverse,727,1000,21,0,0.0,0.0,0.0,True,80889
TF-IDF Reverse,728,100,54,0,0.0,0.0,0.0,True,80889
TF-IDF Reverse,728,500,54,3,0.006,0.05555555555555555,0.026980302418420633,True,80889
TF-IDF Reverse,728,1000,54,3,0.003,0.05555555555555555,0.026980302418420633,True,80889
User Activity,728,100,54,0,0.0,0.0,0.0,True,80889
User Activity,728,500,54,0,0.0,0.0,0.0,True,80889
User Activity,728,1000,54,1,0.001,0.018518518518518517,0.00816560708480255,True,80889
Random Reverse,728,100,54,0,0.0,0.0,0.0,True,80889
Random Reverse,728,500,54,0,0.0,0.0,0.0,True,80889
Random Reverse,728,1000,54,1,0.001,0.018518518518518517,0.007890995063527835,True,80889
TF-IDF Reverse,729,100,103,5,0.05,0.04854368932038835,0.05755352442528276,True,80889
TF-IDF Reverse,729,500,103,5,0.01,0.04854368932038835,0.05634615067845759,True,80889
TF-IDF Reverse,729,1000,103,5,0.005,0.04854368932038835,0.05634615067845759,True,80889
User Activity,729,100,103,0,0.0,0.0,0.0,True,80889
User Activity,729,500,103,0,0.0,0.0,0.0,True,80889
User Activity,729,1000,103,0,0.0,0.0,0.0,True,80889
Random Reverse,729,100,103,0,0.0,0.0,0.0,True,80889
Random Reverse,729,500,103,0,0.0,0.0,0.0,True,80889
Random Reverse,729,1000,103,0,0.0,0.0,0.0,True,80889
TF-IDF Reverse,730,100,24,6,0.06,0.25,0.1751856388215055,True,80889
TF-IDF Reverse,730,500,24,6,0.012,0.25,0.1751856388215055,True,80889
TF-IDF Reverse,730,1000,24,7,0.007,0.2916666666666667,0.18798532192691134,True,80889
User Activity,730,100,24,0,0.0,0.0,0.0,True,80889
User Activity,730,500,24,0,0.0,0.0,0.0,True,80889
User Activity,730,1000,24,0,0.0,0.0,0.0,True,80889
Random Reverse,730,100,24,0,0.0,0.0,0.0,True,80889
Random Reverse,730,500,24,0,0.0,0.0,0.0,True,80889
Random Reverse,730,1000,24,1,0.001,0.041666666666666664,0.013146481571473266,True,80889
TF-IDF Reverse,731,100,843,0,0.0,0.0,0.0,True,80889
TF-IDF Reverse,731,500,843,25,0.05,0.02965599051008304,0.04382015821050886,True,80889
TF-IDF Reverse,731,1000,843,40,0.04,0.04744958481613286,0.04387327918973993,True,80889
User Activity,731,100,843,0,0.0,0.0,0.0,True,80889
User Activity,731,500,843,1,0.002,0.0011862396204033216,0.0015928550921896017,True,80889
User Activity,731,1000,843,5,0.005,0.005931198102016607,0.005058767260131408,True,80889
Random Reverse,731,100,843,2,0.02,0.002372479240806643,0.019630891293168595,True,80889
Random Reverse,731,500,843,6,0.012,0.0071174377224199285,0.012749524236550578,True,80889
Random Reverse,731,1000,843,13,0.013,0.01542111506524318,0.015299826674881844,True,80889
TF-IDF Reverse,733,100,27,0,0.0,0.0,0.0,True,80889
TF-IDF Reverse,733,500,27,0,0.0,0.0,0.0,True,80889
TF-IDF Reverse,733,1000,27,0,0.0,0.0,0.0,True,80889
User Activity,733,100,27,0,0.0,0.0,0.0,True,80889
User Activity,733,500,27,0,0.0,0.0,0.0,True,80889
User Activity,733,1000,27,0,0.0,0.0,0.0,True,80889
Random Reverse,733,100,27,0,0.0,0.0,0.0,True,80889
Random Reverse,733,500,27,0,0.0,0.0,0.0,True,80889
Random Reverse,733,1000,27,0,0.0,0.0,0.0,True,80889
TF-IDF Reverse,735,100,6,0,0.0,0.0,0.0,True,80889
TF-IDF Reverse,735,500,6,0,0.0,0.0,0.0,True,80889
TF-IDF Reverse,735,1000,6,0,0.0,0.0,0.0,True,80889
User Activity,735,100,6,0,0.0,0.0,0.0,True,80889
User Activity,735,500,6,0,0.0,0.0,0.0,True,80889
User Activity,735,1000,6,0,0.0,0.0,0.0,True,80889
Random Reverse,735,100,6,0,0.0,0.0,0.0,True,80889
Random Reverse,735,500,6,0,0.0,0.0,0.0,True,80889
Random Reverse,735,1000,6,0,0.0,0.0,0.0,True,80889
TF-IDF Reverse,736,100,30,1,0.01,0.03333333333333333,0.01855483409583601,True,80889
TF-IDF Reverse,736,500,30,1,0.002,0.03333333333333333,0.01855483409583601,True,80889
TF-IDF Reverse,736,1000,30,1,0.001,0.03333333333333333,0.01855483409583601,True,80889
User Activity,736,100,30,0,0.0,0.0,0.0,True,80889
User Activity,736,500,30,0,0.0,0.0,0.0,True,80889
User Activity,736,1000,30,0,0.0,0.0,0.0,True,80889
Random Reverse,736,100,30,0,0.0,0.0,0.0,True,80889
Random Reverse,736,500,30,0,0.0,0.0,0.0,True,80889
Random Reverse,736,1000,30,0,0.0,0.0,0.0,True,80889
TF-IDF Reverse,740,100,7,0,0.0,0.0,0.0,True,80889
TF-IDF Reverse,740,500,7,0,0.0,0.0,0.0,True,80889
TF-IDF Reverse,740,1000,7,0,0.0,0.0,0.0,True,80889
User Activity,740,100,7,0,0.0,0.0,0.0,True,80889
User Activity,740,500,7,0,0.0,0.0,0.0,True,80889
User Activity,740,1000,7,0,0.0,0.0,0.0,True,80889
Random Reverse,740,100,7,0,0.0,0.0,0.0,True,80889
Random Reverse,740,500,7,0,0.0,0.0,0.0,True,80889
Random Reverse,740,1000,7,0,0.0,0.0,0.0,True,80889
TF-IDF Reverse,743,100,255,2,0.02,0.00784313725490196,0.019112588132183105,True,80889
TF-IDF Reverse,743,500,255,10,0.02,0.0392156862745098,0.033437194556801095,True,80889
TF-IDF Reverse,743,1000,255,27,0.027,0.10588235294117647,0.07593118418775054,True,80889
User Activity,743,100,255,0,0.0,0.0,0.0,True,80889
User Activity,743,500,255,0,0.0,0.0,0.0,True,80889
User Activity,743,1000,255,0,0.0,0.0,0.0,True,80889
Random Reverse,743,100,255,0,0.0,0.0,0.0,True,80889
Random Reverse,743,500,255,0,0.0,0.0,0.0,True,80889
Random Reverse,743,1000,255,1,0.001,0.00392156862745098,0.002405036361891599,True,80889
TF-IDF Reverse,744,100,57,13,0.13,0.22807017543859648,0.15355391830405968,True,80889
TF-IDF Reverse,744,500,57,18,0.036,0.3157894736842105,0.2018604398695485,True,80889
TF-IDF Reverse,744,1000,57,18,0.018,0.3157894736842105,0.2018604398695485,True,80889
User Activity,744,100,57,0,0.0,0.0,0.0,True,80889
User Activity,744,500,57,0,0.0,0.0,0.0,True,80889
User Activity,744,1000,57,0,0.0,0.0,0.0,True,80889
Random Reverse,744,100,57,0,0.0,0.0,0.0,True,80889
Random Reverse,744,500,57,1,0.002,0.017543859649122806,0.008613344092577453,True,80889
Random Reverse,744,1000,57,1,0.001,0.017543859649122806,0.008613344092577453,True,80889
TF-IDF Reverse,747,100,20,2,0.02,0.1,0.07332962784322053,True,80889
TF-IDF Reverse,747,500,20,3,0.006,0.15,0.09407906120395737,True,80889
TF-IDF Reverse,747,1000,20,3,0.003,0.15,0.09407906120395737,True,80889
User Activity,747,100,20,0,0.0,0.0,0.0,True,80889
User Activity,747,500,20,0,0.0,0.0,0.0,True,80889
User Activity,747,1000,20,0,0.0,0.0,0.0,True,80889
Random Reverse,747,100,20,0,0.0,0.0,0.0,True,80889
Random Reverse,747,500,20,0,0.0,0.0,0.0,True,80889
Random Reverse,747,1000,20,2,0.002,0.1,0.03021274720319374,True,80889
TF-IDF Reverse,748,100,43,0,0.0,0.0,0.0,True,80889
TF-IDF Reverse,748,500,43,0,0.0,0.0,0.0,True,80889
TF-IDF Reverse,748,1000,43,0,0.0,0.0,0.0,True,80889
User Activity,748,100,43,0,0.0,0.0,0.0,True,80889
User Activity,748,500,43,0,0.0,0.0,0.0,True,80889
User Activity,748,1000,43,0,0.0,0.0,0.0,True,80889
Random Reverse,748,100,43,0,0.0,0.0,0.0,True,80889
Random Reverse,748,500,43,0,0.0,0.0,0.0,True,80889
Random Reverse,748,1000,43,0,0.0,0.0,0.0,True,80889
TF-IDF Reverse,749,100,86,2,0.02,0.023255813953488372,0.02105413066521914,True,80889
TF-IDF Reverse,749,500,86,4,0.008,0.046511627906976744,0.03327932301520951,True,80889
TF-IDF Reverse,749,1000,86,4,0.004,0.046511627906976744,0.03327932301520951,True,80889
User Activity,749,100,86,0,0.0,0.0,0.0,True,80889
User Activity,749,500,86,0,0.0,0.0,0.0,True,80889
User Activity,749,1000,86,0,0.0,0.0,0.0,True,80889
Random Reverse,749,100,86,0,0.0,0.0,0.0,True,80889
Random Reverse,749,500,86,1,0.002,0.011627906976744186,0.007144803708595701,True,80889
Random Reverse,749,1000,86,2,0.002,0.023255813953488372,0.012562663479256915,True,80889
TF-IDF Reverse,750,100,9,0,0.0,0.0,0.0,True,80889
TF-IDF Reverse,750,500,9,0,0.0,0.0,0.0,True,80889
TF-IDF Reverse,750,1000,9,0,0.0,0.0,0.0,True,80889
User Activity,750,100,9,0,0.0,0.0,0.0,True,80889
User Activity,750,500,9,0,0.0,0.0,0.0,True,80889
User Activity,750,1000,9,0,0.0,0.0,0.0,True,80889
Random Reverse,750,100,9,0,0.0,0.0,0.0,True,80889
Random Reverse,750,500,9,0,0.0,0.0,0.0,True,80889
Random Reverse,750,1000,9,0,0.0,0.0,0.0,True,80889
TF-IDF Reverse,751,100,6,0,0.0,0.0,0.0,True,80889
TF-IDF Reverse,751,500,6,0,0.0,0.0,0.0,True,80889
TF-IDF Reverse,751,1000,6,1,0.001,0.16666666666666666,0.032017316079203224,True,80889
User Activity,751,100,6,0,0.0,0.0,0.0,True,80889
User Activity,751,500,6,0,0.0,0.0,0.0,True,80889
User Activity,751,1000,6,0,0.0,0.0,0.0,True,80889
Random Reverse,751,100,6,0,0.0,0.0,0.0,True,80889
Random Reverse,751,500,6,0,0.0,0.0,0.0,True,80889
Random Reverse,751,1000,6,0,0.0,0.0,0.0,True,80889
TF-IDF Reverse,752,100,11,0,0.0,0.0,0.0,True,80889
TF-IDF Reverse,752,500,11,0,0.0,0.0,0.0,True,80889
TF-IDF Reverse,752,1000,11,0,0.0,0.0,0.0,True,80889
User Activity,752,100,11,0,0.0,0.0,0.0,True,80889
User Activity,752,500,11,0,0.0,0.0,0.0,True,80889
User Activity,752,1000,11,0,0.0,0.0,0.0,True,80889
Random Reverse,752,100,11,0,0.0,0.0,0.0,True,80889
Random Reverse,752,500,11,0,0.0,0.0,0.0,True,80889
Random Reverse,752,1000,11,0,0.0,0.0,0.0,True,80889
TF-IDF Reverse,753,100,63,0,0.0,0.0,0.0,True,80889
TF-IDF Reverse,753,500,63,1,0.002,0.015873015873015872,0.00804747324760968,True,80889
TF-IDF Reverse,753,1000,63,2,0.002,0.031746031746031744,0.01477315665750909,True,80889
User Activity,753,100,63,0,0.0,0.0,0.0,True,80889
User Activity,753,500,63,0,0.0,0.0,0.0,True,80889
User Activity,753,1000,63,0,0.0,0.0,0.0,True,80889
Random Reverse,753,100,63,0,0.0,0.0,0.0,True,80889
Random Reverse,753,500,63,0,0.0,0.0,0.0,True,80889
Random Reverse,753,1000,63,0,0.0,0.0,0.0,True,80889
TF-IDF Reverse,754,100,16,0,0.0,0.0,0.0,True,80889
TF-IDF Reverse,754,500,16,0,0.0,0.0,0.0,True,80889
TF-IDF Reverse,754,1000,16,0,0.0,0.0,0.0,True,80889
User Activity,754,100,16,0,0.0,0.0,0.0,True,80889
User Activity,754,500,16,0,0.0,0.0,0.0,True,80889
User Activity,754,1000,16,0,0.0,0.0,0.0,True,80889
Random Reverse,754,100,16,1,0.01,0.0625,0.02690338834547087,True,80889
Random Reverse,754,500,16,1,0.002,0.0625,0.02690338834547087,True,80889
Random Reverse,754,1000,16,1,0.001,0.0625,0.02690338834547087,True,80889
TF-IDF Reverse,755,100,68,0,0.0,0.0,0.0,True,80889
TF-IDF Reverse,755,500,68,0,0.0,0.0,0.0,True,80889
TF-IDF Reverse,755,1000,68,0,0.0,0.0,0.0,True,80889
User Activity,755,100,68,0,0.0,0.0,0.0,True,80889
User Activity,755,500,68,0,0.0,0.0,0.0,True,80889
User Activity,755,1000,68,0,0.0,0.0,0.0,True,80889
Random Reverse,755,100,68,0,0.0,0.0,0.0,True,80889
Random Reverse,755,500,68,0,0.0,0.0,0.0,True,80889
Random Reverse,755,1000,68,0,0.0,0.0,0.0,True,80889
TF-IDF Reverse,756,100,43,1,0.01,0.023255813953488372,0.015140187723847107,True,80889
TF-IDF Reverse,756,500,43,1,0.002,0.023255813953488372,0.015140187723847107,True,80889
TF-IDF Reverse,756,1000,43,1,0.001,0.023255813953488372,0.015140187723847107,True,80889
User Activity,756,100,43,0,0.0,0.0,0.0,True,80889
User Activity,756,500,43,0,0.0,0.0,0.0,True,80889
User Activity,756,1000,43,0,0.0,0.0,0.0,True,80889
Random Reverse,756,100,43,0,0.0,0.0,0.0,True,80889
Random Reverse,756,500,43,0,0.0,0.0,0.0,True,80889
Random Reverse,756,1000,43,0,0.0,0.0,0.0,True,80889
TF-IDF Reverse,757,100,186,0,0.0,0.0,0.0,True,80889
TF-IDF Reverse,757,500,186,16,0.032,0.08602150537634409,0.05995703937864012,True,80889
TF-IDF Reverse,757,1000,186,18,0.018,0.0967741935483871,0.06632073059395012,True,80889
User Activity,757,100,186,0,0.0,0.0,0.0,True,80889
User Activity,757,500,186,0,0.0,0.0,0.0,True,80889
User Activity,757,1000,186,0,0.0,0.0,0.0,True,80889
Random Reverse,757,100,186,0,0.0,0.0,0.0,True,80889
Random Reverse,757,500,186,0,0.0,0.0,0.0,True,80889
Random Reverse,757,1000,186,2,0.002,0.010752688172043012,0.006389641050246877,True,80889
TF-IDF Reverse,758,100,25,0,0.0,0.0,0.0,True,80889
TF-IDF Reverse,758,500,25,4,0.008,0.16,0.06491440761146412,True,80889
TF-IDF Reverse,758,1000,25,7,0.007,0.28,0.10358881102620596,True,80889
User Activity,758,100,25,0,0.0,0.0,0.0,True,80889
User Activity,758,500,25,0,0.0,0.0,0.0,True,80889
User Activity,758,1000,25,0,0.0,0.0,0.0,True,80889
Random Reverse,758,100,25,0,0.0,0.0,0.0,True,80889
Random Reverse,758,500,25,0,0.0,0.0,0.0,True,80889
Random Reverse,758,1000,25,1,0.001,0.04,0.012881102292949755,True,80889
TF-IDF Reverse,759,100,33,0,0.0,0.0,0.0,True,80889
TF-IDF Reverse,759,500,33,0,0.0,0.0,0.0,True,80889
TF-IDF Reverse,759,1000,33,1,0.001,0.030303030303030304,0.010819103818972666,True,80889
User Activity,759,100,33,0,0.0,0.0,0.0,True,80889
User Activity,759,500,33,0,0.0,0.0,0.0,True,80889
User Activity,759,1000,33,0,0.0,0.0,0.0,True,80889
Random Reverse,759,100,33,0,0.0,0.0,0.0,True,80889
Random Reverse,759,500,33,0,0.0,0.0,0.0,True,80889
Random Reverse,759,1000,33,0,0.0,0.0,0.0,True,80889
TF-IDF Reverse,760,100,10,3,0.03,0.3,0.15827309040138984,True,80889
TF-IDF Reverse,760,500,10,4,0.008,0.4,0.18375663009055906,True,80889
TF-IDF Reverse,760,1000,10,4,0.004,0.4,0.18375663009055906,True,80889
User Activity,760,100,10,0,0.0,0.0,0.0,True,80889
User Activity,760,500,10,0,0.0,0.0,0.0,True,80889
User Activity,760,1000,10,0,0.0,0.0,0.0,True,80889
Random Reverse,760,100,10,0,0.0,0.0,0.0,True,80889
Random Reverse,760,500,10,0,0.0,0.0,0.0,True,80889
Random Reverse,760,1000,10,1,0.001,0.1,0.022308708360111437,True,80889
TF-IDF Reverse,761,100,10,0,0.0,0.0,0.0,True,80889
TF-IDF Reverse,761,500,10,0,0.0,0.0,0.0,True,80889
TF-IDF Reverse,761,1000,10,0,0.0,0.0,0.0,True,80889
User Activity,761,100,10,0,0.0,0.0,0.0,True,80889
User Activity,761,500,10,0,0.0,0.0,0.0,True,80889
User Activity,761,1000,10,0,0.0,0.0,0.0,True,80889
Random Reverse,761,100,10,0,0.0,0.0,0.0,True,80889
Random Reverse,761,500,10,0,0.0,0.0,0.0,True,80889
Random Reverse,761,1000,10,0,0.0,0.0,0.0,True,80889
TF-IDF Reverse,762,100,38,0,0.0,0.0,0.0,True,80889
TF-IDF Reverse,762,500,38,0,0.0,0.0,0.0,True,80889
TF-IDF Reverse,762,1000,38,0,0.0,0.0,0.0,True,80889
User Activity,762,100,38,0,0.0,0.0,0.0,True,80889
User Activity,762,500,38,0,0.0,0.0,0.0,True,80889
User Activity,762,1000,38,0,0.0,0.0,0.0,True,80889
Random Reverse,762,100,38,0,0.0,0.0,0.0,True,80889
Random Reverse,762,500,38,0,0.0,0.0,0.0,True,80889
Random Reverse,762,1000,38,2,0.002,0.05263157894736842,0.018948919180716006,True,80889
TF-IDF Reverse,764,100,10,1,0.01,0.1,0.03452398509346616,True,80889
TF-IDF Reverse,764,500,10,1,0.002,0.1,0.03452398509346616,True,80889
TF-IDF Reverse,764,1000,10,2,0.002,0.2,0.05898629206026503,True,80889
User Activity,764,100,10,0,0.0,0.0,0.0,True,80889
User Activity,764,500,10,0,0.0,0.0,0.0,True,80889
User Activity,764,1000,10,0,0.0,0.0,0.0,True,80889
Random Reverse,764,100,10,0,0.0,0.0,0.0,True,80889
Random Reverse,764,500,10,0,0.0,0.0,0.0,True,80889
Random Reverse,764,1000,10,1,0.001,0.1,0.02284339206570715,True,80889
TF-IDF Reverse,766,100,87,2,0.02,0.022988505747126436,0.01633396253117437,True,80889
TF-IDF Reverse,766,500,87,8,0.016,0.09195402298850575,0.05518840929318033,True,80889
TF-IDF Reverse,766,1000,87,12,0.012,0.13793103448275862,0.07720191427358844,True,80889
User Activity,766,100,87,0,0.0,0.0,0.0,True,80889
User Activity,766,500,87,1,0.002,0.011494252873563218,0.005913774405562737,True,80889
User Activity,766,1000,87,1,0.001,0.011494252873563218,0.005913774405562737,True,80889
Random Reverse,766,100,87,0,0.0,0.0,0.0,True,80889
Random Reverse,766,500,87,0,0.0,0.0,0.0,True,80889
Random Reverse,766,1000,87,2,0.002,0.022988505747126436,0.01095605208032283,True,80889
TF-IDF Reverse,768,100,10,1,0.01,0.1,0.03641254391291092,True,80889
TF-IDF Reverse,768,500,10,1,0.002,0.1,0.03641254391291092,True,80889
TF-IDF Reverse,768,1000,10,1,0.001,0.1,0.03641254391291092,True,80889
User Activity,768,100,10,0,0.0,0.0,0.0,True,80889
User Activity,768,500,10,0,0.0,0.0,0.0,True,80889
User Activity,768,1000,10,0,0.0,0.0,0.0,True,80889
Random Reverse,768,100,10,0,0.0,0.0,0.0,True,80889
Random Reverse,768,500,10,0,0.0,0.0,0.0,True,80889
Random Reverse,768,1000,10,0,0.0,0.0,0.0,True,80889
TF-IDF Reverse,771,100,25,0,0.0,0.0,0.0,True,80889
TF-IDF Reverse,771,500,25,0,0.0,0.0,0.0,True,80889
TF-IDF Reverse,771,1000,25,1,0.001,0.04,0.013154144830080629,True,80889
User Activity,771,100,25,0,0.0,0.0,0.0,True,80889
User Activity,771,500,25,0,0.0,0.0,0.0,True,80889
User Activity,771,1000,25,0,0.0,0.0,0.0,True,80889
Random Reverse,771,100,25,0,0.0,0.0,0.0,True,80889
Random Reverse,771,500,25,0,0.0,0.0,0.0,True,80889
Random Reverse,771,1000,25,0,0.0,0.0,0.0,True,80889
TF-IDF Reverse,772,100,46,1,0.01,0.021739130434782608,0.012702969708221736,True,80889
TF-IDF Reverse,772,500,46,14,0.028,0.30434782608695654,0.1435074127798799,True,80889
TF-IDF Reverse,772,1000,46,16,0.016,0.34782608695652173,0.16071000766453428,True,80889
User Activity,772,100,46,0,0.0,0.0,0.0,True,80889
User Activity,772,500,46,0,0.0,0.0,0.0,True,80889
User Activity,772,1000,46,0,0.0,0.0,0.0,True,80889
Random Reverse,772,100,46,0,0.0,0.0,0.0,True,80889
Random Reverse,772,500,46,1,0.002,0.021739130434782608,0.012147347258943822,True,80889
Random Reverse,772,1000,46,2,0.002,0.043478260869565216,0.020693058877361507,True,80889
TF-IDF Reverse,777,100,61,1,0.01,0.01639344262295082,0.016220348613332103,True,80889
TF-IDF Reverse,777,500,61,1,0.002,0.01639344262295082,0.016220348613332103,True,80889
TF-IDF Reverse,777,1000,61,1,0.001,0.01639344262295082,0.016220348613332103,True,80889
User Activity,777,100,61,0,0.0,0.0,0.0,True,80889
User Activity,777,500,61,0,0.0,0.0,0.0,True,80889
User Activity,777,1000,61,0,0.0,0.0,0.0,True,80889
Random Reverse,777,100,61,0,0.0,0.0,0.0,True,80889
Random Reverse,777,500,61,1,0.002,0.01639344262295082,0.008043107726646914,True,80889
Random Reverse,777,1000,61,1,0.001,0.01639344262295082,0.008043107726646914,True,80889
TF-IDF Reverse,778,100,27,0,0.0,0.0,0.0,True,80889
TF-IDF Reverse,778,500,27,0,0.0,0.0,0.0,True,80889
TF-IDF Reverse,778,1000,27,0,0.0,0.0,0.0,True,80889
User Activity,778,100,27,0,0.0,0.0,0.0,True,80889
User Activity,778,500,27,0,0.0,0.0,0.0,True,80889
User Activity,778,1000,27,0,0.0,0.0,0.0,True,80889
Random Reverse,778,100,27,0,0.0,0.0,0.0,True,80889
Random Reverse,778,500,27,0,0.0,0.0,0.0,True,80889
Random Reverse,778,1000,27,1,0.001,0.037037037037037035,0.011829192116316577,True,80889
TF-IDF Reverse,779,100,22,1,0.01,0.045454545454545456,0.03268292400479648,True,80889
TF-IDF Reverse,779,500,22,1,0.002,0.045454545454545456,0.03268292400479648,True,80889
TF-IDF Reverse,779,1000,22,2,0.002,0.09090909090909091,0.046796209116307386,True,80889
User Activity,779,100,22,0,0.0,0.0,0.0,True,80889
User Activity,779,500,22,0,0.0,0.0,0.0,True,80889
User Activity,779,1000,22,0,0.0,0.0,0.0,True,80889
Random Reverse,779,100,22,0,0.0,0.0,0.0,True,80889
Random Reverse,779,500,22,0,0.0,0.0,0.0,True,80889
Random Reverse,779,1000,22,0,0.0,0.0,0.0,True,80889
TF-IDF Reverse,780,100,203,26,0.26,0.12807881773399016,0.2507871083264672,True,80889
TF-IDF Reverse,780,500,203,66,0.132,0.3251231527093596,0.29620244897226106,True,80889
TF-IDF Reverse,780,1000,203,67,0.067,0.33004926108374383,0.29926041144897225,True,80889
User Activity,780,100,203,0,0.0,0.0,0.0,True,80889
User Activity,780,500,203,0,0.0,0.0,0.0,True,80889
User Activity,780,1000,203,0,0.0,0.0,0.0,True,80889
Random Reverse,780,100,203,1,0.01,0.0049261083743842365,0.008801362524641858,True,80889
Random Reverse,780,500,203,3,0.006,0.014778325123152709,0.01278164109879794,True,80889
Random Reverse,780,1000,203,3,0.003,0.014778325123152709,0.01278164109879794,True,80889
TF-IDF Reverse,783,100,21,0,0.0,0.0,0.0,True,80889
TF-IDF Reverse,783,500,21,0,0.0,0.0,0.0,True,80889
TF-IDF Reverse,783,1000,21,0,0.0,0.0,0.0,True,80889
User Activity,783,100,21,0,0.0,0.0,0.0,True,80889
User Activity,783,500,21,0,0.0,0.0,0.0,True,80889
User Activity,783,1000,21,0,0.0,0.0,0.0,True,80889
Random Reverse,783,100,21,0,0.0,0.0,0.0,True,80889
Random Reverse,783,500,21,0,0.0,0.0,0.0,True,80889
Random Reverse,783,1000,21,0,0.0,0.0,0.0,True,80889
TF-IDF Reverse,784,100,67,3,0.03,0.04477611940298507,0.04702726139520012,True,80889
TF-IDF Reverse,784,500,67,4,0.008,0.05970149253731343,0.05434683047852164,True,80889
TF-IDF Reverse,784,1000,67,8,0.008,0.11940298507462686,0.08096649718955275,True,80889
User Activity,784,100,67,0,0.0,0.0,0.0,True,80889
User Activity,784,500,67,0,0.0,0.0,0.0,True,80889
User Activity,784,1000,67,0,0.0,0.0,0.0,True,80889
Random Reverse,784,100,67,0,0.0,0.0,0.0,True,80889
Random Reverse,784,500,67,0,0.0,0.0,0.0,True,80889
Random Reverse,784,1000,67,0,0.0,0.0,0.0,True,80889
TF-IDF Reverse,785,100,11,1,0.01,0.09090909090909091,0.03510497199132631,True,80889
TF-IDF Reverse,785,500,11,1,0.002,0.09090909090909091,0.03510497199132631,True,80889
TF-IDF Reverse,785,1000,11,1,0.001,0.09090909090909091,0.03510497199132631,True,80889
User Activity,785,100,11,0,0.0,0.0,0.0,True,80889
User Activity,785,500,11,0,0.0,0.0,0.0,True,80889
User Activity,785,1000,11,0,0.0,0.0,0.0,True,80889
Random Reverse,785,100,11,0,0.0,0.0,0.0,True,80889
Random Reverse,785,500,11,0,0.0,0.0,0.0,True,80889
Random Reverse,785,1000,11,1,0.001,0.09090909090909091,0.021841624830220847,True,80889
TF-IDF Reverse,786,100,34,0,0.0,0.0,0.0,True,80889
TF-IDF Reverse,786,500,34,0,0.0,0.0,0.0,True,80889
TF-IDF Reverse,786,1000,34,0,0.0,0.0,0.0,True,80889
User Activity,786,100,34,0,0.0,0.0,0.0,True,80889
User Activity,786,500,34,0,0.0,0.0,0.0,True,80889
User Activity,786,1000,34,0,0.0,0.0,0.0,True,80889
Random Reverse,786,100,34,0,0.0,0.0,0.0,True,80889
Random Reverse,786,500,34,0,0.0,0.0,0.0,True,80889
Random Reverse,786,1000,34,0,0.0,0.0,0.0,True,80889
TF-IDF Reverse,787,100,5,0,0.0,0.0,0.0,True,80889
TF-IDF Reverse,787,500,5,0,0.0,0.0,0.0,True,80889
TF-IDF Reverse,787,1000,5,0,0.0,0.0,0.0,True,80889
User Activity,787,100,5,0,0.0,0.0,0.0,True,80889
User Activity,787,500,5,0,0.0,0.0,0.0,True,80889
User Activity,787,1000,5,0,0.0,0.0,0.0,True,80889
Random Reverse,787,100,5,0,0.0,0.0,0.0,True,80889
Random Reverse,787,500,5,0,0.0,0.0,0.0,True,80889
Random Reverse,787,1000,5,0,0.0,0.0,0.0,True,80889
TF-IDF Reverse,788,100,5,0,0.0,0.0,0.0,True,80889
TF-IDF Reverse,788,500,5,0,0.0,0.0,0.0,True,80889
TF-IDF Reverse,788,1000,5,0,0.0,0.0,0.0,True,80889
User Activity,788,100,5,0,0.0,0.0,0.0,True,80889
User Activity,788,500,5,0,0.0,0.0,0.0,True,80889
User Activity,788,1000,5,0,0.0,0.0,0.0,True,80889
Random Reverse,788,100,5,0,0.0,0.0,0.0,True,80889
Random Reverse,788,500,5,0,0.0,0.0,0.0,True,80889
Random Reverse,788,1000,5,0,0.0,0.0,0.0,True,80889
TF-IDF Reverse,789,100,8,0,0.0,0.0,0.0,True,80889
TF-IDF Reverse,789,500,8,1,0.002,0.125,0.032759934380536,True,80889
TF-IDF Reverse,789,1000,8,1,0.001,0.125,0.032759934380536,True,80889
User Activity,789,100,8,0,0.0,0.0,0.0,True,80889
User Activity,789,500,8,0,0.0,0.0,0.0,True,80889
User Activity,789,1000,8,0,0.0,0.0,0.0,True,80889
Random Reverse,789,100,8,0,0.0,0.0,0.0,True,80889
Random Reverse,789,500,8,0,0.0,0.0,0.0,True,80889
Random Reverse,789,1000,8,0,0.0,0.0,0.0,True,80889
TF-IDF Reverse,790,100,27,0,0.0,0.0,0.0,True,80889
TF-IDF Reverse,790,500,27,1,0.002,0.037037037037037035,0.015993395883940213,True,80889
TF-IDF Reverse,790,1000,27,1,0.001,0.037037037037037035,0.015993395883940213,True,80889
User Activity,790,100,27,0,0.0,0.0,0.0,True,80889
User Activity,790,500,27,0,0.0,0.0,0.0,True,80889
User Activity,790,1000,27,0,0.0,0.0,0.0,True,80889
Random Reverse,790,100,27,0,0.0,0.0,0.0,True,80889
Random Reverse,790,500,27,0,0.0,0.0,0.0,True,80889
Random Reverse,790,1000,27,0,0.0,0.0,0.0,True,80889
TF-IDF Reverse,794,100,16,0,0.0,0.0,0.0,True,80889
TF-IDF Reverse,794,500,16,0,0.0,0.0,0.0,True,80889
TF-IDF Reverse,794,1000,16,1,0.001,0.0625,0.017835585202900767,True,80889
User Activity,794,100,16,0,0.0,0.0,0.0,True,80889
User Activity,794,500,16,0,0.0,0.0,0.0,True,80889
User Activity,794,1000,16,1,0.001,0.0625,0.016783114431080146,True,80889
Random Reverse,794,100,16,0,0.0,0.0,0.0,True,80889
Random Reverse,794,500,16,0,0.0,0.0,0.0,True,80889
Random Reverse,794,1000,16,0,0.0,0.0,0.0,True,80889
TF-IDF Reverse,795,100,20,0,0.0,0.0,0.0,True,80889
TF-IDF Reverse,795,500,20,0,0.0,0.0,0.0,True,80889
TF-IDF Reverse,795,1000,20,0,0.0,0.0,0.0,True,80889
User Activity,795,100,20,0,0.0,0.0,0.0,True,80889
User Activity,795,500,20,0,0.0,0.0,0.0,True,80889
User Activity,795,1000,20,0,0.0,0.0,0.0,True,80889
Random Reverse,795,100,20,0,0.0,0.0,0.0,True,80889
Random Reverse,795,500,20,0,0.0,0.0,0.0,True,80889
Random Reverse,795,1000,20,0,0.0,0.0,0.0,True,80889
TF-IDF Reverse,796,100,124,0,0.0,0.0,0.0,True,80889
TF-IDF Reverse,796,500,124,0,0.0,0.0,0.0,True,80889
TF-IDF Reverse,796,1000,124,0,0.0,0.0,0.0,True,80889
User Activity,796,100,124,0,0.0,0.0,0.0,True,80889
User Activity,796,500,124,0,0.0,0.0,0.0,True,80889
User Activity,796,1000,124,1,0.001,0.008064516129032258,0.0041590812552525945,True,80889
Random Reverse,796,100,124,0,0.0,0.0,0.0,True,80889
Random Reverse,796,500,124,3,0.006,0.024193548387096774,0.015295592264279685,True,80889
Random Reverse,796,1000,124,5,0.005,0.04032258064516129,0.02417778062560931,True,80889
TF-IDF Reverse,797,100,109,0,0.0,0.0,0.0,True,80889
TF-IDF Reverse,797,500,109,17,0.034,0.1559633027522936,0.0933729890313442,True,80889
TF-IDF Reverse,797,1000,109,19,0.019,0.1743119266055046,0.10279815631327417,True,80889
User Activity,797,100,109,0,0.0,0.0,0.0,True,80889
User Activity,797,500,109,0,0.0,0.0,0.0,True,80889
User Activity,797,1000,109,0,0.0,0.0,0.0,True,80889
Random Reverse,797,100,109,0,0.0,0.0,0.0,True,80889
Random Reverse,797,500,109,2,0.004,0.01834862385321101,0.011558201791005019,True,80889
Random Reverse,797,1000,109,3,0.003,0.027522935779816515,0.01610265620588214,True,80889
TF-IDF Reverse,798,100,333,0,0.0,0.0,0.0,True,80889
TF-IDF Reverse,798,500,333,2,0.004,0.006006006006006006,0.0046610275804954675,True,80889
TF-IDF Reverse,798,1000,333,2,0.002,0.006006006006006006,0.0046610275804954675,True,80889
User Activity,798,100,333,0,0.0,0.0,0.0,True,80889
User Activity,798,500,333,0,0.0,0.0,0.0,True,80889
User Activity,798,1000,333,0,0.0,0.0,0.0,True,80889
Random Reverse,798,100,333,1,0.01,0.003003003003003003,0.007554423673284582,True,80889
Random Reverse,798,500,333,1,0.002,0.003003003003003003,0.0030804792341359243,True,80889
Random Reverse,798,1000,333,4,0.004,0.012012012012012012,0.009259367659291895,True,80889
TF-IDF Reverse,799,100,51,0,0.0,0.0,0.0,True,80889
TF-IDF Reverse,799,500,51,0,0.0,0.0,0.0,True,80889
TF-IDF Reverse,799,1000,51,1,0.001,0.0196078431372549,0.008288451181651378,True,80889
User Activity,799,100,51,0,0.0,0.0,0.0,True,80889
User Activity,799,500,51,0,0.0,0.0,0.0,True,80889
User Activity,799,1000,51,0,0.0,0.0,0.0,True,80889
Random Reverse,799,100,51,0,0.0,0.0,0.0,True,80889
Random Reverse,799,500,51,0,0.0,0.0,0.0,True,80889
Random Reverse,799,1000,51,0,0.0,0.0,0.0,True,80889
TF-IDF Reverse,800,100,8,0,0.0,0.0,0.0,True,80889
TF-IDF Reverse,800,500,8,0,0.0,0.0,0.0,True,80889
TF-IDF Reverse,800,1000,8,0,0.0,0.0,0.0,True,80889
User Activity,800,100,8,0,0.0,0.0,0.0,True,80889
User Activity,800,500,8,0,0.0,0.0,0.0,True,80889
User Activity,800,1000,8,0,0.0,0.0,0.0,True,80889
Random Reverse,800,100,8,0,0.0,0.0,0.0,True,80889
Random Reverse,800,500,8,0,0.0,0.0,0.0,True,80889
Random Reverse,800,1000,8,0,0.0,0.0,0.0,True,80889
TF-IDF Reverse,801,100,13,0,0.0,0.0,0.0,True,80889
TF-IDF Reverse,801,500,13,0,0.0,0.0,0.0,True,80889
TF-IDF Reverse,801,1000,13,0,0.0,0.0,0.0,True,80889
User Activity,801,100,13,0,0.0,0.0,0.0,True,80889
User Activity,801,500,13,0,0.0,0.0,0.0,True,80889
User Activity,801,1000,13,0,0.0,0.0,0.0,True,80889
Random Reverse,801,100,13,0,0.0,0.0,0.0,True,80889
Random Reverse,801,500,13,0,0.0,0.0,0.0,True,80889
Random Reverse,801,1000,13,0,0.0,0.0,0.0,True,80889
TF-IDF Reverse,802,100,69,1,0.01,0.014492753623188406,0.009907511401518649,True,80889
TF-IDF Reverse,802,500,69,1,0.002,0.014492753623188406,0.009907511401518649,True,80889
TF-IDF Reverse,802,1000,69,3,0.003,0.043478260869565216,0.02291901054993512,True,80889
User Activity,802,100,69,0,0.0,0.0,0.0,True,80889
User Activity,802,500,69,0,0.0,0.0,0.0,True,80889
User Activity,802,1000,69,0,0.0,0.0,0.0,True,80889
Random Reverse,802,100,69,0,0.0,0.0,0.0,True,80889
Random Reverse,802,500,69,0,0.0,0.0,0.0,True,80889
Random Reverse,802,1000,69,1,0.001,0.014492753623188406,0.006329746749567408,True,80889
TF-IDF Reverse,804,100,7,0,0.0,0.0,0.0,True,80889
TF-IDF Reverse,804,500,7,0,0.0,0.0,0.0,True,80889
TF-IDF Reverse,804,1000,7,0,0.0,0.0,0.0,True,80889
User Activity,804,100,7,0,0.0,0.0,0.0,True,80889
User Activity,804,500,7,0,0.0,0.0,0.0,True,80889
User Activity,804,1000,7,0,0.0,0.0,0.0,True,80889
Random Reverse,804,100,7,0,0.0,0.0,0.0,True,80889
Random Reverse,804,500,7,0,0.0,0.0,0.0,True,80889
Random Reverse,804,1000,7,0,0.0,0.0,0.0,True,80889
TF-IDF Reverse,806,100,11,0,0.0,0.0,0.0,True,80889
TF-IDF Reverse,806,500,11,0,0.0,0.0,0.0,True,80889
TF-IDF Reverse,806,1000,11,0,0.0,0.0,0.0,True,80889
User Activity,806,100,11,0,0.0,0.0,0.0,True,80889
User Activity,806,500,11,0,0.0,0.0,0.0,True,80889
User Activity,806,1000,11,0,0.0,0.0,0.0,True,80889
Random Reverse,806,100,11,0,0.0,0.0,0.0,True,80889
Random Reverse,806,500,11,0,0.0,0.0,0.0,True,80889
Random Reverse,806,1000,11,0,0.0,0.0,0.0,True,80889
TF-IDF Reverse,807,100,28,1,0.01,0.03571428571428571,0.019034703928849223,True,80889
TF-IDF Reverse,807,500,28,2,0.004,0.07142857142857142,0.0330926209871287,True,80889
TF-IDF Reverse,807,1000,28,2,0.002,0.07142857142857142,0.0330926209871287,True,80889
User Activity,807,100,28,0,0.0,0.0,0.0,True,80889
User Activity,807,500,28,0,0.0,0.0,0.0,True,80889
User Activity,807,1000,28,0,0.0,0.0,0.0,True,80889
Random Reverse,807,100,28,1,0.01,0.03571428571428571,0.0210473002582723,True,80889
Random Reverse,807,500,28,2,0.004,0.07142857142857142,0.0370668948376492,True,80889
Random Reverse,807,1000,28,3,0.003,0.10714285714285714,0.04924905411382484,True,80889
TF-IDF Reverse,808,100,32,0,0.0,0.0,0.0,True,80889
TF-IDF Reverse,808,500,32,1,0.002,0.03125,0.012925690006070965,True,80889
TF-IDF Reverse,808,1000,32,1,0.001,0.03125,0.012925690006070965,True,80889
User Activity,808,100,32,0,0.0,0.0,0.0,True,80889
User Activity,808,500,32,0,0.0,0.0,0.0,True,80889
User Activity,808,1000,32,0,0.0,0.0,0.0,True,80889
Random Reverse,808,100,32,0,0.0,0.0,0.0,True,80889
Random Reverse,808,500,32,0,0.0,0.0,0.0,True,80889
Random Reverse,808,1000,32,0,0.0,0.0,0.0,True,80889
TF-IDF Reverse,809,100,8,0,0.0,0.0,0.0,True,80889
TF-IDF Reverse,809,500,8,0,0.0,0.0,0.0,True,80889
TF-IDF Reverse,809,1000,8,0,0.0,0.0,0.0,True,80889
User Activity,809,100,8,0,0.0,0.0,0.0,True,80889
User Activity,809,500,8,0,0.0,0.0,0.0,True,80889
User Activity,809,1000,8,0,0.0,0.0,0.0,True,80889
Random Reverse,809,100,8,0,0.0,0.0,0.0,True,80889
Random Reverse,809,500,8,0,0.0,0.0,0.0,True,80889
Random Reverse,809,1000,8,0,0.0,0.0,0.0,True,80889
TF-IDF Reverse,810,100,75,1,0.01,0.013333333333333334,0.013551504661962057,True,80889
TF-IDF Reverse,810,500,75,3,0.006,0.04,0.0287936372808312,True,80889
TF-IDF Reverse,810,1000,75,4,0.004,0.05333333333333334,0.03530330276551121,True,80889
User Activity,810,100,75,0,0.0,0.0,0.0,True,80889
User Activity,810,500,75,0,0.0,0.0,0.0,True,80889
User Activity,810,1000,75,0,0.0,0.0,0.0,True,80889
Random Reverse,810,100,75,0,0.0,0.0,0.0,True,80889
Random Reverse,810,500,75,0,0.0,0.0,0.0,True,80889
Random Reverse,810,1000,75,0,0.0,0.0,0.0,True,80889
TF-IDF Reverse,813,100,5,0,0.0,0.0,0.0,True,80889
TF-IDF Reverse,813,500,5,0,0.0,0.0,0.0,True,80889
TF-IDF Reverse,813,1000,5,1,0.001,0.2,0.036480936014315506,True,80889
User Activity,813,100,5,0,0.0,0.0,0.0,True,80889
User Activity,813,500,5,0,0.0,0.0,0.0,True,80889
User Activity,813,1000,5,0,0.0,0.0,0.0,True,80889
Random Reverse,813,100,5,0,0.0,0.0,0.0,True,80889
Random Reverse,813,500,5,0,0.0,0.0,0.0,True,80889
Random Reverse,813,1000,5,0,0.0,0.0,0.0,True,80889
TF-IDF Reverse,814,100,13,0,0.0,0.0,0.0,True,80889
TF-IDF Reverse,814,500,13,1,0.002,0.07692307692307693,0.02098572804490754,True,80889
TF-IDF Reverse,814,1000,13,2,0.002,0.15384615384615385,0.040297961588816884,True,80889
User Activity,814,100,13,0,0.0,0.0,0.0,True,80889
User Activity,814,500,13,0,0.0,0.0,0.0,True,80889
User Activity,814,1000,13,0,0.0,0.0,0.0,True,80889
Random Reverse,814,100,13,0,0.0,0.0,0.0,True,80889
Random Reverse,814,500,13,0,0.0,0.0,0.0,True,80889
Random Reverse,814,1000,13,0,0.0,0.0,0.0,True,80889
TF-IDF Reverse,815,100,56,0,0.0,0.0,0.0,True,80889
TF-IDF Reverse,815,500,56,0,0.0,0.0,0.0,True,80889
TF-IDF Reverse,815,1000,56,2,0.002,0.03571428571428571,0.014576004136682906,True,80889
User Activity,815,100,56,0,0.0,0.0,0.0,True,80889
User Activity,815,500,56,0,0.0,0.0,0.0,True,80889
User Activity,815,1000,56,0,0.0,0.0,0.0,True,80889
Random Reverse,815,100,56,0,0.0,0.0,0.0,True,80889
Random Reverse,815,500,56,0,0.0,0.0,0.0,True,80889
Random Reverse,815,1000,56,0,0.0,0.0,0.0,True,80889
TF-IDF Reverse,819,100,6,1,0.01,0.16666666666666666,0.06889356673757306,True,80889
TF-IDF Reverse,819,500,6,5,0.01,0.8333333333333334,0.21980292039716845,True,80889
TF-IDF Reverse,819,1000,6,6,0.006,1.0,0.2526260988461989,True,80889
User Activity,819,100,6,0,0.0,0.0,0.0,True,80889
User Activity,819,500,6,0,0.0,0.0,0.0,True,80889
User Activity,819,1000,6,0,0.0,0.0,0.0,True,80889
Random Reverse,819,100,6,0,0.0,0.0,0.0,True,80889
Random Reverse,819,500,6,0,0.0,0.0,0.0,True,80889
Random Reverse,819,1000,6,0,0.0,0.0,0.0,True,80889
TF-IDF Reverse,823,100,6,0,0.0,0.0,0.0,True,80889
TF-IDF Reverse,823,500,6,0,0.0,0.0,0.0,True,80889
TF-IDF Reverse,823,1000,6,1,0.001,0.16666666666666666,0.032613467892603006,True,80889
User Activity,823,100,6,0,0.0,0.0,0.0,True,80889
User Activity,823,500,6,0,0.0,0.0,0.0,True,80889
User Activity,823,1000,6,0,0.0,0.0,0.0,True,80889
Random Reverse,823,100,6,0,0.0,0.0,0.0,True,80889
Random Reverse,823,500,6,0,0.0,0.0,0.0,True,80889
Random Reverse,823,1000,6,0,0.0,0.0,0.0,True,80889
TF-IDF Reverse,824,100,191,0,0.0,0.0,0.0,True,80889
TF-IDF Reverse,824,500,191,0,0.0,0.0,0.0,True,80889
TF-IDF Reverse,824,1000,191,1,0.001,0.005235602094240838,0.0030040364223454293,True,80889
User Activity,824,100,191,0,0.0,0.0,0.0,True,80889
User Activity,824,500,191,0,0.0,0.0,0.0,True,80889
User Activity,824,1000,191,1,0.001,0.005235602094240838,0.003008197588488484,True,80889
Random Reverse,824,100,191,0,0.0,0.0,0.0,True,80889
Random Reverse,824,500,191,2,0.004,0.010471204188481676,0.007491745894612318,True,80889
Random Reverse,824,1000,191,3,0.003,0.015706806282722512,0.010495782316957749,True,80889
TF-IDF Reverse,825,100,28,2,0.02,0.07142857142857142,0.035345065043785526,True,80889
TF-IDF Reverse,825,500,28,18,0.036,0.6428571428571429,0.2569659177109897,True,80889
TF-IDF Reverse,825,1000,28,19,0.019,0.6785714285714286,0.26963990986942304,True,80889
User Activity,825,100,28,0,0.0,0.0,0.0,True,80889
User Activity,825,500,28,0,0.0,0.0,0.0,True,80889
User Activity,825,1000,28,0,0.0,0.0,0.0,True,80889
Random Reverse,825,100,28,0,0.0,0.0,0.0,True,80889
Random Reverse,825,500,28,0,0.0,0.0,0.0,True,80889
Random Reverse,825,1000,28,2,0.002,0.07142857142857142,0.024303643857148532,True,80889
TF-IDF Reverse,826,100,78,28,0.28,0.358974358974359,0.3631208328635554,True,80889
TF-IDF Reverse,826,500,78,58,0.116,0.7435897435897436,0.5723755316266719,True,80889
TF-IDF Reverse,826,1000,78,69,0.069,0.8846153846153846,0.6394608205025376,True,80889
User Activity,826,100,78,0,0.0,0.0,0.0,True,80889
User Activity,826,500,78,0,0.0,0.0,0.0,True,80889
User Activity,826,1000,78,0,0.0,0.0,0.0,True,80889
Random Reverse,826,100,78,0,0.0,0.0,0.0,True,80889
Random Reverse,826,500,78,1,0.002,0.01282051282051282,0.007173529515255791,True,80889
Random Reverse,826,1000,78,1,0.001,0.01282051282051282,0.007173529515255791,True,80889
TF-IDF Reverse,827,100,15,0,0.0,0.0,0.0,True,80889
TF-IDF Reverse,827,500,15,0,0.0,0.0,0.0,True,80889
TF-IDF Reverse,827,1000,15,0,0.0,0.0,0.0,True,80889
User Activity,827,100,15,0,0.0,0.0,0.0,True,80889
User Activity,827,500,15,0,0.0,0.0,0.0,True,80889
User Activity,827,1000,15,0,0.0,0.0,0.0,True,80889
Random Reverse,827,100,15,0,0.0,0.0,0.0,True,80889
Random Reverse,827,500,15,2,0.004,0.13333333333333333,0.04347002842432834,True,80889
Random Reverse,827,1000,15,2,0.002,0.13333333333333333,0.04347002842432834,True,80889
TF-IDF Reverse,830,100,42,2,0.02,0.047619047619047616,0.02698204664885745,True,80889
TF-IDF Reverse,830,500,42,7,0.014,0.16666666666666666,0.08433155173535357,True,80889
TF-IDF Reverse,830,1000,42,10,0.01,0.23809523809523808,0.11199229112563419,True,80889
User Activity,830,100,42,0,0.0,0.0,0.0,True,80889
User Activity,830,500,42,0,0.0,0.0,0.0,True,80889
User Activity,830,1000,42,0,0.0,0.0,0.0,True,80889
Random Reverse,830,100,42,0,0.0,0.0,0.0,True,80889
Random Reverse,830,500,42,0,0.0,0.0,0.0,True,80889
Random Reverse,830,1000,42,0,0.0,0.0,0.0,True,80889
TF-IDF Reverse,831,100,164,22,0.22,0.13414634146341464,0.16273984015651288,True,80889
TF-IDF Reverse,831,500,164,48,0.096,0.2926829268292683,0.23159691428862017,True,80889
TF-IDF Reverse,831,1000,164,51,0.051,0.31097560975609756,0.24219683653690696,True,80889
User Activity,831,100,164,0,0.0,0.0,0.0,True,80889
User Activity,831,500,164,0,0.0,0.0,0.0,True,80889
User Activity,831,1000,164,0,0.0,0.0,0.0,True,80889
Random Reverse,831,100,164,1,0.01,0.006097560975609756,0.008052712595841475,True,80889
Random Reverse,831,500,164,1,0.002,0.006097560975609756,0.005615092164422848,True,80889
Random Reverse,831,1000,164,1,0.001,0.006097560975609756,0.005615092164422848,True,80889
TF-IDF Reverse,832,100,62,2,0.02,0.03225806451612903,0.035983959925671175,True,80889
TF-IDF Reverse,832,500,62,2,0.004,0.03225806451612903,0.035983959925671175,True,80889
TF-IDF Reverse,832,1000,62,2,0.002,0.03225806451612903,0.035983959925671175,True,80889
User Activity,832,100,62,0,0.0,0.0,0.0,True,80889
User Activity,832,500,62,0,0.0,0.0,0.0,True,80889
User Activity,832,1000,62,0,0.0,0.0,0.0,True,80889
Random Reverse,832,100,62,0,0.0,0.0,0.0,True,80889
Random Reverse,832,500,62,0,0.0,0.0,0.0,True,80889
Random Reverse,832,1000,62,0,0.0,0.0,0.0,True,80889
TF-IDF Reverse,833,100,92,1,0.01,0.010869565217391304,0.010137983296073396,True,80889
TF-IDF Reverse,833,500,92,7,0.014,0.07608695652173914,0.04564635094687518,True,80889
TF-IDF Reverse,833,1000,92,11,0.011,0.11956521739130435,0.0662382698281175,True,80889
User Activity,833,100,92,0,0.0,0.0,0.0,True,80889
User Activity,833,500,92,0,0.0,0.0,0.0,True,80889
User Activity,833,1000,92,0,0.0,0.0,0.0,True,80889
Random Reverse,833,100,92,0,0.0,0.0,0.0,True,80889
Random Reverse,833,500,92,0,0.0,0.0,0.0,True,80889
Random Reverse,833,1000,92,1,0.001,0.010869565217391304,0.005422118992456271,True,80889
TF-IDF Reverse,844,100,5,0,0.0,0.0,0.0,True,80889
TF-IDF Reverse,844,500,5,0,0.0,0.0,0.0,True,80889
TF-IDF Reverse,844,1000,5,0,0.0,0.0,0.0,True,80889
User Activity,844,100,5,0,0.0,0.0,0.0,True,80889
User Activity,844,500,5,0,0.0,0.0,0.0,True,80889
User Activity,844,1000,5,0,0.0,0.0,0.0,True,80889
Random Reverse,844,100,5,0,0.0,0.0,0.0,True,80889
Random Reverse,844,500,5,0,0.0,0.0,0.0,True,80889
Random Reverse,844,1000,5,0,0.0,0.0,0.0,True,80889
TF-IDF Reverse,848,100,9,0,0.0,0.0,0.0,True,80889
TF-IDF Reverse,848,500,9,0,0.0,0.0,0.0,True,80889
TF-IDF Reverse,848,1000,9,0,0.0,0.0,0.0,True,80889
User Activity,848,100,9,0,0.0,0.0,0.0,True,80889
User Activity,848,500,9,0,0.0,0.0,0.0,True,80889
User Activity,848,1000,9,0,0.0,0.0,0.0,True,80889
Random Reverse,848,100,9,0,0.0,0.0,0.0,True,80889
Random Reverse,848,500,9,0,0.0,0.0,0.0,True,80889
Random Reverse,848,1000,9,0,0.0,0.0,0.0,True,80889
TF-IDF Reverse,852,100,10,0,0.0,0.0,0.0,True,80889
TF-IDF Reverse,852,500,10,0,0.0,0.0,0.0,True,80889
TF-IDF Reverse,852,1000,10,1,0.001,0.1,0.02323683628463681,True,80889
User Activity,852,100,10,0,0.0,0.0,0.0,True,80889
User Activity,852,500,10,0,0.0,0.0,0.0,True,80889
User Activity,852,1000,10,0,0.0,0.0,0.0,True,80889
Random Reverse,852,100,10,0,0.0,0.0,0.0,True,80889
Random Reverse,852,500,10,0,0.0,0.0,0.0,True,80889
Random Reverse,852,1000,10,0,0.0,0.0,0.0,True,80889
TF-IDF Reverse,853,100,8,0,0.0,0.0,0.0,True,80889
TF-IDF Reverse,853,500,8,0,0.0,0.0,0.0,True,80889
TF-IDF Reverse,853,1000,8,4,0.004,0.5,0.1086096395307796,True,80889
User Activity,853,100,8,0,0.0,0.0,0.0,True,80889
User Activity,853,500,8,0,0.0,0.0,0.0,True,80889
User Activity,853,1000,8,0,0.0,0.0,0.0,True,80889
Random Reverse,853,100,8,0,0.0,0.0,0.0,True,80889
Random Reverse,853,500,8,0,0.0,0.0,0.0,True,80889
Random Reverse,853,1000,8,0,0.0,0.0,0.0,True,80889
TF-IDF Reverse,855,100,5,1,0.01,0.2,0.16958010263680806,True,80889
TF-IDF Reverse,855,500,5,1,0.002,0.2,0.16958010263680806,True,80889
TF-IDF Reverse,855,1000,5,2,0.002,0.4,0.20523706488332769,True,80889
User Activity,855,100,5,0,0.0,0.0,0.0,True,80889
User Activity,855,500,5,0,0.0,0.0,0.0,True,80889
User Activity,855,1000,5,1,0.001,0.2,0.03417807240282658,True,80889
Random Reverse,855,100,5,0,0.0,0.0,0.0,True,80889
Random Reverse,855,500,5,0,0.0,0.0,0.0,True,80889
Random Reverse,855,1000,5,0,0.0,0.0,0.0,True,80889
TF-IDF Reverse,856,100,27,0,0.0,0.0,0.0,True,80889
TF-IDF Reverse,856,500,27,0,0.0,0.0,0.0,True,80889
TF-IDF Reverse,856,1000,27,0,0.0,0.0,0.0,True,80889
User Activity,856,100,27,0,0.0,0.0,0.0,True,80889
User Activity,856,500,27,0,0.0,0.0,0.0,True,80889
User Activity,856,1000,27,0,0.0,0.0,0.0,True,80889
Random Reverse,856,100,27,0,0.0,0.0,0.0,True,80889
Random Reverse,856,500,27,1,0.002,0.037037037037037035,0.013866388535485153,True,80889
Random Reverse,856,1000,27,2,0.002,0.07407407407407407,0.02591475622904859,True,80889
TF-IDF Reverse,857,100,29,0,0.0,0.0,0.0,True,80889
TF-IDF Reverse,857,500,29,1,0.002,0.034482758620689655,0.012812875893087088,True,80889
TF-IDF Reverse,857,1000,29,1,0.001,0.034482758620689655,0.012812875893087088,True,80889
User Activity,857,100,29,0,0.0,0.0,0.0,True,80889
User Activity,857,500,29,0,0.0,0.0,0.0,True,80889
User Activity,857,1000,29,0,0.0,0.0,0.0,True,80889
Random Reverse,857,100,29,0,0.0,0.0,0.0,True,80889
Random Reverse,857,500,29,0,0.0,0.0,0.0,True,80889
Random Reverse,857,1000,29,0,0.0,0.0,0.0,True,80889
TF-IDF Reverse,858,100,70,0,0.0,0.0,0.0,True,80889
TF-IDF Reverse,858,500,70,0,0.0,0.0,0.0,True,80889
TF-IDF Reverse,858,1000,70,0,0.0,0.0,0.0,True,80889
User Activity,858,100,70,0,0.0,0.0,0.0,True,80889
User Activity,858,500,70,0,0.0,0.0,0.0,True,80889
User Activity,858,1000,70,1,0.001,0.014285714285714285,0.00628101203538902,True,80889
Random Reverse,858,100,70,0,0.0,0.0,0.0,True,80889
Random Reverse,858,500,70,0,0.0,0.0,0.0,True,80889
Random Reverse,858,1000,70,0,0.0,0.0,0.0,True,80889
TF-IDF Reverse,859,100,12,0,0.0,0.0,0.0,True,80889
TF-IDF Reverse,859,500,12,0,0.0,0.0,0.0,True,80889
TF-IDF Reverse,859,1000,12,0,0.0,0.0,0.0,True,80889
User Activity,859,100,12,0,0.0,0.0,0.0,True,80889
User Activity,859,500,12,0,0.0,0.0,0.0,True,80889
User Activity,859,1000,12,0,0.0,0.0,0.0,True,80889
Random Reverse,859,100,12,0,0.0,0.0,0.0,True,80889
Random Reverse,859,500,12,0,0.0,0.0,0.0,True,80889
Random Reverse,859,1000,12,0,0.0,0.0,0.0,True,80889
TF-IDF Reverse,860,100,5,0,0.0,0.0,0.0,True,80889
TF-IDF Reverse,860,500,5,0,0.0,0.0,0.0,True,80889
TF-IDF Reverse,860,1000,5,0,0.0,0.0,0.0,True,80889
User Activity,860,100,5,0,0.0,0.0,0.0,True,80889
User Activity,860,500,5,0,0.0,0.0,0.0,True,80889
User Activity,860,1000,5,0,0.0,0.0,0.0,True,80889
Random Reverse,860,100,5,0,0.0,0.0,0.0,True,80889
Random Reverse,860,500,5,0,0.0,0.0,0.0,True,80889
Random Reverse,860,1000,5,0,0.0,0.0,0.0,True,80889
TF-IDF Reverse,861,100,116,0,0.0,0.0,0.0,True,80889
TF-IDF Reverse,861,500,116,0,0.0,0.0,0.0,True,80889
TF-IDF Reverse,861,1000,116,1,0.001,0.008620689655172414,0.004537895123938994,True,80889
User Activity,861,100,116,0,0.0,0.0,0.0,True,80889
User Activity,861,500,116,0,0.0,0.0,0.0,True,80889
User Activity,861,1000,116,0,0.0,0.0,0.0,True,80889
Random Reverse,861,100,116,0,0.0,0.0,0.0,True,80889
Random Reverse,861,500,116,0,0.0,0.0,0.0,True,80889
Random Reverse,861,1000,116,1,0.001,0.008620689655172414,0.0044731238881391185,True,80889
TF-IDF Reverse,862,100,16,0,0.0,0.0,0.0,True,80889
TF-IDF Reverse,862,500,16,0,0.0,0.0,0.0,True,80889
TF-IDF Reverse,862,1000,16,0,0.0,0.0,0.0,True,80889
User Activity,862,100,16,0,0.0,0.0,0.0,True,80889
User Activity,862,500,16,0,0.0,0.0,0.0,True,80889
User Activity,862,1000,16,0,0.0,0.0,0.0,True,80889
Random Reverse,862,100,16,0,0.0,0.0,0.0,True,80889
Random Reverse,862,500,16,0,0.0,0.0,0.0,True,80889
Random Reverse,862,1000,16,0,0.0,0.0,0.0,True,80889
TF-IDF Reverse,864,100,13,0,0.0,0.0,0.0,True,80889
TF-IDF Reverse,864,500,13,1,0.002,0.07692307692307693,0.022160206255226973,True,80889
TF-IDF Reverse,864,1000,13,1,0.001,0.07692307692307693,0.022160206255226973,True,80889
User Activity,864,100,13,0,0.0,0.0,0.0,True,80889
User Activity,864,500,13,0,0.0,0.0,0.0,True,80889
User Activity,864,1000,13,0,0.0,0.0,0.0,True,80889
Random Reverse,864,100,13,0,0.0,0.0,0.0,True,80889
Random Reverse,864,500,13,0,0.0,0.0,0.0,True,80889
Random Reverse,864,1000,13,0,0.0,0.0,0.0,True,80889
TF-IDF Reverse,865,100,74,0,0.0,0.0,0.0,True,80889
TF-IDF Reverse,865,500,74,1,0.002,0.013513513513513514,0.008146574619175052,True,80889
TF-IDF Reverse,865,1000,74,1,0.001,0.013513513513513514,0.008146574619175052,True,80889
User Activity,865,100,74,0,0.0,0.0,0.0,True,80889
User Activity,865,500,74,0,0.0,0.0,0.0,True,80889
User Activity,865,1000,74,0,0.0,0.0,0.0,True,80889
Random Reverse,865,100,74,0,0.0,0.0,0.0,True,80889
Random Reverse,865,500,74,0,0.0,0.0,0.0,True,80889
Random Reverse,865,1000,74,1,0.001,0.013513513513513514,0.006431785061036859,True,80889
TF-IDF Reverse,867,100,93,0,0.0,0.0,0.0,True,80889
TF-IDF Reverse,867,500,93,4,0.008,0.043010752688172046,0.023524476860939975,True,80889
TF-IDF Reverse,867,1000,93,13,0.013,0.13978494623655913,0.0716384811725849,True,80889
User Activity,867,100,93,0,0.0,0.0,0.0,True,80889
User Activity,867,500,93,0,0.0,0.0,0.0,True,80889
User Activity,867,1000,93,0,0.0,0.0,0.0,True,80889
Random Reverse,867,100,93,0,0.0,0.0,0.0,True,80889
Random Reverse,867,500,93,0,0.0,0.0,0.0,True,80889
Random Reverse,867,1000,93,1,0.001,0.010752688172043012,0.005102557446260885,True,80889
TF-IDF Reverse,868,100,35,1,0.01,0.02857142857142857,0.015504863977867258,True,80889
TF-IDF Reverse,868,500,35,2,0.004,0.05714285714285714,0.030278049740436682,True,80889
TF-IDF Reverse,868,1000,35,2,0.002,0.05714285714285714,0.030278049740436682,True,80889
User Activity,868,100,35,0,0.0,0.0,0.0,True,80889
User Activity,868,500,35,0,0.0,0.0,0.0,True,80889
User Activity,868,1000,35,0,0.0,0.0,0.0,True,80889
Random Reverse,868,100,35,0,0.0,0.0,0.0,True,80889
Random Reverse,868,500,35,0,0.0,0.0,0.0,True,80889
Random Reverse,868,1000,35,0,0.0,0.0,0.0,True,80889
TF-IDF Reverse,871,100,8,0,0.0,0.0,0.0,True,80889
TF-IDF Reverse,871,500,8,0,0.0,0.0,0.0,True,80889
TF-IDF Reverse,871,1000,8,0,0.0,0.0,0.0,True,80889
User Activity,871,100,8,0,0.0,0.0,0.0,True,80889
User Activity,871,500,8,0,0.0,0.0,0.0,True,80889
User Activity,871,1000,8,0,0.0,0.0,0.0,True,80889
Random Reverse,871,100,8,0,0.0,0.0,0.0,True,80889
Random Reverse,871,500,8,0,0.0,0.0,0.0,True,80889
Random Reverse,871,1000,8,0,0.0,0.0,0.0,True,80889
TF-IDF Reverse,872,100,151,9,0.09,0.059602649006622516,0.07115892471130553,True,80889
TF-IDF Reverse,872,500,151,31,0.062,0.2052980132450331,0.15571954833948135,True,80889
TF-IDF Reverse,872,1000,151,37,0.037,0.24503311258278146,0.1779024061367409,True,80889
User Activity,872,100,151,0,0.0,0.0,0.0,True,80889
User Activity,872,500,151,0,0.0,0.0,0.0,True,80889
User Activity,872,1000,151,0,0.0,0.0,0.0,True,80889
Random Reverse,872,100,151,0,0.0,0.0,0.0,True,80889
Random Reverse,872,500,151,0,0.0,0.0,0.0,True,80889
Random Reverse,872,1000,151,2,0.002,0.013245033112582781,0.0072838892975464805,True,80889
TF-IDF Reverse,875,100,7,0,0.0,0.0,0.0,True,80889
TF-IDF Reverse,875,500,7,1,0.002,0.14285714285714285,0.03221943998008214,True,80889
TF-IDF Reverse,875,1000,7,1,0.001,0.14285714285714285,0.03221943998008214,True,80889
User Activity,875,100,7,0,0.0,0.0,0.0,True,80889
User Activity,875,500,7,0,0.0,0.0,0.0,True,80889
User Activity,875,1000,7,0,0.0,0.0,0.0,True,80889
Random Reverse,875,100,7,0,0.0,0.0,0.0,True,80889
Random Reverse,875,500,7,0,0.0,0.0,0.0,True,80889
Random Reverse,875,1000,7,0,0.0,0.0,0.0,True,80889
TF-IDF Reverse,876,100,7,0,0.0,0.0,0.0,True,80889
TF-IDF Reverse,876,500,7,0,0.0,0.0,0.0,True,80889
TF-IDF Reverse,876,1000,7,0,0.0,0.0,0.0,True,80889
User Activity,876,100,7,0,0.0,0.0,0.0,True,80889
User Activity,876,500,7,0,0.0,0.0,0.0,True,80889
User Activity,876,1000,7,0,0.0,0.0,0.0,True,80889
Random Reverse,876,100,7,0,0.0,0.0,0.0,True,80889
Random Reverse,876,500,7,0,0.0,0.0,0.0,True,80889
Random Reverse,876,1000,7,0,0.0,0.0,0.0,True,80889
TF-IDF Reverse,877,100,13,0,0.0,0.0,0.0,True,80889
TF-IDF Reverse,877,500,13,0,0.0,0.0,0.0,True,80889
TF-IDF Reverse,877,1000,13,0,0.0,0.0,0.0,True,80889
User Activity,877,100,13,0,0.0,0.0,0.0,True,80889
User Activity,877,500,13,0,0.0,0.0,0.0,True,80889
User Activity,877,1000,13,0,0.0,0.0,0.0,True,80889
Random Reverse,877,100,13,0,0.0,0.0,0.0,True,80889
Random Reverse,877,500,13,0,0.0,0.0,0.0,True,80889
Random Reverse,877,1000,13,0,0.0,0.0,0.0,True,80889
TF-IDF Reverse,878,100,10,0,0.0,0.0,0.0,True,80889
TF-IDF Reverse,878,500,10,0,0.0,0.0,0.0,True,80889
TF-IDF Reverse,878,1000,10,0,0.0,0.0,0.0,True,80889
User Activity,878,100,10,0,0.0,0.0,0.0,True,80889
User Activity,878,500,10,0,0.0,0.0,0.0,True,80889
User Activity,878,1000,10,1,0.001,0.1,0.022408555389494173,True,80889
Random Reverse,878,100,10,0,0.0,0.0,0.0,True,80889
Random Reverse,878,500,10,0,0.0,0.0,0.0,True,80889
Random Reverse,878,1000,10,0,0.0,0.0,0.0,True,80889
TF-IDF Reverse,879,100,46,0,0.0,0.0,0.0,True,80889
TF-IDF Reverse,879,500,46,2,0.004,0.043478260869565216,0.018552960268427003,True,80889
TF-IDF Reverse,879,1000,46,2,0.002,0.043478260869565216,0.018552960268427003,True,80889
User Activity,879,100,46,0,0.0,0.0,0.0,True,80889
User Activity,879,500,46,0,0.0,0.0,0.0,True,80889
User Activity,879,1000,46,0,0.0,0.0,0.0,True,80889
Random Reverse,879,100,46,0,0.0,0.0,0.0,True,80889
Random Reverse,879,500,46,0,0.0,0.0,0.0,True,80889
Random Reverse,879,1000,46,0,0.0,0.0,0.0,True,80889
TF-IDF Reverse,880,100,1093,2,0.02,0.0018298261665141812,0.017127418871353866,True,80889
TF-IDF Reverse,880,500,1093,8,0.016,0.007319304666056725,0.015964535302593535,True,80889
TF-IDF Reverse,880,1000,1093,15,0.015,0.013723696248856358,0.015068678096711292,True,80889
User Activity,880,100,1093,0,0.0,0.0,0.0,True,80889
User Activity,880,500,1093,0,0.0,0.0,0.0,True,80889
User Activity,880,1000,1093,1,0.001,0.0009149130832570906,0.000822433059385673,True,80889
Random Reverse,880,100,1093,0,0.0,0.0,0.0,True,80889
Random Reverse,880,500,1093,5,0.01,0.004574565416285453,0.009138869402072392,True,80889
Random Reverse,880,1000,1093,10,0.01,0.009149130832570906,0.009513498508905293,True,80889
TF-IDF Reverse,881,100,60,5,0.05,0.08333333333333333,0.06483791525169194,True,80889
TF-IDF Reverse,881,500,60,13,0.026,0.21666666666666667,0.1290508182535236,True,80889
TF-IDF Reverse,881,1000,60,18,0.018,0.3,0.1664154288910188,True,80889
User Activity,881,100,60,0,0.0,0.0,0.0,True,80889
User Activity,881,500,60,2,0.004,0.03333333333333333,0.016104065588085317,True,80889
User Activity,881,1000,60,5,0.005,0.08333333333333333,0.038279871622842236,True,80889
Random Reverse,881,100,60,0,0.0,0.0,0.0,True,80889
Random Reverse,881,500,60,0,0.0,0.0,0.0,True,80889
Random Reverse,881,1000,60,2,0.002,0.03333333333333333,0.014073560944976507,True,80889
TF-IDF Reverse,882,100,19,0,0.0,0.0,0.0,True,80889
TF-IDF Reverse,882,500,19,1,0.002,0.05263157894736842,0.021645640782923765,True,80889
TF-IDF Reverse,882,1000,19,1,0.001,0.05263157894736842,0.021645640782923765,True,80889
User Activity,882,100,19,0,0.0,0.0,0.0,True,80889
User Activity,882,500,19,0,0.0,0.0,0.0,True,80889
User Activity,882,1000,19,0,0.0,0.0,0.0,True,80889
Random Reverse,882,100,19,0,0.0,0.0,0.0,True,80889
Random Reverse,882,500,19,0,0.0,0.0,0.0,True,80889
Random Reverse,882,1000,19,0,0.0,0.0,0.0,True,80889
TF-IDF Reverse,883,100,17,5,0.05,0.29411764705882354,0.1885252879768731,True,80889
TF-IDF Reverse,883,500,17,6,0.012,0.35294117647058826,0.20922000570167437,True,80889
TF-IDF Reverse,883,1000,17,6,0.006,0.35294117647058826,0.20922000570167437,True,80889
User Activity,883,100,17,0,0.0,0.0,0.0,True,80889
User Activity,883,500,17,0,0.0,0.0,0.0,True,80889
User Activity,883,1000,17,0,0.0,0.0,0.0,True,80889
Random Reverse,883,100,17,0,0.0,0.0,0.0,True,80889
Random Reverse,883,500,17,0,0.0,0.0,0.0,True,80889
Random Reverse,883,1000,17,0,0.0,0.0,0.0,True,80889
TF-IDF Reverse,884,100,22,0,0.0,0.0,0.0,True,80889
TF-IDF Reverse,884,500,22,0,0.0,0.0,0.0,True,80889
TF-IDF Reverse,884,1000,22,0,0.0,0.0,0.0,True,80889
User Activity,884,100,22,0,0.0,0.0,0.0,True,80889
User Activity,884,500,22,0,0.0,0.0,0.0,True,80889
User Activity,884,1000,22,0,0.0,0.0,0.0,True,80889
Random Reverse,884,100,22,0,0.0,0.0,0.0,True,80889
Random Reverse,884,500,22,0,0.0,0.0,0.0,True,80889
Random Reverse,884,1000,22,0,0.0,0.0,0.0,True,80889
TF-IDF Reverse,887,100,245,25,0.25,0.10204081632653061,0.25947043382666884,True,80889
TF-IDF Reverse,887,500,245,85,0.17,0.3469387755102041,0.3220441521021948,True,80889
TF-IDF Reverse,887,1000,245,85,0.085,0.3469387755102041,0.3220441521021948,True,80889
User Activity,887,100,245,0,0.0,0.0,0.0,True,80889
User Activity,887,500,245,0,0.0,0.0,0.0,True,80889
User Activity,887,1000,245,0,0.0,0.0,0.0,True,80889
Random Reverse,887,100,245,1,0.01,0.004081632653061225,0.00869624923010742,True,80889
Random Reverse,887,500,245,1,0.002,0.004081632653061225,0.004486656145155046,True,80889
Random Reverse,887,1000,245,3,0.003,0.012244897959183673,0.009567395528713931,True,80889
TF-IDF Reverse,895,100,6,0,0.0,0.0,0.0,True,80889
TF-IDF Reverse,895,500,6,0,0.0,0.0,0.0,True,80889
TF-IDF Reverse,895,1000,6,0,0.0,0.0,0.0,True,80889
User Activity,895,100,6,0,0.0,0.0,0.0,True,80889
User Activity,895,500,6,0,0.0,0.0,0.0,True,80889
User Activity,895,1000,6,0,0.0,0.0,0.0,True,80889
Random Reverse,895,100,6,0,0.0,0.0,0.0,True,80889
Random Reverse,895,500,6,0,0.0,0.0,0.0,True,80889
Random Reverse,895,1000,6,0,0.0,0.0,0.0,True,80889
TF-IDF Reverse,897,100,6,0,0.0,0.0,0.0,True,80889
TF-IDF Reverse,897,500,6,0,0.0,0.0,0.0,True,80889
TF-IDF Reverse,897,1000,6,0,0.0,0.0,0.0,True,80889
User Activity,897,100,6,0,0.0,0.0,0.0,True,80889
User Activity,897,500,6,0,0.0,0.0,0.0,True,80889
User Activity,897,1000,6,0,0.0,0.0,0.0,True,80889
Random Reverse,897,100,6,0,0.0,0.0,0.0,True,80889
Random Reverse,897,500,6,0,0.0,0.0,0.0,True,80889
Random Reverse,897,1000,6,0,0.0,0.0,0.0,True,80889
TF-IDF Reverse,899,100,87,0,0.0,0.0,0.0,True,80889
TF-IDF Reverse,899,500,87,1,0.002,0.011494252873563218,0.006701613841105546,True,80889
TF-IDF Reverse,899,1000,87,3,0.003,0.034482758620689655,0.017622800631011196,True,80889
User Activity,899,100,87,0,0.0,0.0,0.0,True,80889
User Activity,899,500,87,0,0.0,0.0,0.0,True,80889
User Activity,899,1000,87,0,0.0,0.0,0.0,True,80889
Random Reverse,899,100,87,0,0.0,0.0,0.0,True,80889
Random Reverse,899,500,87,0,0.0,0.0,0.0,True,80889
Random Reverse,899,1000,87,0,0.0,0.0,0.0,True,80889
TF-IDF Reverse,900,100,101,2,0.02,0.019801980198019802,0.0229057632943539,True,80889
TF-IDF Reverse,900,500,101,7,0.014,0.06930693069306931,0.052167363172151635,True,80889
TF-IDF Reverse,900,1000,101,11,0.011,0.10891089108910891,0.07226519511288634,True,80889
User Activity,900,100,101,0,0.0,0.0,0.0,True,80889
User Activity,900,500,101,0,0.0,0.0,0.0,True,80889
User Activity,900,1000,101,2,0.002,0.019801980198019802,0.010187099021923982,True,80889
Random Reverse,900,100,101,0,0.0,0.0,0.0,True,80889
Random Reverse,900,500,101,0,0.0,0.0,0.0,True,80889
Random Reverse,900,1000,101,0,0.0,0.0,0.0,True,80889
TF-IDF Reverse,902,100,87,0,0.0,0.0,0.0,True,80889
TF-IDF Reverse,902,500,87,0,0.0,0.0,0.0,True,80889
TF-IDF Reverse,902,1000,87,0,0.0,0.0,0.0,True,80889
User Activity,902,100,87,0,0.0,0.0,0.0,True,80889
User Activity,902,500,87,0,0.0,0.0,0.0,True,80889
User Activity,902,1000,87,0,0.0,0.0,0.0,True,80889
Random Reverse,902,100,87,0,0.0,0.0,0.0,True,80889
Random Reverse,902,500,87,0,0.0,0.0,0.0,True,80889
Random Reverse,902,1000,87,2,0.002,0.022988505747126436,0.011516966882263061,True,80889
TF-IDF Reverse,903,100,14,0,0.0,0.0,0.0,True,80889
TF-IDF Reverse,903,500,14,0,0.0,0.0,0.0,True,80889
TF-IDF Reverse,903,1000,14,0,0.0,0.0,0.0,True,80889
User Activity,903,100,14,0,0.0,0.0,0.0,True,80889
User Activity,903,500,14,0,0.0,0.0,0.0,True,80889
User Activity,903,1000,14,0,0.0,0.0,0.0,True,80889
Random Reverse,903,100,14,0,0.0,0.0,0.0,True,80889
Random Reverse,903,500,14,0,0.0,0.0,0.0,True,80889
Random Reverse,903,1000,14,0,0.0,0.0,0.0,True,80889
TF-IDF Reverse,904,100,737,29,0.29,0.03934871099050204,0.31734996687462835,True,80889
TF-IDF Reverse,904,500,737,146,0.292,0.19810040705563092,0.29874977485851373,True,80889
TF-IDF Reverse,904,1000,737,274,0.274,0.37177747625508817,0.35946268213057175,True,80889
User Activity,904,100,737,0,0.0,0.0,0.0,True,80889
User Activity,904,500,737,0,0.0,0.0,0.0,True,80889
User Activity,904,1000,737,0,0.0,0.0,0.0,True,80889
Random Reverse,904,100,737,1,0.01,0.0013568521031207597,0.0076673484385877825,True,80889
Random Reverse,904,500,737,6,0.012,0.008141112618724558,0.010723037336204047,True,80889
Random Reverse,904,1000,737,10,0.01,0.013568521031207599,0.012099795331631058,True,80889
TF-IDF Reverse,905,100,13,2,0.02,0.15384615384615385,0.08882961650544792,True,80889
TF-IDF Reverse,905,500,13,2,0.004,0.15384615384615385,0.08882961650544792,True,80889
TF-IDF Reverse,905,1000,13,2,0.002,0.15384615384615385,0.08882961650544792,True,80889
User Activity,905,100,13,0,0.0,0.0,0.0,True,80889
User Activity,905,500,13,0,0.0,0.0,0.0,True,80889
User Activity,905,1000,13,0,0.0,0.0,0.0,True,80889
Random Reverse,905,100,13,0,0.0,0.0,0.0,True,80889
Random Reverse,905,500,13,0,0.0,0.0,0.0,True,80889
Random Reverse,905,1000,13,0,0.0,0.0,0.0,True,80889
TF-IDF Reverse,907,100,12,1,0.01,0.08333333333333333,0.05157332053854645,True,80889
TF-IDF Reverse,907,500,12,1,0.002,0.08333333333333333,0.05157332053854645,True,80889
TF-IDF Reverse,907,1000,12,1,0.001,0.08333333333333333,0.05157332053854645,True,80889
User Activity,907,100,12,0,0.0,0.0,0.0,True,80889
User Activity,907,500,12,0,0.0,0.0,0.0,True,80889
User Activity,907,1000,12,0,0.0,0.0,0.0,True,80889
Random Reverse,907,100,12,0,0.0,0.0,0.0,True,80889
Random Reverse,907,500,12,0,0.0,0.0,0.0,True,80889
Random Reverse,907,1000,12,0,0.0,0.0,0.0,True,80889
TF-IDF Reverse,908,100,57,0,0.0,0.0,0.0,True,80889
TF-IDF Reverse,908,500,57,0,0.0,0.0,0.0,True,80889
TF-IDF Reverse,908,1000,57,1,0.001,0.017543859649122806,0.007654385746805573,True,80889
User Activity,908,100,57,0,0.0,0.0,0.0,True,80889
User Activity,908,500,57,0,0.0,0.0,0.0,True,80889
User Activity,908,1000,57,0,0.0,0.0,0.0,True,80889
Random Reverse,908,100,57,0,0.0,0.0,0.0,True,80889
Random Reverse,908,500,57,0,0.0,0.0,0.0,True,80889
Random Reverse,908,1000,57,0,0.0,0.0,0.0,True,80889
TF-IDF Reverse,909,100,42,0,0.0,0.0,0.0,True,80889
TF-IDF Reverse,909,500,42,0,0.0,0.0,0.0,True,80889
TF-IDF Reverse,909,1000,42,0,0.0,0.0,0.0,True,80889
User Activity,909,100,42,0,0.0,0.0,0.0,True,80889
User Activity,909,500,42,0,0.0,0.0,0.0,True,80889
User Activity,909,1000,42,0,0.0,0.0,0.0,True,80889
Random Reverse,909,100,42,1,0.01,0.023809523809523808,0.02018871350809227,True,80889
Random Reverse,909,500,42,1,0.002,0.023809523809523808,0.02018871350809227,True,80889
Random Reverse,909,1000,42,2,0.002,0.047619047619047616,0.02909432510530988,True,80889
TF-IDF Reverse,910,100,6,0,0.0,0.0,0.0,True,80889
TF-IDF Reverse,910,500,6,0,0.0,0.0,0.0,True,80889
TF-IDF Reverse,910,1000,6,0,0.0,0.0,0.0,True,80889
User Activity,910,100,6,0,0.0,0.0,0.0,True,80889
User Activity,910,500,6,0,0.0,0.0,0.0,True,80889
User Activity,910,1000,6,0,0.0,0.0,0.0,True,80889
Random Reverse,910,100,6,0,0.0,0.0,0.0,True,80889
Random Reverse,910,500,6,0,0.0,0.0,0.0,True,80889
Random Reverse,910,1000,6,0,0.0,0.0,0.0,True,80889
TF-IDF Reverse,911,100,7,0,0.0,0.0,0.0,True,80889
TF-IDF Reverse,911,500,7,0,0.0,0.0,0.0,True,80889
TF-IDF Reverse,911,1000,7,0,0.0,0.0,0.0,True,80889
User Activity,911,100,7,0,0.0,0.0,0.0,True,80889
User Activity,911,500,7,0,0.0,0.0,0.0,True,80889
User Activity,911,1000,7,0,0.0,0.0,0.0,True,80889
Random Reverse,911,100,7,0,0.0,0.0,0.0,True,80889
Random Reverse,911,500,7,0,0.0,0.0,0.0,True,80889
Random Reverse,911,1000,7,0,0.0,0.0,0.0,True,80889
TF-IDF Reverse,912,100,44,16,0.16,0.36363636363636365,0.25786976102267195,True,80889
TF-IDF Reverse,912,500,44,32,0.064,0.7272727272727273,0.4488431978409432,True,80889
TF-IDF Reverse,912,1000,44,32,0.032,0.7272727272727273,0.4488431978409432,True,80889
User Activity,912,100,44,0,0.0,0.0,0.0,True,80889
User Activity,912,500,44,0,0.0,0.0,0.0,True,80889
User Activity,912,1000,44,0,0.0,0.0,0.0,True,80889
Random Reverse,912,100,44,0,0.0,0.0,0.0,True,80889
Random Reverse,912,500,44,1,0.002,0.022727272727272728,0.01052592988331589,True,80889
Random Reverse,912,1000,44,1,0.001,0.022727272727272728,0.01052592988331589,True,80889
TF-IDF Reverse,913,100,62,0,0.0,0.0,0.0,True,80889
TF-IDF Reverse,913,500,62,0,0.0,0.0,0.0,True,80889
TF-IDF Reverse,913,1000,62,0,0.0,0.0,0.0,True,80889
User Activity,913,100,62,0,0.0,0.0,0.0,True,80889
User Activity,913,500,62,0,0.0,0.0,0.0,True,80889
User Activity,913,1000,62,0,0.0,0.0,0.0,True,80889
Random Reverse,913,100,62,0,0.0,0.0,0.0,True,80889
Random Reverse,913,500,62,1,0.002,0.016129032258064516,0.008595005288778195,True,80889
Random Reverse,913,1000,62,1,0.001,0.016129032258064516,0.008595005288778195,True,80889
TF-IDF Reverse,914,100,74,1,0.01,0.013513513513513514,0.010136116308933322,True,80889
TF-IDF Reverse,914,500,74,1,0.002,0.013513513513513514,0.010136116308933322,True,80889
TF-IDF Reverse,914,1000,74,1,0.001,0.013513513513513514,0.010136116308933322,True,80889
User Activity,914,100,74,0,0.0,0.0,0.0,True,80889
User Activity,914,500,74,0,0.0,0.0,0.0,True,80889
User Activity,914,1000,74,0,0.0,0.0,0.0,True,80889
Random Reverse,914,100,74,0,0.0,0.0,0.0,True,80889
Random Reverse,914,500,74,0,0.0,0.0,0.0,True,80889
Random Reverse,914,1000,74,1,0.001,0.013513513513513514,0.0061036337565742275,True,80889
TF-IDF Reverse,915,100,11,3,0.03,0.2727272727272727,0.11339848109323619,True,80889
TF-IDF Reverse,915,500,11,3,0.006,0.2727272727272727,0.11339848109323619,True,80889
TF-IDF Reverse,915,1000,11,3,0.003,0.2727272727272727,0.11339848109323619,True,80889
User Activity,915,100,11,0,0.0,0.0,0.0,True,80889
User Activity,915,500,11,0,0.0,0.0,0.0,True,80889
User Activity,915,1000,11,0,0.0,0.0,0.0,True,80889
Random Reverse,915,100,11,0,0.0,0.0,0.0,True,80889
Random Reverse,915,500,11,0,0.0,0.0,0.0,True,80889
Random Reverse,915,1000,11,0,0.0,0.0,0.0,True,80889
TF-IDF Reverse,917,100,46,1,0.01,0.021739130434782608,0.014129317957168484,True,80889
TF-IDF Reverse,917,500,46,1,0.002,0.021739130434782608,0.014129317957168484,True,80889
TF-IDF Reverse,917,1000,46,1,0.001,0.021739130434782608,0.014129317957168484,True,80889
User Activity,917,100,46,0,0.0,0.0,0.0,True,80889
User Activity,917,500,46,0,0.0,0.0,0.0,True,80889
User Activity,917,1000,46,0,0.0,0.0,0.0,True,80889
Random Reverse,917,100,46,0,0.0,0.0,0.0,True,80889
Random Reverse,917,500,46,0,0.0,0.0,0.0,True,80889
Random Reverse,917,1000,46,0,0.0,0.0,0.0,True,80889
TF-IDF Reverse,918,100,36,4,0.04,0.1111111111111111,0.06495154852529003,True,80889
TF-IDF Reverse,918,500,36,25,0.05,0.6944444444444444,0.34159510495709255,True,80889
TF-IDF Reverse,918,1000,36,25,0.025,0.6944444444444444,0.34159510495709255,True,80889
User Activity,918,100,36,0,0.0,0.0,0.0,True,80889
User Activity,918,500,36,0,0.0,0.0,0.0,True,80889
User Activity,918,1000,36,0,0.0,0.0,0.0,True,80889
Random Reverse,918,100,36,0,0.0,0.0,0.0,True,80889
Random Reverse,918,500,36,0,0.0,0.0,0.0,True,80889
Random Reverse,918,1000,36,1,0.001,0.027777777777777776,0.009872399648289846,True,80889
TF-IDF Reverse,919,100,152,47,0.47,0.3092105263157895,0.36654970477408705,True,80889
TF-IDF Reverse,919,500,152,139,0.278,0.9144736842105263,0.7102623207603196,True,80889
TF-IDF Reverse,919,1000,152,139,0.139,0.9144736842105263,0.7102623207603196,True,80889
User Activity,919,100,152,0,0.0,0.0,0.0,True,80889
User Activity,919,500,152,0,0.0,0.0,0.0,True,80889
User Activity,919,1000,152,0,0.0,0.0,0.0,True,80889
Random Reverse,919,100,152,0,0.0,0.0,0.0,True,80889
Random Reverse,919,500,152,0,0.0,0.0,0.0,True,80889
Random Reverse,919,1000,152,0,0.0,0.0,0.0,True,80889
TF-IDF Reverse,921,100,25,0,0.0,0.0,0.0,True,80889
TF-IDF Reverse,921,500,25,0,0.0,0.0,0.0,True,80889
TF-IDF Reverse,921,1000,25,1,0.001,0.04,0.013297522492368324,True,80889
User Activity,921,100,25,0,0.0,0.0,0.0,True,80889
User Activity,921,500,25,0,0.0,0.0,0.0,True,80889
User Activity,921,1000,25,0,0.0,0.0,0.0,True,80889
Random Reverse,921,100,25,0,0.0,0.0,0.0,True,80889
Random Reverse,921,500,25,0,0.0,0.0,0.0,True,80889
Random Reverse,921,1000,25,1,0.001,0.04,0.012541070389066196,True,80889
TF-IDF Reverse,922,100,24,0,0.0,0.0,0.0,True,80889
TF-IDF Reverse,922,500,24,0,0.0,0.0,0.0,True,80889
TF-IDF Reverse,922,1000,24,0,0.0,0.0,0.0,True,80889
User Activity,922,100,24,0,0.0,0.0,0.0,True,80889
User Activity,922,500,24,0,0.0,0.0,0.0,True,80889
User Activity,922,1000,24,0,0.0,0.0,0.0,True,80889
Random Reverse,922,100,24,0,0.0,0.0,0.0,True,80889
Random Reverse,922,500,24,1,0.002,0.041666666666666664,0.014358913813996172,True,80889
Random Reverse,922,1000,24,1,0.001,0.041666666666666664,0.014358913813996172,True,80889
TF-IDF Reverse,923,100,28,0,0.0,0.0,0.0,True,80889
TF-IDF Reverse,923,500,28,0,0.0,0.0,0.0,True,80889
TF-IDF Reverse,923,1000,28,0,0.0,0.0,0.0,True,80889
User Activity,923,100,28,0,0.0,0.0,0.0,True,80889
User Activity,923,500,28,0,0.0,0.0,0.0,True,80889
User Activity,923,1000,28,0,0.0,0.0,0.0,True,80889
Random Reverse,923,100,28,0,0.0,0.0,0.0,True,80889
Random Reverse,923,500,28,0,0.0,0.0,0.0,True,80889
Random Reverse,923,1000,28,0,0.0,0.0,0.0,True,80889
TF-IDF Reverse,924,100,106,0,0.0,0.0,0.0,True,80889
TF-IDF Reverse,924,500,106,1,0.002,0.009433962264150943,0.005206122863915089,True,80889
TF-IDF Reverse,924,1000,106,2,0.002,0.018867924528301886,0.00984862692938118,True,80889
User Activity,924,100,106,0,0.0,0.0,0.0,True,80889
User Activity,924,500,106,0,0.0,0.0,0.0,True,80889
User Activity,924,1000,106,0,0.0,0.0,0.0,True,80889
Random Reverse,924,100,106,0,0.0,0.0,0.0,True,80889
Random Reverse,924,500,106,0,0.0,0.0,0.0,True,80889
Random Reverse,924,1000,106,0,0.0,0.0,0.0,True,80889
TF-IDF Reverse,925,100,85,0,0.0,0.0,0.0,True,80889
TF-IDF Reverse,925,500,85,2,0.004,0.023529411764705882,0.01244369333297303,True,80889
TF-IDF Reverse,925,1000,85,2,0.002,0.023529411764705882,0.01244369333297303,True,80889
User Activity,925,100,85,0,0.0,0.0,0.0,True,80889
User Activity,925,500,85,0,0.0,0.0,0.0,True,80889
User Activity,925,1000,85,0,0.0,0.0,0.0,True,80889
Random Reverse,925,100,85,0,0.0,0.0,0.0,True,80889
Random Reverse,925,500,85,0,0.0,0.0,0.0,True,80889
Random Reverse,925,1000,85,0,0.0,0.0,0.0,True,80889
TF-IDF Reverse,928,100,5,0,0.0,0.0,0.0,True,80889
TF-IDF Reverse,928,500,5,0,0.0,0.0,0.0,True,80889
TF-IDF Reverse,928,1000,5,0,0.0,0.0,0.0,True,80889
User Activity,928,100,5,0,0.0,0.0,0.0,True,80889
User Activity,928,500,5,0,0.0,0.0,0.0,True,80889
User Activity,928,1000,5,0,0.0,0.0,0.0,True,80889
Random Reverse,928,100,5,0,0.0,0.0,0.0,True,80889
Random Reverse,928,500,5,0,0.0,0.0,0.0,True,80889
Random Reverse,928,1000,5,0,0.0,0.0,0.0,True,80889
TF-IDF Reverse,930,100,52,3,0.03,0.057692307692307696,0.03841626850634354,True,80889
TF-IDF Reverse,930,500,52,8,0.016,0.15384615384615385,0.08493139849881988,True,80889
TF-IDF Reverse,930,1000,52,8,0.008,0.15384615384615385,0.08493139849881988,True,80889
User Activity,930,100,52,0,0.0,0.0,0.0,True,80889
User Activity,930,500,52,0,0.0,0.0,0.0,True,80889
User Activity,930,1000,52,0,0.0,0.0,0.0,True,80889
Random Reverse,930,100,52,0,0.0,0.0,0.0,True,80889
Random Reverse,930,500,52,0,0.0,0.0,0.0,True,80889
Random Reverse,930,1000,52,0,0.0,0.0,0.0,True,80889
TF-IDF Reverse,933,100,187,0,0.0,0.0,0.0,True,80889
TF-IDF Reverse,933,500,187,1,0.002,0.0053475935828877,0.003566908342955031,True,80889
TF-IDF Reverse,933,1000,187,1,0.001,0.0053475935828877,0.003566908342955031,True,80889
User Activity,933,100,187,0,0.0,0.0,0.0,True,80889
User Activity,933,500,187,0,0.0,0.0,0.0,True,80889
User Activity,933,1000,187,0,0.0,0.0,0.0,True,80889
Random Reverse,933,100,187,0,0.0,0.0,0.0,True,80889
Random Reverse,933,500,187,2,0.004,0.0106951871657754,0.007277837591024715,True,80889
Random Reverse,933,1000,187,2,0.002,0.0106951871657754,0.007277837591024715,True,80889
TF-IDF Reverse,934,100,6,0,0.0,0.0,0.0,True,80889
TF-IDF Reverse,934,500,6,1,0.002,0.16666666666666666,0.03944025520110922,True,80889
TF-IDF Reverse,934,1000,6,1,0.001,0.16666666666666666,0.03944025520110922,True,80889
User Activity,934,100,6,0,0.0,0.0,0.0,True,80889
User Activity,934,500,6,0,0.0,0.0,0.0,True,80889
User Activity,934,1000,6,0,0.0,0.0,0.0,True,80889
Random Reverse,934,100,6,0,0.0,0.0,0.0,True,80889
Random Reverse,934,500,6,0,0.0,0.0,0.0,True,80889
Random Reverse,934,1000,6,0,0.0,0.0,0.0,True,80889
TF-IDF Reverse,936,100,59,0,0.0,0.0,0.0,True,80889
TF-IDF Reverse,936,500,59,3,0.006,0.05084745762711865,0.02458458009923107,True,80889
TF-IDF Reverse,936,1000,59,5,0.005,0.0847457627118644,0.03917036167979961,True,80889
User Activity,936,100,59,0,0.0,0.0,0.0,True,80889
User Activity,936,500,59,0,0.0,0.0,0.0,True,80889
User Activity,936,1000,59,0,0.0,0.0,0.0,True,80889
Random Reverse,936,100,59,0,0.0,0.0,0.0,True,80889
Random Reverse,936,500,59,0,0.0,0.0,0.0,True,80889
Random Reverse,936,1000,59,0,0.0,0.0,0.0,True,80889
TF-IDF Reverse,937,100,18,3,0.03,0.16666666666666666,0.07593337485721288,True,80889
TF-IDF Reverse,937,500,18,3,0.006,0.16666666666666666,0.07593337485721288,True,80889
TF-IDF Reverse,937,1000,18,5,0.005,0.2777777777777778,0.10661123345082099,True,80889
User Activity,937,100,18,0,0.0,0.0,0.0,True,80889
User Activity,937,500,18,0,0.0,0.0,0.0,True,80889
User Activity,937,1000,18,0,0.0,0.0,0.0,True,80889
Random Reverse,937,100,18,0,0.0,0.0,0.0,True,80889
Random Reverse,937,500,18,0,0.0,0.0,0.0,True,80889
Random Reverse,937,1000,18,0,0.0,0.0,0.0,True,80889
TF-IDF Reverse,938,100,5,0,0.0,0.0,0.0,True,80889
TF-IDF Reverse,938,500,5,0,0.0,0.0,0.0,True,80889
TF-IDF Reverse,938,1000,5,0,0.0,0.0,0.0,True,80889
User Activity,938,100,5,0,0.0,0.0,0.0,True,80889
User Activity,938,500,5,0,0.0,0.0,0.0,True,80889
User Activity,938,1000,5,0,0.0,0.0,0.0,True,80889
Random Reverse,938,100,5,0,0.0,0.0,0.0,True,80889
Random Reverse,938,500,5,0,0.0,0.0,0.0,True,80889
Random Reverse,938,1000,5,0,0.0,0.0,0.0,True,80889
TF-IDF Reverse,939,100,261,0,0.0,0.0,0.0,True,80889
TF-IDF Reverse,939,500,261,179,0.358,0.685823754789272,0.50811497286038,True,80889
TF-IDF Reverse,939,1000,261,212,0.212,0.8122605363984674,0.5915359243233822,True,80889
User Activity,939,100,261,0,0.0,0.0,0.0,True,80889
User Activity,939,500,261,0,0.0,0.0,0.0,True,80889
User Activity,939,1000,261,0,0.0,0.0,0.0,True,80889
Random Reverse,939,100,261,1,0.01,0.0038314176245210726,0.0077405354602617885,True,80889
Random Reverse,939,500,261,3,0.006,0.011494252873563218,0.01003991541791201,True,80889
Random Reverse,939,1000,261,5,0.005,0.019157088122605363,0.01476994268380927,True,80889
TF-IDF Reverse,940,100,571,2,0.02,0.0035026269702276708,0.01439247028926968,True,80889
TF-IDF Reverse,940,500,571,103,0.206,0.18038528896672504,0.18862087582576623,True,80889
TF-IDF Reverse,940,1000,571,176,0.176,0.30823117338003503,0.26886719659828684,True,80889
User Activity,940,100,571,0,0.0,0.0,0.0,True,80889
User Activity,940,500,571,0,0.0,0.0,0.0,True,80889
User Activity,940,1000,571,0,0.0,0.0,0.0,True,80889
Random Reverse,940,100,571,0,0.0,0.0,0.0,True,80889
Random Reverse,940,500,571,2,0.004,0.0035026269702276708,0.0035953260334081567,True,80889
Random Reverse,940,1000,571,4,0.004,0.0070052539404553416,0.0058823232549367385,True,80889
TF-IDF Reverse,942,100,65,6,0.06,0.09230769230769231,0.1336365499738268,True,80889
TF-IDF Reverse,942,500,65,8,0.016,0.12307692307692308,0.1517835952869372,True,80889
TF-IDF Reverse,942,1000,65,9,0.009,0.13846153846153847,0.15839628840497924,True,80889
User Activity,942,100,65,0,0.0,0.0,0.0,True,80889
User Activity,942,500,65,0,0.0,0.0,0.0,True,80889
User Activity,942,1000,65,1,0.001,0.015384615384615385,0.00671272027529436,True,80889
Random Reverse,942,100,65,0,0.0,0.0,0.0,True,80889
Random Reverse,942,500,65,0,0.0,0.0,0.0,True,80889
Random Reverse,942,1000,65,0,0.0,0.0,0.0,True,80889
TF-IDF Reverse,944,100,26,0,0.0,0.0,0.0,True,80889
TF-IDF Reverse,944,500,26,1,0.002,0.038461538461538464,0.014468126214514205,True,80889
TF-IDF Reverse,944,1000,26,1,0.001,0.038461538461538464,0.014468126214514205,True,80889
User Activity,944,100,26,0,0.0,0.0,0.0,True,80889
User Activity,944,500,26,0,0.0,0.0,0.0,True,80889
User Activity,944,1000,26,0,0.0,0.0,0.0,True,80889
Random Reverse,944,100,26,0,0.0,0.0,0.0,True,80889
Random Reverse,944,500,26,0,0.0,0.0,0.0,True,80889
Random Reverse,944,1000,26,0,0.0,0.0,0.0,True,80889
TF-IDF Reverse,947,100,18,0,0.0,0.0,0.0,True,80889
TF-IDF Reverse,947,500,18,0,0.0,0.0,0.0,True,80889
TF-IDF Reverse,947,1000,18,0,0.0,0.0,0.0,True,80889
User Activity,947,100,18,0,0.0,0.0,0.0,True,80889
User Activity,947,500,18,0,0.0,0.0,0.0,True,80889
User Activity,947,1000,18,0,0.0,0.0,0.0,True,80889
Random Reverse,947,100,18,0,0.0,0.0,0.0,True,80889
Random Reverse,947,500,18,0,0.0,0.0,0.0,True,80889
Random Reverse,947,1000,18,0,0.0,0.0,0.0,True,80889
TF-IDF Reverse,948,100,94,0,0.0,0.0,0.0,True,80889
TF-IDF Reverse,948,500,94,1,0.002,0.010638297872340425,0.006014877629447783,True,80889
TF-IDF Reverse,948,1000,94,2,0.002,0.02127659574468085,0.011516083540424313,True,80889
User Activity,948,100,94,0,0.0,0.0,0.0,True,80889
User Activity,948,500,94,0,0.0,0.0,0.0,True,80889
User Activity,948,1000,94,0,0.0,0.0,0.0,True,80889
Random Reverse,948,100,94,0,0.0,0.0,0.0,True,80889
Random Reverse,948,500,94,0,0.0,0.0,0.0,True,80889
Random Reverse,948,1000,94,2,0.002,0.02127659574468085,0.010825561063429495,True,80889
TF-IDF Reverse,949,100,63,1,0.01,0.015873015873015872,0.017372569707861392,True,80889
TF-IDF Reverse,949,500,63,4,0.008,0.06349206349206349,0.041724954638179046,True,80889
TF-IDF Reverse,949,1000,63,26,0.026,0.4126984126984127,0.1992986077057822,True,80889
User Activity,949,100,63,0,0.0,0.0,0.0,True,80889
User Activity,949,500,63,0,0.0,0.0,0.0,True,80889
User Activity,949,1000,63,0,0.0,0.0,0.0,True,80889
Random Reverse,949,100,63,0,0.0,0.0,0.0,True,80889
Random Reverse,949,500,63,1,0.002,0.015873015873015872,0.009418979544663007,True,80889
Random Reverse,949,1000,63,1,0.001,0.015873015873015872,0.009418979544663007,True,80889
TF-IDF Reverse,950,100,116,25,0.25,0.21551724137931033,0.2299598978926866,True,80889
TF-IDF Reverse,950,500,116,44,0.088,0.3793103448275862,0.30512614338820804,True,80889
TF-IDF Reverse,950,1000,116,81,0.081,0.6982758620689655,0.47566675090664773,True,80889
User Activity,950,100,116,0,0.0,0.0,0.0,True,80889
User Activity,950,500,116,0,0.0,0.0,0.0,True,80889
User Activity,950,1000,116,0,0.0,0.0,0.0,True,80889
Random Reverse,950,100,116,0,0.0,0.0,0.0,True,80889
Random Reverse,950,500,116,0,0.0,0.0,0.0,True,80889
Random Reverse,950,1000,116,1,0.001,0.008620689655172414,0.004621943300334032,True,80889
TF-IDF Reverse,951,100,8,3,0.03,0.375,0.324299853778858,True,80889
TF-IDF Reverse,951,500,8,3,0.006,0.375,0.324299853778858,True,80889
TF-IDF Reverse,951,1000,8,5,0.005,0.625,0.37738462422039754,True,80889
User Activity,951,100,8,0,0.0,0.0,0.0,True,80889
User Activity,951,500,8,0,0.0,0.0,0.0,True,80889
User Activity,951,1000,8,0,0.0,0.0,0.0,True,80889
Random Reverse,951,100,8,0,0.0,0.0,0.0,True,80889
Random Reverse,951,500,8,1,0.002,0.125,0.03643387458148312,True,80889
Random Reverse,951,1000,8,1,0.001,0.125,0.03643387458148312,True,80889
TF-IDF Reverse,955,100,8,0,0.0,0.0,0.0,True,80889
TF-IDF Reverse,955,500,8,0,0.0,0.0,0.0,True,80889
TF-IDF Reverse,955,1000,8,0,0.0,0.0,0.0,True,80889
User Activity,955,100,8,0,0.0,0.0,0.0,True,80889
User Activity,955,500,8,0,0.0,0.0,0.0,True,80889
User Activity,955,1000,8,0,0.0,0.0,0.0,True,80889
Random Reverse,955,100,8,0,0.0,0.0,0.0,True,80889
Random Reverse,955,500,8,0,0.0,0.0,0.0,True,80889
Random Reverse,955,1000,8,0,0.0,0.0,0.0,True,80889
TF-IDF Reverse,959,100,34,1,0.01,0.029411764705882353,0.02715595207152418,True,80889
TF-IDF Reverse,959,500,34,1,0.002,0.029411764705882353,0.02715595207152418,True,80889
TF-IDF Reverse,959,1000,34,1,0.001,0.029411764705882353,0.02715595207152418,True,80889
User Activity,959,100,34,0,0.0,0.0,0.0,True,80889
User Activity,959,500,34,2,0.004,0.058823529411764705,0.024909229021388958,True,80889
User Activity,959,1000,34,2,0.002,0.058823529411764705,0.024909229021388958,True,80889
Random Reverse,959,100,34,0,0.0,0.0,0.0,True,80889
Random Reverse,959,500,34,0,0.0,0.0,0.0,True,80889
Random Reverse,959,1000,34,1,0.001,0.029411764705882353,0.010961533774380576,True,80889
TF-IDF Reverse,960,100,33,6,0.06,0.18181818181818182,0.1353742431612593,True,80889
TF-IDF Reverse,960,500,33,7,0.014,0.21212121212121213,0.14841792526218128,True,80889
TF-IDF Reverse,960,1000,33,7,0.007,0.21212121212121213,0.14841792526218128,True,80889
User Activity,960,100,33,0,0.0,0.0,0.0,True,80889
User Activity,960,500,33,0,0.0,0.0,0.0,True,80889
User Activity,960,1000,33,0,0.0,0.0,0.0,True,80889
Random Reverse,960,100,33,0,0.0,0.0,0.0,True,80889
Random Reverse,960,500,33,1,0.002,0.030303030303030304,0.012176146573520723,True,80889
Random Reverse,960,1000,33,2,0.002,0.06060606060606061,0.022627181217429237,True,80889
TF-IDF Reverse,961,100,48,1,0.01,0.020833333333333332,0.017386783785414736,True,80889
TF-IDF Reverse,961,500,48,1,0.002,0.020833333333333332,0.017386783785414736,True,80889
TF-IDF Reverse,961,1000,48,1,0.001,0.020833333333333332,0.017386783785414736,True,80889
User Activity,961,100,48,0,0.0,0.0,0.0,True,80889
User Activity,961,500,48,0,0.0,0.0,0.0,True,80889
User Activity,961,1000,48,0,0.0,0.0,0.0,True,80889
Random Reverse,961,100,48,0,0.0,0.0,0.0,True,80889
Random Reverse,961,500,48,0,0.0,0.0,0.0,True,80889
Random Reverse,961,1000,48,0,0.0,0.0,0.0,True,80889
TF-IDF Reverse,962,100,27,0,0.0,0.0,0.0,True,80889
TF-IDF Reverse,962,500,27,0,0.0,0.0,0.0,True,80889
TF-IDF Reverse,962,1000,27,0,0.0,0.0,0.0,True,80889
User Activity,962,100,27,0,0.0,0.0,0.0,True,80889
User Activity,962,500,27,0,0.0,0.0,0.0,True,80889
User Activity,962,1000,27,0,0.0,0.0,0.0,True,80889
Random Reverse,962,100,27,0,0.0,0.0,0.0,True,80889
Random Reverse,962,500,27,1,0.002,0.037037037037037035,0.013144511526421472,True,80889
Random Reverse,962,1000,27,1,0.001,0.037037037037037035,0.013144511526421472,True,80889
TF-IDF Reverse,964,100,28,1,0.01,0.03571428571428571,0.030863419558816,True,80889
TF-IDF Reverse,964,500,28,2,0.004,0.07142857142857142,0.04764060025245531,True,80889
TF-IDF Reverse,964,1000,28,2,0.002,0.07142857142857142,0.04764060025245531,True,80889
User Activity,964,100,28,0,0.0,0.0,0.0,True,80889
User Activity,964,500,28,0,0.0,0.0,0.0,True,80889
User Activity,964,1000,28,1,0.001,0.03571428571428571,0.012140424450038457,True,80889
Random Reverse,964,100,28,0,0.0,0.0,0.0,True,80889
Random Reverse,964,500,28,0,0.0,0.0,0.0,True,80889
Random Reverse,964,1000,28,0,0.0,0.0,0.0,True,80889
TF-IDF Reverse,965,100,27,1,0.01,0.037037037037037035,0.01860785166712091,True,80889
TF-IDF Reverse,965,500,27,3,0.006,0.1111111111111111,0.04520333019053816,True,80889
TF-IDF Reverse,965,1000,27,3,0.003,0.1111111111111111,0.04520333019053816,True,80889
User Activity,965,100,27,0,0.0,0.0,0.0,True,80889
User Activity,965,500,27,0,0.0,0.0,0.0,True,80889
User Activity,965,1000,27,0,0.0,0.0,0.0,True,80889
Random Reverse,965,100,27,0,0.0,0.0,0.0,True,80889
Random Reverse,965,500,27,0,0.0,0.0,0.0,True,80889
Random Reverse,965,1000,27,0,0.0,0.0,0.0,True,80889
TF-IDF Reverse,968,100,26,0,0.0,0.0,0.0,True,80889
TF-IDF Reverse,968,500,26,0,0.0,0.0,0.0,True,80889
TF-IDF Reverse,968,1000,26,0,0.0,0.0,0.0,True,80889
User Activity,968,100,26,0,0.0,0.0,0.0,True,80889
User Activity,968,500,26,0,0.0,0.0,0.0,True,80889
User Activity,968,1000,26,0,0.0,0.0,0.0,True,80889
Random Reverse,968,100,26,1,0.01,0.038461538461538464,0.02521074262765889,True,80889
Random Reverse,968,500,26,1,0.002,0.038461538461538464,0.02521074262765889,True,80889
Random Reverse,968,1000,26,1,0.001,0.038461538461538464,0.02521074262765889,True,80889
TF-IDF Reverse,969,100,32,0,0.0,0.0,0.0,True,80889
TF-IDF Reverse,969,500,32,0,0.0,0.0,0.0,True,80889
TF-IDF Reverse,969,1000,32,0,0.0,0.0,0.0,True,80889
User Activity,969,100,32,0,0.0,0.0,0.0,True,80889
User Activity,969,500,32,0,0.0,0.0,0.0,True,80889
User Activity,969,1000,32,0,0.0,0.0,0.0,True,80889
Random Reverse,969,100,32,0,0.0,0.0,0.0,True,80889
Random Reverse,969,500,32,0,0.0,0.0,0.0,True,80889
Random Reverse,969,1000,32,0,0.0,0.0,0.0,True,80889
TF-IDF Reverse,970,100,41,0,0.0,0.0,0.0,True,80889
TF-IDF Reverse,970,500,41,3,0.006,0.07317073170731707,0.03207049408467125,True,80889
TF-IDF Reverse,970,1000,41,3,0.003,0.07317073170731707,0.03207049408467125,True,80889
User Activity,970,100,41,0,0.0,0.0,0.0,True,80889
User Activity,970,500,41,0,0.0,0.0,0.0,True,80889
User Activity,970,1000,41,0,0.0,0.0,0.0,True,80889
Random Reverse,970,100,41,0,0.0,0.0,0.0,True,80889
Random Reverse,970,500,41,0,0.0,0.0,0.0,True,80889
Random Reverse,970,1000,41,0,0.0,0.0,0.0,True,80889
TF-IDF Reverse,971,100,70,2,0.02,0.02857142857142857,0.02151594165866935,True,80889
TF-IDF Reverse,971,500,70,3,0.006,0.04285714285714286,0.029580394481715892,True,80889
TF-IDF Reverse,971,1000,70,3,0.003,0.04285714285714286,0.029580394481715892,True,80889
User Activity,971,100,70,0,0.0,0.0,0.0,True,80889
User Activity,971,500,70,0,0.0,0.0,0.0,True,80889
User Activity,971,1000,70,0,0.0,0.0,0.0,True,80889
Random Reverse,971,100,70,0,0.0,0.0,0.0,True,80889
Random Reverse,971,500,70,0,0.0,0.0,0.0,True,80889
Random Reverse,971,1000,70,0,0.0,0.0,0.0,True,80889
TF-IDF Reverse,974,100,125,8,0.08,0.064,0.07417524452507353,True,80889
TF-IDF Reverse,974,500,125,20,0.04,0.16,0.13204686782551886,True,80889
TF-IDF Reverse,974,1000,125,24,0.024,0.192,0.14863114418669757,True,80889
User Activity,974,100,125,0,0.0,0.0,0.0,True,80889
User Activity,974,500,125,0,0.0,0.0,0.0,True,80889
User Activity,974,1000,125,0,0.0,0.0,0.0,True,80889
Random Reverse,974,100,125,0,0.0,0.0,0.0,True,80889
Random Reverse,974,500,125,1,0.002,0.008,0.0059945171762670075,True,80889
Random Reverse,974,1000,125,2,0.002,0.016,0.01029942245278799,True,80889
TF-IDF Reverse,975,100,8,1,0.01,0.125,0.038154939802381556,True,80889
TF-IDF Reverse,975,500,8,3,0.006,0.375,0.10467192346637945,True,80889
TF-IDF Reverse,975,1000,8,4,0.004,0.5,0.13025077574326896,True,80889
User Activity,975,100,8,0,0.0,0.0,0.0,True,80889
User Activity,975,500,8,0,0.0,0.0,0.0,True,80889
User Activity,975,1000,8,0,0.0,0.0,0.0,True,80889
Random Reverse,975,100,8,0,0.0,0.0,0.0,True,80889
Random Reverse,975,500,8,0,0.0,0.0,0.0,True,80889
Random Reverse,975,1000,8,0,0.0,0.0,0.0,True,80889
TF-IDF Reverse,976,100,20,2,0.02,0.1,0.0640797132966641,True,80889
TF-IDF Reverse,976,500,20,2,0.004,0.1,0.0640797132966641,True,80889
TF-IDF Reverse,976,1000,20,2,0.002,0.1,0.0640797132966641,True,80889
User Activity,976,100,20,0,0.0,0.0,0.0,True,80889
User Activity,976,500,20,0,0.0,0.0,0.0,True,80889
User Activity,976,1000,20,0,0.0,0.0,0.0,True,80889
Random Reverse,976,100,20,0,0.0,0.0,0.0,True,80889
Random Reverse,976,500,20,0,0.0,0.0,0.0,True,80889
Random Reverse,976,1000,20,0,0.0,0.0,0.0,True,80889
TF-IDF Reverse,977,100,14,5,0.05,0.35714285714285715,0.2326874836826502,True,80889
TF-IDF Reverse,977,500,14,7,0.014,0.5,0.2848450700625356,True,80889
TF-IDF Reverse,977,1000,14,7,0.007,0.5,0.2848450700625356,True,80889
User Activity,977,100,14,0,0.0,0.0,0.0,True,80889
User Activity,977,500,14,0,0.0,0.0,0.0,True,80889
User Activity,977,1000,14,0,0.0,0.0,0.0,True,80889
Random Reverse,977,100,14,0,0.0,0.0,0.0,True,80889
Random Reverse,977,500,14,0,0.0,0.0,0.0,True,80889
Random Reverse,977,1000,14,0,0.0,0.0,0.0,True,80889
TF-IDF Reverse,978,100,7,0,0.0,0.0,0.0,True,80889
TF-IDF Reverse,978,500,7,0,0.0,0.0,0.0,True,80889
TF-IDF Reverse,978,1000,7,0,0.0,0.0,0.0,True,80889
User Activity,978,100,7,0,0.0,0.0,0.0,True,80889
User Activity,978,500,7,0,0.0,0.0,0.0,True,80889
User Activity,978,1000,7,0,0.0,0.0,0.0,True,80889
Random Reverse,978,100,7,0,0.0,0.0,0.0,True,80889
Random Reverse,978,500,7,0,0.0,0.0,0.0,True,80889
Random Reverse,978,1000,7,0,0.0,0.0,0.0,True,80889
TF-IDF Reverse,980,100,14,0,0.0,0.0,0.0,True,80889
TF-IDF Reverse,980,500,14,0,0.0,0.0,0.0,True,80889
TF-IDF Reverse,980,1000,14,0,0.0,0.0,0.0,True,80889
User Activity,980,100,14,0,0.0,0.0,0.0,True,80889
User Activity,980,500,14,0,0.0,0.0,0.0,True,80889
User Activity,980,1000,14,0,0.0,0.0,0.0,True,80889
Random Reverse,980,100,14,0,0.0,0.0,0.0,True,80889
Random Reverse,980,500,14,0,0.0,0.0,0.0,True,80889
Random Reverse,980,1000,14,0,0.0,0.0,0.0,True,80889
TF-IDF Reverse,982,100,21,1,0.01,0.047619047619047616,0.023599877831987748,True,80889
TF-IDF Reverse,982,500,21,1,0.002,0.047619047619047616,0.023599877831987748,True,80889
TF-IDF Reverse,982,1000,21,2,0.002,0.09523809523809523,0.03764043802485782,True,80889
User Activity,982,100,21,0,0.0,0.0,0.0,True,80889
User Activity,982,500,21,0,0.0,0.0,0.0,True,80889
User Activity,982,1000,21,0,0.0,0.0,0.0,True,80889
Random Reverse,982,100,21,0,0.0,0.0,0.0,True,80889
Random Reverse,982,500,21,0,0.0,0.0,0.0,True,80889
Random Reverse,982,1000,21,1,0.001,0.047619047619047616,0.01436160983742526,True,80889
TF-IDF Reverse,983,100,7,0,0.0,0.0,0.0,True,80889
TF-IDF Reverse,983,500,7,0,0.0,0.0,0.0,True,80889
TF-IDF Reverse,983,1000,7,0,0.0,0.0,0.0,True,80889
User Activity,983,100,7,0,0.0,0.0,0.0,True,80889
User Activity,983,500,7,0,0.0,0.0,0.0,True,80889
User Activity,983,1000,7,0,0.0,0.0,0.0,True,80889
Random Reverse,983,100,7,0,0.0,0.0,0.0,True,80889
Random Reverse,983,500,7,0,0.0,0.0,0.0,True,80889
Random Reverse,983,1000,7,0,0.0,0.0,0.0,True,80889
TF-IDF Reverse,984,100,36,0,0.0,0.0,0.0,True,80889
TF-IDF Reverse,984,500,36,3,0.006,0.08333333333333333,0.03268978751394271,True,80889
TF-IDF Reverse,984,1000,36,3,0.003,0.08333333333333333,0.03268978751394271,True,80889
User Activity,984,100,36,0,0.0,0.0,0.0,True,80889
User Activity,984,500,36,1,0.002,0.027777777777777776,0.011625001241387871,True,80889
User Activity,984,1000,36,1,0.001,0.027777777777777776,0.011625001241387871,True,80889
Random Reverse,984,100,36,0,0.0,0.0,0.0,True,80889
Random Reverse,984,500,36,0,0.0,0.0,0.0,True,80889
Random Reverse,984,1000,36,1,0.001,0.027777777777777776,0.010712655330358173,True,80889
TF-IDF Reverse,985,100,33,1,0.01,0.030303030303030304,0.015711816143688807,True,80889
TF-IDF Reverse,985,500,33,10,0.02,0.30303030303030304,0.12388950848517363,True,80889
TF-IDF Reverse,985,1000,33,11,0.011,0.3333333333333333,0.13472964163629575,True,80889
User Activity,985,100,33,0,0.0,0.0,0.0,True,80889
User Activity,985,500,33,0,0.0,0.0,0.0,True,80889
User Activity,985,1000,33,0,0.0,0.0,0.0,True,80889
Random Reverse,985,100,33,0,0.0,0.0,0.0,True,80889
Random Reverse,985,500,33,0,0.0,0.0,0.0,True,80889
Random Reverse,985,1000,33,0,0.0,0.0,0.0,True,80889
TF-IDF Reverse,986,100,29,0,0.0,0.0,0.0,True,80889
TF-IDF Reverse,986,500,29,0,0.0,0.0,0.0,True,80889
TF-IDF Reverse,986,1000,29,0,0.0,0.0,0.0,True,80889
User Activity,986,100,29,0,0.0,0.0,0.0,True,80889
User Activity,986,500,29,0,0.0,0.0,0.0,True,80889
User Activity,986,1000,29,0,0.0,0.0,0.0,True,80889
Random Reverse,986,100,29,1,0.01,0.034482758620689655,0.03016141060656478,True,80889
Random Reverse,986,500,29,1,0.002,0.034482758620689655,0.03016141060656478,True,80889
Random Reverse,986,1000,29,1,0.001,0.034482758620689655,0.03016141060656478,True,80889
TF-IDF Reverse,989,100,7,0,0.0,0.0,0.0,True,80889
TF-IDF Reverse,989,500,7,0,0.0,0.0,0.0,True,80889
TF-IDF Reverse,989,1000,7,0,0.0,0.0,0.0,True,80889
User Activity,989,100,7,0,0.0,0.0,0.0,True,80889
User Activity,989,500,7,0,0.0,0.0,0.0,True,80889
User Activity,989,1000,7,0,0.0,0.0,0.0,True,80889
Random Reverse,989,100,7,0,0.0,0.0,0.0,True,80889
Random Reverse,989,500,7,0,0.0,0.0,0.0,True,80889
Random Reverse,989,1000,7,0,0.0,0.0,0.0,True,80889
TF-IDF Reverse,990,100,17,0,0.0,0.0,0.0,True,80889
TF-IDF Reverse,990,500,17,2,0.004,0.11764705882352941,0.03767682953948859,True,80889
TF-IDF Reverse,990,1000,17,2,0.002,0.11764705882352941,0.03767682953948859,True,80889
User Activity,990,100,17,0,0.0,0.0,0.0,True,80889
User Activity,990,500,17,0,0.0,0.0,0.0,True,80889
User Activity,990,1000,17,0,0.0,0.0,0.0,True,80889
Random Reverse,990,100,17,0,0.0,0.0,0.0,True,80889
Random Reverse,990,500,17,0,0.0,0.0,0.0,True,80889
Random Reverse,990,1000,17,0,0.0,0.0,0.0,True,80889
TF-IDF Reverse,992,100,170,0,0.0,0.0,0.0,True,80889
TF-IDF Reverse,992,500,170,0,0.0,0.0,0.0,True,80889
TF-IDF Reverse,992,1000,170,0,0.0,0.0,0.0,True,80889
User Activity,992,100,170,0,0.0,0.0,0.0,True,80889
User Activity,992,500,170,0,0.0,0.0,0.0,True,80889
User Activity,992,1000,170,0,0.0,0.0,0.0,True,80889
Random Reverse,992,100,170,1,0.01,0.0058823529411764705,0.0071728756865922965,True,80889
Random Reverse,992,500,170,2,0.004,0.011764705882352941,0.008645412334046396,True,80889
Random Reverse,992,1000,170,2,0.002,0.011764705882352941,0.008645412334046396,True,80889
TF-IDF Reverse,993,100,73,3,0.03,0.0410958904109589,0.030890938867497036,True,80889
TF-IDF Reverse,993,500,73,6,0.012,0.0821917808219178,0.054567892836774656,True,80889
TF-IDF Reverse,993,1000,73,9,0.009,0.1232876712328767,0.07299483076498657,True,80889
User Activity,993,100,73,1,0.01,0.0136986301369863,0.01285341547472115,True,80889
User Activity,993,500,73,6,0.012,0.0821917808219178,0.04934662073202403,True,80889
User Activity,993,1000,73,12,0.012,0.1643835616438356,0.08726606763915391,True,80889
Random Reverse,993,100,73,1,0.01,0.0136986301369863,0.010064416886915813,True,80889
Random Reverse,993,500,73,1,0.002,0.0136986301369863,0.010064416886915813,True,80889
Random Reverse,993,1000,73,1,0.001,0.0136986301369863,0.010064416886915813,True,80889
TF-IDF Reverse,994,100,18,0,0.0,0.0,0.0,True,80889
TF-IDF Reverse,994,500,18,0,0.0,0.0,0.0,True,80889
TF-IDF Reverse,994,1000,18,0,0.0,0.0,0.0,True,80889
User Activity,994,100,18,0,0.0,0.0,0.0,True,80889
User Activity,994,500,18,0,0.0,0.0,0.0,True,80889
User Activity,994,1000,18,0,0.0,0.0,0.0,True,80889
Random Reverse,994,100,18,0,0.0,0.0,0.0,True,80889
Random Reverse,994,500,18,0,0.0,0.0,0.0,True,80889
Random Reverse,994,1000,18,0,0.0,0.0,0.0,True,80889
TF-IDF Reverse,995,100,24,0,0.0,0.0,0.0,True,80889
TF-IDF Reverse,995,500,24,0,0.0,0.0,0.0,True,80889
TF-IDF Reverse,995,1000,24,0,0.0,0.0,0.0,True,80889
User Activity,995,100,24,0,0.0,0.0,0.0,True,80889
User Activity,995,500,24,0,0.0,0.0,0.0,True,80889
User Activity,995,1000,24,0,0.0,0.0,0.0,True,80889
Random Reverse,995,100,24,0,0.0,0.0,0.0,True,80889
Random Reverse,995,500,24,1,0.002,0.041666666666666664,0.01647393680246343,True,80889
Random Reverse,995,1000,24,2,0.002,0.08333333333333333,0.030325790133831198,True,80889
TF-IDF Reverse,996,100,97,0,0.0,0.0,0.0,True,80889
TF-IDF Reverse,996,500,97,0,0.0,0.0,0.0,True,80889
TF-IDF Reverse,996,1000,97,0,0.0,0.0,0.0,True,80889
User Activity,996,100,97,0,0.0,0.0,0.0,True,80889
User Activity,996,500,97,0,0.0,0.0,0.0,True,80889
User Activity,996,1000,97,0,0.0,0.0,0.0,True,80889
Random Reverse,996,100,97,0,0.0,0.0,0.0,True,80889
Random Reverse,996,500,97,0,0.0,0.0,0.0,True,80889
Random Reverse,996,1000,97,1,0.001,0.010309278350515464,0.005293140108469487,True,80889
TF-IDF Reverse,997,100,109,0,0.0,0.0,0.0,True,80889
TF-IDF Reverse,997,500,109,5,0.01,0.045871559633027525,0.028887347648764678,True,80889
TF-IDF Reverse,997,1000,109,5,0.005,0.045871559633027525,0.028887347648764678,True,80889
User Activity,997,100,109,0,0.0,0.0,0.0,True,80889
User Activity,997,500,109,0,0.0,0.0,0.0,True,80889
User Activity,997,1000,109,0,0.0,0.0,0.0,True,80889
Random Reverse,997,100,109,0,0.0,0.0,0.0,True,80889
Random Reverse,997,500,109,0,0.0,0.0,0.0,True,80889
Random Reverse,997,1000,109,0,0.0,0.0,0.0,True,80889
TF-IDF Reverse,998,100,55,0,0.0,0.0,0.0,True,80889
TF-IDF Reverse,998,500,55,2,0.004,0.03636363636363636,0.019124309054206732,True,80889
TF-IDF Reverse,998,1000,55,2,0.002,0.03636363636363636,0.019124309054206732,True,80889
User Activity,998,100,55,0,0.0,0.0,0.0,True,80889
User Activity,998,500,55,0,0.0,0.0,0.0,True,80889
User Activity,998,1000,55,0,0.0,0.0,0.0,True,80889
Random Reverse,998,100,55,0,0.0,0.0,0.0,True,80889
Random Reverse,998,500,55,0,0.0,0.0,0.0,True,80889
Random Reverse,998,1000,55,0,0.0,0.0,0.0,True,80889
TF-IDF Reverse,999,100,11,0,0.0,0.0,0.0,True,80889
TF-IDF Reverse,999,500,11,0,0.0,0.0,0.0,True,80889
TF-IDF Reverse,999,1000,11,1,0.001,0.09090909090909091,0.02084068747553549,True,80889
User Activity,999,100,11,0,0.0,0.0,0.0,True,80889
User Activity,999,500,11,0,0.0,0.0,0.0,True,80889
User Activity,999,1000,11,0,0.0,0.0,0.0,True,80889
Random Reverse,999,100,11,0,0.0,0.0,0.0,True,80889
Random Reverse,999,500,11,0,0.0,0.0,0.0,True,80889
Random Reverse,999,1000,11,0,0.0,0.0,0.0,True,80889
TF-IDF Reverse,1000,100,50,0,0.0,0.0,0.0,True,80889
TF-IDF Reverse,1000,500,50,0,0.0,0.0,0.0,True,80889
TF-IDF Reverse,1000,1000,50,0,0.0,0.0,0.0,True,80889
User Activity,1000,100,50,0,0.0,0.0,0.0,True,80889
User Activity,1000,500,50,0,0.0,0.0,0.0,True,80889
User Activity,1000,1000,50,0,0.0,0.0,0.0,True,80889
Random Reverse,1000,100,50,0,0.0,0.0,0.0,True,80889
Random Reverse,1000,500,50,0,0.0,0.0,0.0,True,80889
Random Reverse,1000,1000,50,0,0.0,0.0,0.0,True,80889
TF-IDF Reverse,1001,100,8,0,0.0,0.0,0.0,True,80889
TF-IDF Reverse,1001,500,8,0,0.0,0.0,0.0,True,80889
TF-IDF Reverse,1001,1000,8,2,0.002,0.25,0.05173901163700575,True,80889
User Activity,1001,100,8,0,0.0,0.0,0.0,True,80889
User Activity,1001,500,8,1,0.002,0.125,0.028266911294705904,True,80889
User Activity,1001,1000,8,3,0.003,0.375,0.08084439348895671,True,80889
Random Reverse,1001,100,8,0,0.0,0.0,0.0,True,80889
Random Reverse,1001,500,8,0,0.0,0.0,0.0,True,80889
Random Reverse,1001,1000,8,0,0.0,0.0,0.0,True,80889
TF-IDF Reverse,1004,100,24,1,0.01,0.041666666666666664,0.12627825946936164,True,80889
TF-IDF Reverse,1004,500,24,1,0.002,0.041666666666666664,0.12627825946936164,True,80889
TF-IDF Reverse,1004,1000,24,1,0.001,0.041666666666666664,0.12627825946936164,True,80889
User Activity,1004,100,24,0,0.0,0.0,0.0,True,80889
User Activity,1004,500,24,0,0.0,0.0,0.0,True,80889
User Activity,1004,1000,24,0,0.0,0.0,0.0,True,80889
Random Reverse,1004,100,24,0,0.0,0.0,0.0,True,80889
Random Reverse,1004,500,24,0,0.0,0.0,0.0,True,80889
Random Reverse,1004,1000,24,1,0.001,0.041666666666666664,0.012721589154278111,True,80889
TF-IDF Reverse,1005,100,108,0,0.0,0.0,0.0,True,80889
TF-IDF Reverse,1005,500,108,4,0.008,0.037037037037037035,0.023831211019844572,True,80889
TF-IDF Reverse,1005,1000,108,6,0.006,0.05555555555555555,0.03303063955112956,True,80889
User Activity,1005,100,108,0,0.0,0.0,0.0,True,80889
User Activity,1005,500,108,0,0.0,0.0,0.0,True,80889
User Activity,1005,1000,108,0,0.0,0.0,0.0,True,80889
Random Reverse,1005,100,108,0,0.0,0.0,0.0,True,80889
Random Reverse,1005,500,108,1,0.002,0.009259259259259259,0.005101556613314546,True,80889
Random Reverse,1005,1000,108,2,0.002,0.018518518518518517,0.009961055555262577,True,80889
TF-IDF Reverse,1010,100,59,1,0.01,0.01694915254237288,0.016014432181805486,True,80889
TF-IDF Reverse,1010,500,59,1,0.002,0.01694915254237288,0.016014432181805486,True,80889
TF-IDF Reverse,1010,1000,59,2,0.002,0.03389830508474576,0.023610985111680857,True,80889
User Activity,1010,100,59,0,0.0,0.0,0.0,True,80889
User Activity,1010,500,59,0,0.0,0.0,0.0,True,80889
User Activity,1010,1000,59,0,0.0,0.0,0.0,True,80889
Random Reverse,1010,100,59,0,0.0,0.0,0.0,True,80889
Random Reverse,1010,500,59,0,0.0,0.0,0.0,True,80889
Random Reverse,1010,1000,59,0,0.0,0.0,0.0,True,80889
TF-IDF Reverse,1011,100,123,0,0.0,0.0,0.0,True,80889
TF-IDF Reverse,1011,500,123,0,0.0,0.0,0.0,True,80889
TF-IDF Reverse,1011,1000,123,0,0.0,0.0,0.0,True,80889
User Activity,1011,100,123,0,0.0,0.0,0.0,True,80889
User Activity,1011,500,123,0,0.0,0.0,0.0,True,80889
User Activity,1011,1000,123,0,0.0,0.0,0.0,True,80889
Random Reverse,1011,100,123,0,0.0,0.0,0.0,True,80889
Random Reverse,1011,500,123,1,0.002,0.008130081300813009,0.004673458773553472,True,80889
Random Reverse,1011,1000,123,2,0.002,0.016260162601626018,0.008899347821606849,True,80889
TF-IDF Reverse,1012,100,9,1,0.01,0.1111111111111111,0.03932316244557903,True,80889
TF-IDF Reverse,1012,500,9,1,0.002,0.1111111111111111,0.03932316244557903,True,80889
TF-IDF Reverse,1012,1000,9,2,0.002,0.2222222222222222,0.06387446925804864,True,80889
User Activity,1012,100,9,0,0.0,0.0,0.0,True,80889
User Activity,1012,500,9,0,0.0,0.0,0.0,True,80889
User Activity,1012,1000,9,0,0.0,0.0,0.0,True,80889
Random Reverse,1012,100,9,0,0.0,0.0,0.0,True,80889
Random Reverse,1012,500,9,0,0.0,0.0,0.0,True,80889
Random Reverse,1012,1000,9,0,0.0,0.0,0.0,True,80889
TF-IDF Reverse,1013,100,339,3,0.03,0.008849557522123894,0.027499369782814864,True,80889
TF-IDF Reverse,1013,500,339,4,0.008,0.011799410029498525,0.013412021147539869,True,80889
TF-IDF Reverse,1013,1000,339,5,0.005,0.014749262536873156,0.015436867353819836,True,80889
User Activity,1013,100,339,0,0.0,0.0,0.0,True,80889
User Activity,1013,500,339,0,0.0,0.0,0.0,True,80889
User Activity,1013,1000,339,0,0.0,0.0,0.0,True,80889
Random Reverse,1013,100,339,1,0.01,0.0029498525073746312,0.012224177281673113,True,80889
Random Reverse,1013,500,339,1,0.002,0.0029498525073746312,0.0049162742132411175,True,80889
Random Reverse,1013,1000,339,6,0.006,0.017699115044247787,0.015174503205086627,True,80889
TF-IDF Reverse,1014,100,66,0,0.0,0.0,0.0,True,80889
TF-IDF Reverse,1014,500,66,0,0.0,0.0,0.0,True,80889
TF-IDF Reverse,1014,1000,66,0,0.0,0.0,0.0,True,80889
User Activity,1014,100,66,0,0.0,0.0,0.0,True,80889
User Activity,1014,500,66,0,0.0,0.0,0.0,True,80889
User Activity,1014,1000,66,0,0.0,0.0,0.0,True,80889
Random Reverse,1014,100,66,0,0.0,0.0,0.0,True,80889
Random Reverse,1014,500,66,0,0.0,0.0,0.0,True,80889
Random Reverse,1014,1000,66,1,0.001,0.015151515151515152,0.006448774499135631,True,80889
TF-IDF Reverse,1016,100,5,0,0.0,0.0,0.0,True,80889
TF-IDF Reverse,1016,500,5,0,0.0,0.0,0.0,True,80889
TF-IDF Reverse,1016,1000,5,0,0.0,0.0,0.0,True,80889
User Activity,1016,100,5,0,0.0,0.0,0.0,True,80889
User Activity,1016,500,5,0,0.0,0.0,0.0,True,80889
User Activity,1016,1000,5,0,0.0,0.0,0.0,True,80889
Random Reverse,1016,100,5,0,0.0,0.0,0.0,True,80889
Random Reverse,1016,500,5,0,0.0,0.0,0.0,True,80889
Random Reverse,1016,1000,5,0,0.0,0.0,0.0,True,80889
TF-IDF Reverse,1017,100,64,0,0.0,0.0,0.0,True,80889
TF-IDF Reverse,1017,500,64,2,0.004,0.03125,0.01595029183076221,True,80889
TF-IDF Reverse,1017,1000,64,3,0.003,0.046875,0.022730604886159543,True,80889
User Activity,1017,100,64,0,0.0,0.0,0.0,True,80889
User Activity,1017,500,64,0,0.0,0.0,0.0,True,80889
User Activity,1017,1000,64,0,0.0,0.0,0.0,True,80889
Random Reverse,1017,100,64,0,0.0,0.0,0.0,True,80889
Random Reverse,1017,500,64,0,0.0,0.0,0.0,True,80889
Random Reverse,1017,1000,64,1,0.001,0.015625,0.006820460845548593,True,80889
TF-IDF Reverse,1018,100,189,0,0.0,0.0,0.0,True,80889
TF-IDF Reverse,1018,500,189,0,0.0,0.0,0.0,True,80889
TF-IDF Reverse,1018,1000,189,0,0.0,0.0,0.0,True,80889
User Activity,1018,100,189,0,0.0,0.0,0.0,True,80889
User Activity,1018,500,189,0,0.0,0.0,0.0,True,80889
User Activity,1018,1000,189,0,0.0,0.0,0.0,True,80889
Random Reverse,1018,100,189,0,0.0,0.0,0.0,True,80889
Random Reverse,1018,500,189,1,0.002,0.005291005291005291,0.004338268312120912,True,80889
Random Reverse,1018,1000,189,2,0.002,0.010582010582010581,0.0074756088028218185,True,80889
TF-IDF Reverse,1019,100,12,0,0.0,0.0,0.0,True,80889
TF-IDF Reverse,1019,500,12,0,0.0,0.0,0.0,True,80889
TF-IDF Reverse,1019,1000,12,0,0.0,0.0,0.0,True,80889
User Activity,1019,100,12,0,0.0,0.0,0.0,True,80889
User Activity,1019,500,12,0,0.0,0.0,0.0,True,80889
User Activity,1019,1000,12,0,0.0,0.0,0.0,True,80889
Random Reverse,1019,100,12,0,0.0,0.0,0.0,True,80889
Random Reverse,1019,500,12,0,0.0,0.0,0.0,True,80889
Random Reverse,1019,1000,12,0,0.0,0.0,0.0,True,80889
TF-IDF Reverse,1020,100,26,0,0.0,0.0,0.0,True,80889
TF-IDF Reverse,1020,500,26,0,0.0,0.0,0.0,True,80889
TF-IDF Reverse,1020,1000,26,1,0.001,0.038461538461538464,0.012359820116105568,True,80889
User Activity,1020,100,26,0,0.0,0.0,0.0,True,80889
User Activity,1020,500,26,0,0.0,0.0,0.0,True,80889
User Activity,1020,1000,26,0,0.0,0.0,0.0,True,80889
Random Reverse,1020,100,26,0,0.0,0.0,0.0,True,80889
Random Reverse,1020,500,26,0,0.0,0.0,0.0,True,80889
Random Reverse,1020,1000,26,0,0.0,0.0,0.0,True,80889
TF-IDF Reverse,1021,100,30,0,0.0,0.0,0.0,True,80889
TF-IDF Reverse,1021,500,30,1,0.002,0.03333333333333333,0.013836356740495501,True,80889
TF-IDF Reverse,1021,1000,30,2,0.002,0.06666666666666667,0.025971911184979428,True,80889
User Activity,1021,100,30,0,0.0,0.0,0.0,True,80889
User Activity,1021,500,30,0,0.0,0.0,0.0,True,80889
User Activity,1021,1000,30,0,0.0,0.0,0.0,True,80889
Random Reverse,1021,100,30,0,0.0,0.0,0.0,True,80889
Random Reverse,1021,500,30,0,0.0,0.0,0.0,True,80889
Random Reverse,1021,1000,30,0,0.0,0.0,0.0,True,80889
TF-IDF Reverse,1022,100,53,0,0.0,0.0,0.0,True,80889
TF-IDF Reverse,1022,500,53,0,0.0,0.0,0.0,True,80889
TF-IDF Reverse,1022,1000,53,0,0.0,0.0,0.0,True,80889
User Activity,1022,100,53,0,0.0,0.0,0.0,True,80889
User Activity,1022,500,53,0,0.0,0.0,0.0,True,80889
User Activity,1022,1000,53,0,0.0,0.0,0.0,True,80889
Random Reverse,1022,100,53,0,0.0,0.0,0.0,True,80889
Random Reverse,1022,500,53,0,0.0,0.0,0.0,True,80889
Random Reverse,1022,1000,53,1,0.001,0.018867924528301886,0.007480649557671022,True,80889
TF-IDF Reverse,1023,100,7,0,0.0,0.0,0.0,True,80889
TF-IDF Reverse,1023,500,7,0,0.0,0.0,0.0,True,80889
TF-IDF Reverse,1023,1000,7,0,0.0,0.0,0.0,True,80889
User Activity,1023,100,7,0,0.0,0.0,0.0,True,80889
User Activity,1023,500,7,0,0.0,0.0,0.0,True,80889
User Activity,1023,1000,7,0,0.0,0.0,0.0,True,80889
Random Reverse,1023,100,7,0,0.0,0.0,0.0,True,80889
Random Reverse,1023,500,7,1,0.002,0.14285714285714285,0.03455739865954119,True,80889
Random Reverse,1023,1000,7,1,0.001,0.14285714285714285,0.03455739865954119,True,80889
TF-IDF Reverse,1025,100,90,4,0.04,0.044444444444444446,0.06872290809701953,True,80889
TF-IDF Reverse,1025,500,90,6,0.012,0.06666666666666667,0.08239466209354523,True,80889
TF-IDF Reverse,1025,1000,90,6,0.006,0.06666666666666667,0.08239466209354523,True,80889
User Activity,1025,100,90,0,0.0,0.0,0.0,True,80889
User Activity,1025,500,90,0,0.0,0.0,0.0,True,80889
User Activity,1025,1000,90,0,0.0,0.0,0.0,True,80889
Random Reverse,1025,100,90,0,0.0,0.0,0.0,True,80889
Random Reverse,1025,500,90,0,0.0,0.0,0.0,True,80889
Random Reverse,1025,1000,90,0,0.0,0.0,0.0,True,80889
TF-IDF Reverse,1028,100,9,5,0.05,0.5555555555555556,0.23409641973653883,True,80889
TF-IDF Reverse,1028,500,9,5,0.01,0.5555555555555556,0.23409641973653883,True,80889
TF-IDF Reverse,1028,1000,9,5,0.005,0.5555555555555556,0.23409641973653883,True,80889
User Activity,1028,100,9,0,0.0,0.0,0.0,True,80889
User Activity,1028,500,9,0,0.0,0.0,0.0,True,80889
User Activity,1028,1000,9,0,0.0,0.0,0.0,True,80889
Random Reverse,1028,100,9,0,0.0,0.0,0.0,True,80889
Random Reverse,1028,500,9,0,0.0,0.0,0.0,True,80889
Random Reverse,1028,1000,9,0,0.0,0.0,0.0,True,80889
TF-IDF Reverse,1029,100,17,0,0.0,0.0,0.0,True,80889
TF-IDF Reverse,1029,500,17,0,0.0,0.0,0.0,True,80889
TF-IDF Reverse,1029,1000,17,0,0.0,0.0,0.0,True,80889
User Activity,1029,100,17,0,0.0,0.0,0.0,True,80889
User Activity,1029,500,17,0,0.0,0.0,0.0,True,80889
User Activity,1029,1000,17,0,0.0,0.0,0.0,True,80889
Random Reverse,1029,100,17,0,0.0,0.0,0.0,True,80889
Random Reverse,1029,500,17,0,0.0,0.0,0.0,True,80889
Random Reverse,1029,1000,17,0,0.0,0.0,0.0,True,80889
TF-IDF Reverse,1030,100,5,1,0.01,0.2,0.05364822253323318,True,80889
TF-IDF Reverse,1030,500,5,1,0.002,0.2,0.05364822253323318,True,80889
TF-IDF Reverse,1030,1000,5,1,0.001,0.2,0.05364822253323318,True,80889
User Activity,1030,100,5,0,0.0,0.0,0.0,True,80889
User Activity,1030,500,5,0,0.0,0.0,0.0,True,80889
User Activity,1030,1000,5,0,0.0,0.0,0.0,True,80889
Random Reverse,1030,100,5,0,0.0,0.0,0.0,True,80889
Random Reverse,1030,500,5,0,0.0,0.0,0.0,True,80889
Random Reverse,1030,1000,5,0,0.0,0.0,0.0,True,80889
TF-IDF Reverse,1031,100,21,0,0.0,0.0,0.0,True,80889
TF-IDF Reverse,1031,500,21,2,0.004,0.09523809523809523,0.0329013675233933,True,80889
TF-IDF Reverse,1031,1000,21,2,0.002,0.09523809523809523,0.0329013675233933,True,80889
User Activity,1031,100,21,0,0.0,0.0,0.0,True,80889
User Activity,1031,500,21,0,0.0,0.0,0.0,True,80889
User Activity,1031,1000,21,0,0.0,0.0,0.0,True,80889
Random Reverse,1031,100,21,0,0.0,0.0,0.0,True,80889
Random Reverse,1031,500,21,0,0.0,0.0,0.0,True,80889
Random Reverse,1031,1000,21,0,0.0,0.0,0.0,True,80889
TF-IDF Reverse,1034,100,8,0,0.0,0.0,0.0,True,80889
TF-IDF Reverse,1034,500,8,0,0.0,0.0,0.0,True,80889
TF-IDF Reverse,1034,1000,8,0,0.0,0.0,0.0,True,80889
User Activity,1034,100,8,0,0.0,0.0,0.0,True,80889
User Activity,1034,500,8,0,0.0,0.0,0.0,True,80889
User Activity,1034,1000,8,0,0.0,0.0,0.0,True,80889
Random Reverse,1034,100,8,0,0.0,0.0,0.0,True,80889
Random Reverse,1034,500,8,0,0.0,0.0,0.0,True,80889
Random Reverse,1034,1000,8,0,0.0,0.0,0.0,True,80889
TF-IDF Reverse,1036,100,18,0,0.0,0.0,0.0,True,80889
TF-IDF Reverse,1036,500,18,0,0.0,0.0,0.0,True,80889
TF-IDF Reverse,1036,1000,18,0,0.0,0.0,0.0,True,80889
User Activity,1036,100,18,0,0.0,0.0,0.0,True,80889
User Activity,1036,500,18,0,0.0,0.0,0.0,True,80889
User Activity,1036,1000,18,0,0.0,0.0,0.0,True,80889
Random Reverse,1036,100,18,0,0.0,0.0,0.0,True,80889
Random Reverse,1036,500,18,0,0.0,0.0,0.0,True,80889
Random Reverse,1036,1000,18,0,0.0,0.0,0.0,True,80889
TF-IDF Reverse,1037,100,8,2,0.02,0.25,0.21078558563971428,True,80889
TF-IDF Reverse,1037,500,8,3,0.006,0.375,0.23964427457190599,True,80889
TF-IDF Reverse,1037,1000,8,6,0.006,0.75,0.3211590425574973,True,80889
User Activity,1037,100,8,0,0.0,0.0,0.0,True,80889
User Activity,1037,500,8,0,0.0,0.0,0.0,True,80889
User Activity,1037,1000,8,0,0.0,0.0,0.0,True,80889
Random Reverse,1037,100,8,0,0.0,0.0,0.0,True,80889
Random Reverse,1037,500,8,0,0.0,0.0,0.0,True,80889
Random Reverse,1037,1000,8,0,0.0,0.0,0.0,True,80889
TF-IDF Reverse,1038,100,12,3,0.03,0.25,0.14064544224008824,True,80889
TF-IDF Reverse,1038,500,12,4,0.008,0.3333333333333333,0.1642406876640331,True,80889
TF-IDF Reverse,1038,1000,12,4,0.004,0.3333333333333333,0.1642406876640331,True,80889
User Activity,1038,100,12,1,0.01,0.08333333333333333,0.03461622215569674,True,80889
User Activity,1038,500,12,1,0.002,0.08333333333333333,0.03461622215569674,True,80889
User Activity,1038,1000,12,2,0.002,0.16666666666666666,0.0545857260875445,True,80889
Random Reverse,1038,100,12,0,0.0,0.0,0.0,True,80889
Random Reverse,1038,500,12,0,0.0,0.0,0.0,True,80889
Random Reverse,1038,1000,12,0,0.0,0.0,0.0,True,80889
TF-IDF Reverse,1039,100,54,0,0.0,0.0,0.0,True,80889
TF-IDF Reverse,1039,500,54,0,0.0,0.0,0.0,True,80889
TF-IDF Reverse,1039,1000,54,0,0.0,0.0,0.0,True,80889
User Activity,1039,100,54,0,0.0,0.0,0.0,True,80889
User Activity,1039,500,54,1,0.002,0.018518518518518517,0.008358155349543712,True,80889
User Activity,1039,1000,54,1,0.001,0.018518518518518517,0.008358155349543712,True,80889
Random Reverse,1039,100,54,0,0.0,0.0,0.0,True,80889
Random Reverse,1039,500,54,0,0.0,0.0,0.0,True,80889
Random Reverse,1039,1000,54,0,0.0,0.0,0.0,True,80889
TF-IDF Reverse,1040,100,57,0,0.0,0.0,0.0,True,80889
TF-IDF Reverse,1040,500,57,0,0.0,0.0,0.0,True,80889
TF-IDF Reverse,1040,1000,57,0,0.0,0.0,0.0,True,80889
User Activity,1040,100,57,0,0.0,0.0,0.0,True,80889
User Activity,1040,500,57,0,0.0,0.0,0.0,True,80889
User Activity,1040,1000,57,0,0.0,0.0,0.0,True,80889
Random Reverse,1040,100,57,0,0.0,0.0,0.0,True,80889
Random Reverse,1040,500,57,1,0.002,0.017543859649122806,0.007923323666561928,True,80889
Random Reverse,1040,1000,57,2,0.002,0.03508771929824561,0.015759962132478447,True,80889
TF-IDF Reverse,1051,100,11,0,0.0,0.0,0.0,True,80889
TF-IDF Reverse,1051,500,11,0,0.0,0.0,0.0,True,80889
TF-IDF Reverse,1051,1000,11,0,0.0,0.0,0.0,True,80889
User Activity,1051,100,11,0,0.0,0.0,0.0,True,80889
User Activity,1051,500,11,0,0.0,0.0,0.0,True,80889
User Activity,1051,1000,11,1,0.001,0.09090909090909091,0.02281173426041347,True,80889
Random Reverse,1051,100,11,0,0.0,0.0,0.0,True,80889
Random Reverse,1051,500,11,0,0.0,0.0,0.0,True,80889
Random Reverse,1051,1000,11,0,0.0,0.0,0.0,True,80889
TF-IDF Reverse,1053,100,13,0,0.0,0.0,0.0,True,80889
TF-IDF Reverse,1053,500,13,0,0.0,0.0,0.0,True,80889
TF-IDF Reverse,1053,1000,13,0,0.0,0.0,0.0,True,80889
User Activity,1053,100,13,0,0.0,0.0,0.0,True,80889
User Activity,1053,500,13,0,0.0,0.0,0.0,True,80889
User Activity,1053,1000,13,0,0.0,0.0,0.0,True,80889
Random Reverse,1053,100,13,0,0.0,0.0,0.0,True,80889
Random Reverse,1053,500,13,0,0.0,0.0,0.0,True,80889
Random Reverse,1053,1000,13,0,0.0,0.0,0.0,True,80889
TF-IDF Reverse,1054,100,26,0,0.0,0.0,0.0,True,80889
TF-IDF Reverse,1054,500,26,0,0.0,0.0,0.0,True,80889
TF-IDF Reverse,1054,1000,26,0,0.0,0.0,0.0,True,80889
User Activity,1054,100,26,0,0.0,0.0,0.0,True,80889
User Activity,1054,500,26,0,0.0,0.0,0.0,True,80889
User Activity,1054,1000,26,0,0.0,0.0,0.0,True,80889
Random Reverse,1054,100,26,0,0.0,0.0,0.0,True,80889
Random Reverse,1054,500,26,0,0.0,0.0,0.0,True,80889
Random Reverse,1054,1000,26,0,0.0,0.0,0.0,True,80889
TF-IDF Reverse,1055,100,94,0,0.0,0.0,0.0,True,80889
TF-IDF Reverse,1055,500,94,0,0.0,0.0,0.0,True,80889
TF-IDF Reverse,1055,1000,94,0,0.0,0.0,0.0,True,80889
User Activity,1055,100,94,0,0.0,0.0,0.0,True,80889
User Activity,1055,500,94,0,0.0,0.0,0.0,True,80889
User Activity,1055,1000,94,0,0.0,0.0,0.0,True,80889
Random Reverse,1055,100,94,1,0.01,0.010638297872340425,0.007728036087246685,True,80889
Random Reverse,1055,500,94,3,0.006,0.031914893617021274,0.019676485925071114,True,80889
Random Reverse,1055,1000,94,3,0.003,0.031914893617021274,0.019676485925071114,True,80889
TF-IDF Reverse,1058,100,50,0,0.0,0.0,0.0,True,80889
TF-IDF Reverse,1058,500,50,0,0.0,0.0,0.0,True,80889
TF-IDF Reverse,1058,1000,50,1,0.001,0.02,0.008373127073083115,True,80889
User Activity,1058,100,50,0,0.0,0.0,0.0,True,80889
User Activity,1058,500,50,0,0.0,0.0,0.0,True,80889
User Activity,1058,1000,50,0,0.0,0.0,0.0,True,80889
Random Reverse,1058,100,50,0,0.0,0.0,0.0,True,80889
Random Reverse,1058,500,50,0,0.0,0.0,0.0,True,80889
Random Reverse,1058,1000,50,0,0.0,0.0,0.0,True,80889
TF-IDF Reverse,1059,100,27,0,0.0,0.0,0.0,True,80889
TF-IDF Reverse,1059,500,27,1,0.002,0.037037037037037035,0.013338888397485519,True,80889
TF-IDF Reverse,1059,1000,27,1,0.001,0.037037037037037035,0.013338888397485519,True,80889
User Activity,1059,100,27,0,0.0,0.0,0.0,True,80889
User Activity,1059,500,27,0,0.0,0.0,0.0,True,80889
User Activity,1059,1000,27,0,0.0,0.0,0.0,True,80889
Random Reverse,1059,100,27,0,0.0,0.0,0.0,True,80889
Random Reverse,1059,500,27,0,0.0,0.0,0.0,True,80889
Random Reverse,1059,1000,27,1,0.001,0.037037037037037035,0.01189646801349994,True,80889
TF-IDF Reverse,1060,100,13,0,0.0,0.0,0.0,True,80889
TF-IDF Reverse,1060,500,13,0,0.0,0.0,0.0,True,80889
TF-IDF Reverse,1060,1000,13,0,0.0,0.0,0.0,True,80889
User Activity,1060,100,13,0,0.0,0.0,0.0,True,80889
User Activity,1060,500,13,0,0.0,0.0,0.0,True,80889
User Activity,1060,1000,13,0,0.0,0.0,0.0,True,80889
Random Reverse,1060,100,13,0,0.0,0.0,0.0,True,80889
Random Reverse,1060,500,13,0,0.0,0.0,0.0,True,80889
Random Reverse,1060,1000,13,0,0.0,0.0,0.0,True,80889
TF-IDF Reverse,1061,100,16,0,0.0,0.0,0.0,True,80889
TF-IDF Reverse,1061,500,16,0,0.0,0.0,0.0,True,80889
TF-IDF Reverse,1061,1000,16,0,0.0,0.0,0.0,True,80889
User Activity,1061,100,16,0,0.0,0.0,0.0,True,80889
User Activity,1061,500,16,0,0.0,0.0,0.0,True,80889
User Activity,1061,1000,16,0,0.0,0.0,0.0,True,80889
Random Reverse,1061,100,16,0,0.0,0.0,0.0,True,80889
Random Reverse,1061,500,16,0,0.0,0.0,0.0,True,80889
Random Reverse,1061,1000,16,0,0.0,0.0,0.0,True,80889
TF-IDF Reverse,1062,100,14,0,0.0,0.0,0.0,True,80889
TF-IDF Reverse,1062,500,14,0,0.0,0.0,0.0,True,80889
TF-IDF Reverse,1062,1000,14,0,0.0,0.0,0.0,True,80889
User Activity,1062,100,14,0,0.0,0.0,0.0,True,80889
User Activity,1062,500,14,1,0.002,0.07142857142857142,0.02160667608974257,True,80889
User Activity,1062,1000,14,1,0.001,0.07142857142857142,0.02160667608974257,True,80889
Random Reverse,1062,100,14,0,0.0,0.0,0.0,True,80889
Random Reverse,1062,500,14,0,0.0,0.0,0.0,True,80889
Random Reverse,1062,1000,14,0,0.0,0.0,0.0,True,80889
TF-IDF Reverse,1063,100,29,1,0.01,0.034482758620689655,0.022322096352738865,True,80889
TF-IDF Reverse,1063,500,29,1,0.002,0.034482758620689655,0.022322096352738865,True,80889
TF-IDF Reverse,1063,1000,29,1,0.001,0.034482758620689655,0.022322096352738865,True,80889
User Activity,1063,100,29,0,0.0,0.0,0.0,True,80889
User Activity,1063,500,29,0,0.0,0.0,0.0,True,80889
User Activity,1063,1000,29,0,0.0,0.0,0.0,True,80889
Random Reverse,1063,100,29,0,0.0,0.0,0.0,True,80889
Random Reverse,1063,500,29,0,0.0,0.0,0.0,True,80889
Random Reverse,1063,1000,29,0,0.0,0.0,0.0,True,80889
TF-IDF Reverse,1065,100,32,2,0.02,0.0625,0.04221560748510425,True,80889
TF-IDF Reverse,1065,500,32,2,0.004,0.0625,0.04221560748510425,True,80889
TF-IDF Reverse,1065,1000,32,2,0.002,0.0625,0.04221560748510425,True,80889
User Activity,1065,100,32,0,0.0,0.0,0.0,True,80889
User Activity,1065,500,32,0,0.0,0.0,0.0,True,80889
User Activity,1065,1000,32,0,0.0,0.0,0.0,True,80889
Random Reverse,1065,100,32,0,0.0,0.0,0.0,True,80889
Random Reverse,1065,500,32,0,0.0,0.0,0.0,True,80889
Random Reverse,1065,1000,32,0,0.0,0.0,0.0,True,80889
TF-IDF Reverse,1066,100,118,1,0.01,0.00847457627118644,0.007220048102836811,True,80889
TF-IDF Reverse,1066,500,118,5,0.01,0.0423728813559322,0.027647601941255488,True,80889
TF-IDF Reverse,1066,1000,118,5,0.005,0.0423728813559322,0.027647601941255488,True,80889
User Activity,1066,100,118,0,0.0,0.0,0.0,True,80889
User Activity,1066,500,118,0,0.0,0.0,0.0,True,80889
User Activity,1066,1000,118,1,0.001,0.00847457627118644,0.0043760328447732715,True,80889
Random Reverse,1066,100,118,0,0.0,0.0,0.0,True,80889
Random Reverse,1066,500,118,3,0.006,0.025423728813559324,0.016946389302695496,True,80889
Random Reverse,1066,1000,118,3,0.003,0.025423728813559324,0.016946389302695496,True,80889
TF-IDF Reverse,1067,100,293,1,0.01,0.0034129692832764505,0.007252664423766982,True,80889
TF-IDF Reverse,1067,500,293,11,0.022,0.03754266211604096,0.027772568702202002,True,80889
TF-IDF Reverse,1067,1000,293,19,0.019,0.06484641638225255,0.04664911411691992,True,80889
User Activity,1067,100,293,0,0.0,0.0,0.0,True,80889
User Activity,1067,500,293,0,0.0,0.0,0.0,True,80889
User Activity,1067,1000,293,0,0.0,0.0,0.0,True,80889
Random Reverse,1067,100,293,0,0.0,0.0,0.0,True,80889
Random Reverse,1067,500,293,2,0.004,0.006825938566552901,0.005016496138176404,True,80889
Random Reverse,1067,1000,293,6,0.006,0.020477815699658702,0.014124831270146824,True,80889
TF-IDF Reverse,1069,100,11,0,0.0,0.0,0.0,True,80889
TF-IDF Reverse,1069,500,11,0,0.0,0.0,0.0,True,80889
TF-IDF Reverse,1069,1000,11,0,0.0,0.0,0.0,True,80889
User Activity,1069,100,11,0,0.0,0.0,0.0,True,80889
User Activity,1069,500,11,0,0.0,0.0,0.0,True,80889
User Activity,1069,1000,11,0,0.0,0.0,0.0,True,80889
Random Reverse,1069,100,11,0,0.0,0.0,0.0,True,80889
Random Reverse,1069,500,11,1,0.002,0.09090909090909091,0.02825142596009061,True,80889
Random Reverse,1069,1000,11,1,0.001,0.09090909090909091,0.02825142596009061,True,80889
TF-IDF Reverse,1071,100,5,0,0.0,0.0,0.0,True,80889
TF-IDF Reverse,1071,500,5,0,0.0,0.0,0.0,True,80889
TF-IDF Reverse,1071,1000,5,0,0.0,0.0,0.0,True,80889
User Activity,1071,100,5,0,0.0,0.0,0.0,True,80889
User Activity,1071,500,5,0,0.0,0.0,0.0,True,80889
User Activity,1071,1000,5,0,0.0,0.0,0.0,True,80889
Random Reverse,1071,100,5,0,0.0,0.0,0.0,True,80889
Random Reverse,1071,500,5,0,0.0,0.0,0.0,True,80889
Random Reverse,1071,1000,5,0,0.0,0.0,0.0,True,80889
TF-IDF Reverse,1072,100,122,0,0.0,0.0,0.0,True,80889
TF-IDF Reverse,1072,500,122,0,0.0,0.0,0.0,True,80889
TF-IDF Reverse,1072,1000,122,0,0.0,0.0,0.0,True,80889
User Activity,1072,100,122,0,0.0,0.0,0.0,True,80889
User Activity,1072,500,122,0,0.0,0.0,0.0,True,80889
User Activity,1072,1000,122,0,0.0,0.0,0.0,True,80889
Random Reverse,1072,100,122,0,0.0,0.0,0.0,True,80889
Random Reverse,1072,500,122,1,0.002,0.00819672131147541,0.005303921115069942,True,80889
Random Reverse,1072,1000,122,1,0.001,0.00819672131147541,0.005303921115069942,True,80889
TF-IDF Reverse,1073,100,125,1,0.01,0.008,0.01847551879282437,True,80889
TF-IDF Reverse,1073,500,125,73,0.146,0.584,0.3769512170041984,True,80889
TF-IDF Reverse,1073,1000,125,81,0.081,0.648,0.4104035801380156,True,80889
User Activity,1073,100,125,0,0.0,0.0,0.0,True,80889
User Activity,1073,500,125,1,0.002,0.008,0.0053755189268949975,True,80889
User Activity,1073,1000,125,2,0.002,0.016,0.009835923505005955,True,80889
Random Reverse,1073,100,125,0,0.0,0.0,0.0,True,80889
Random Reverse,1073,500,125,0,0.0,0.0,0.0,True,80889
Random Reverse,1073,1000,125,0,0.0,0.0,0.0,True,80889
TF-IDF Reverse,1074,100,23,0,0.0,0.0,0.0,True,80889
TF-IDF Reverse,1074,500,23,2,0.004,0.08695652173913043,0.03170392160880392,True,80889
TF-IDF Reverse,1074,1000,23,2,0.002,0.08695652173913043,0.03170392160880392,True,80889
User Activity,1074,100,23,0,0.0,0.0,0.0,True,80889
User Activity,1074,500,23,0,0.0,0.0,0.0,True,80889
User Activity,1074,1000,23,0,0.0,0.0,0.0,True,80889
Random Reverse,1074,100,23,0,0.0,0.0,0.0,True,80889
Random Reverse,1074,500,23,0,0.0,0.0,0.0,True,80889
Random Reverse,1074,1000,23,0,0.0,0.0,0.0,True,80889
TF-IDF Reverse,1079,100,7,0,0.0,0.0,0.0,True,80889
TF-IDF Reverse,1079,500,7,0,0.0,0.0,0.0,True,80889
TF-IDF Reverse,1079,1000,7,0,0.0,0.0,0.0,True,80889
User Activity,1079,100,7,0,0.0,0.0,0.0,True,80889
User Activity,1079,500,7,0,0.0,0.0,0.0,True,80889
User Activity,1079,1000,7,1,0.001,0.14285714285714285,0.027941322316880672,True,80889
Random Reverse,1079,100,7,0,0.0,0.0,0.0,True,80889
Random Reverse,1079,500,7,0,0.0,0.0,0.0,True,80889
Random Reverse,1079,1000,7,0,0.0,0.0,0.0,True,80889
TF-IDF Reverse,1080,100,8,0,0.0,0.0,0.0,True,80889
TF-IDF Reverse,1080,500,8,1,0.002,0.125,0.036076808460602024,True,80889
TF-IDF Reverse,1080,1000,8,2,0.002,0.25,0.061457922033063196,True,80889
User Activity,1080,100,8,0,0.0,0.0,0.0,True,80889
User Activity,1080,500,8,0,0.0,0.0,0.0,True,80889
User Activity,1080,1000,8,0,0.0,0.0,0.0,True,80889
Random Reverse,1080,100,8,0,0.0,0.0,0.0,True,80889
Random Reverse,1080,500,8,0,0.0,0.0,0.0,True,80889
Random Reverse,1080,1000,8,0,0.0,0.0,0.0,True,80889
TF-IDF Reverse,1081,100,6,0,0.0,0.0,0.0,True,80889
TF-IDF Reverse,1081,500,6,0,0.0,0.0,0.0,True,80889
TF-IDF Reverse,1081,1000,6,0,0.0,0.0,0.0,True,80889
User Activity,1081,100,6,0,0.0,0.0,0.0,True,80889
User Activity,1081,500,6,0,0.0,0.0,0.0,True,80889
User Activity,1081,1000,6,0,0.0,0.0,0.0,True,80889
Random Reverse,1081,100,6,0,0.0,0.0,0.0,True,80889
Random Reverse,1081,500,6,0,0.0,0.0,0.0,True,80889
Random Reverse,1081,1000,6,0,0.0,0.0,0.0,True,80889
TF-IDF Reverse,1082,100,18,0,0.0,0.0,0.0,True,80889
TF-IDF Reverse,1082,500,18,0,0.0,0.0,0.0,True,80889
TF-IDF Reverse,1082,1000,18,0,0.0,0.0,0.0,True,80889
User Activity,1082,100,18,0,0.0,0.0,0.0,True,80889
User Activity,1082,500,18,0,0.0,0.0,0.0,True,80889
User Activity,1082,1000,18,0,0.0,0.0,0.0,True,80889
Random Reverse,1082,100,18,0,0.0,0.0,0.0,True,80889
Random Reverse,1082,500,18,1,0.002,0.05555555555555555,0.01911682093567796,True,80889
Random Reverse,1082,1000,18,1,0.001,0.05555555555555555,0.01911682093567796,True,80889
TF-IDF Reverse,1083,100,211,0,0.0,0.0,0.0,True,80889
TF-IDF Reverse,1083,500,211,0,0.0,0.0,0.0,True,80889
TF-IDF Reverse,1083,1000,211,0,0.0,0.0,0.0,True,80889
User Activity,1083,100,211,0,0.0,0.0,0.0,True,80889
User Activity,1083,500,211,0,0.0,0.0,0.0,True,80889
User Activity,1083,1000,211,0,0.0,0.0,0.0,True,80889
Random Reverse,1083,100,211,0,0.0,0.0,0.0,True,80889
Random Reverse,1083,500,211,0,0.0,0.0,0.0,True,80889
Random Reverse,1083,1000,211,2,0.002,0.009478672985781991,0.006003137399263268,True,80889
TF-IDF Reverse,1085,100,94,7,0.07,0.07446808510638298,0.10850902061673111,True,80889
TF-IDF Reverse,1085,500,94,9,0.018,0.09574468085106383,0.12195388140694807,True,80889
TF-IDF Reverse,1085,1000,94,10,0.01,0.10638297872340426,0.12744542192342662,True,80889
User Activity,1085,100,94,0,0.0,0.0,0.0,True,80889
User Activity,1085,500,94,0,0.0,0.0,0.0,True,80889
User Activity,1085,1000,94,0,0.0,0.0,0.0,True,80889
Random Reverse,1085,100,94,0,0.0,0.0,0.0,True,80889
Random Reverse,1085,500,94,0,0.0,0.0,0.0,True,80889
Random Reverse,1085,1000,94,2,0.002,0.02127659574468085,0.010339161651691854,True,80889
TF-IDF Reverse,1086,100,6,0,0.0,0.0,0.0,True,80889
TF-IDF Reverse,1086,500,6,0,0.0,0.0,0.0,True,80889
TF-IDF Reverse,1086,1000,6,0,0.0,0.0,0.0,True,80889
User Activity,1086,100,6,0,0.0,0.0,0.0,True,80889
User Activity,1086,500,6,0,0.0,0.0,0.0,True,80889
User Activity,1086,1000,6,0,0.0,0.0,0.0,True,80889
Random Reverse,1086,100,6,0,0.0,0.0,0.0,True,80889
Random Reverse,1086,500,6,0,0.0,0.0,0.0,True,80889
Random Reverse,1086,1000,6,0,0.0,0.0,0.0,True,80889
TF-IDF Reverse,1088,100,252,1,0.01,0.003968253968253968,0.04775852326081999,True,80889
TF-IDF Reverse,1088,500,252,2,0.004,0.007936507936507936,0.02717982972405942,True,80889
TF-IDF Reverse,1088,1000,252,9,0.009,0.03571428571428571,0.0448515816443488,True,80889
User Activity,1088,100,252,0,0.0,0.0,0.0,True,80889
User Activity,1088,500,252,0,0.0,0.0,0.0,True,80889
User Activity,1088,1000,252,0,0.0,0.0,0.0,True,80889
Random Reverse,1088,100,252,1,0.01,0.003968253968253968,0.00829877616945003,True,80889
Random Reverse,1088,500,252,2,0.004,0.007936507936507936,0.006996486930299872,True,80889
Random Reverse,1088,1000,252,2,0.002,0.007936507936507936,0.006996486930299872,True,80889
TF-IDF Reverse,1089,100,181,42,0.42,0.23204419889502761,0.3180650173611857,True,80889
TF-IDF Reverse,1089,500,181,116,0.232,0.6408839779005525,0.5160451916898813,True,80889
TF-IDF Reverse,1089,1000,181,116,0.116,0.6408839779005525,0.5160451916898813,True,80889
User Activity,1089,100,181,0,0.0,0.0,0.0,True,80889
User Activity,1089,500,181,0,0.0,0.0,0.0,True,80889
User Activity,1089,1000,181,0,0.0,0.0,0.0,True,80889
Random Reverse,1089,100,181,0,0.0,0.0,0.0,True,80889
Random Reverse,1089,500,181,2,0.004,0.011049723756906077,0.007933526351559372,True,80889
Random Reverse,1089,1000,181,3,0.003,0.016574585635359115,0.011287749959164983,True,80889
TF-IDF Reverse,1090,100,190,5,0.05,0.02631578947368421,0.040267478552234885,True,80889
TF-IDF Reverse,1090,500,190,15,0.03,0.07894736842105263,0.062065272548007894,True,80889
TF-IDF Reverse,1090,1000,190,19,0.019,0.1,0.07470915143313697,True,80889
User Activity,1090,100,190,0,0.0,0.0,0.0,True,80889
User Activity,1090,500,190,0,0.0,0.0,0.0,True,80889
User Activity,1090,1000,190,0,0.0,0.0,0.0,True,80889
Random Reverse,1090,100,190,0,0.0,0.0,0.0,True,80889
Random Reverse,1090,500,190,1,0.002,0.005263157894736842,0.00338874986851391,True,80889
Random Reverse,1090,1000,190,2,0.002,0.010526315789473684,0.006606249066466471,True,80889
TF-IDF Reverse,1093,100,137,1,0.01,0.0072992700729927005,0.009237759396412184,True,80889
TF-IDF Reverse,1093,500,137,1,0.002,0.0072992700729927005,0.007354060897844788,True,80889
TF-IDF Reverse,1093,1000,137,2,0.002,0.014598540145985401,0.011470549082893296,True,80889
User Activity,1093,100,137,0,0.0,0.0,0.0,True,80889
User Activity,1093,500,137,0,0.0,0.0,0.0,True,80889
User Activity,1093,1000,137,0,0.0,0.0,0.0,True,80889
Random Reverse,1093,100,137,0,0.0,0.0,0.0,True,80889
Random Reverse,1093,500,137,1,0.002,0.0072992700729927005,0.00536439402216178,True,80889
Random Reverse,1093,1000,137,3,0.003,0.021897810218978103,0.013293781963171955,True,80889
TF-IDF Reverse,1094,100,21,0,0.0,0.0,0.0,True,80889
TF-IDF Reverse,1094,500,21,1,0.002,0.047619047619047616,0.01697663890335049,True,80889
TF-IDF Reverse,1094,1000,21,1,0.001,0.047619047619047616,0.01697663890335049,True,80889
User Activity,1094,100,21,0,0.0,0.0,0.0,True,80889
User Activity,1094,500,21,0,0.0,0.0,0.0,True,80889
User Activity,1094,1000,21,0,0.0,0.0,0.0,True,80889
Random Reverse,1094,100,21,0,0.0,0.0,0.0,True,80889
Random Reverse,1094,500,21,0,0.0,0.0,0.0,True,80889
Random Reverse,1094,1000,21,0,0.0,0.0,0.0,True,80889
TF-IDF Reverse,1095,100,15,0,0.0,0.0,0.0,True,80889
TF-IDF Reverse,1095,500,15,1,0.002,0.06666666666666667,0.02047904459673538,True,80889
TF-IDF Reverse,1095,1000,15,2,0.002,0.13333333333333333,0.038203372338222436,True,80889
User Activity,1095,100,15,0,0.0,0.0,0.0,True,80889
User Activity,1095,500,15,0,0.0,0.0,0.0,True,80889
User Activity,1095,1000,15,0,0.0,0.0,0.0,True,80889
Random Reverse,1095,100,15,0,0.0,0.0,0.0,True,80889
Random Reverse,1095,500,15,0,0.0,0.0,0.0,True,80889
Random Reverse,1095,1000,15,0,0.0,0.0,0.0,True,80889
TF-IDF Reverse,1097,100,116,0,0.0,0.0,0.0,True,80889
TF-IDF Reverse,1097,500,116,2,0.004,0.017241379310344827,0.010234733208676522,True,80889
TF-IDF Reverse,1097,1000,116,3,0.003,0.02586206896551724,0.014853234835318549,True,80889
User Activity,1097,100,116,0,0.0,0.0,0.0,True,80889
User Activity,1097,500,116,0,0.0,0.0,0.0,True,80889
User Activity,1097,1000,116,0,0.0,0.0,0.0,True,80889
Random Reverse,1097,100,116,0,0.0,0.0,0.0,True,80889
Random Reverse,1097,500,116,2,0.004,0.017241379310344827,0.011656178689457976,True,80889
Random Reverse,1097,1000,116,2,0.002,0.017241379310344827,0.011656178689457976,True,80889
TF-IDF Reverse,1098,100,9,0,0.0,0.0,0.0,True,80889
TF-IDF Reverse,1098,500,9,0,0.0,0.0,0.0,True,80889
TF-IDF Reverse,1098,1000,9,0,0.0,0.0,0.0,True,80889
User Activity,1098,100,9,0,0.0,0.0,0.0,True,80889
User Activity,1098,500,9,0,0.0,0.0,0.0,True,80889
User Activity,1098,1000,9,0,0.0,0.0,0.0,True,80889
Random Reverse,1098,100,9,0,0.0,0.0,0.0,True,80889
Random Reverse,1098,500,9,0,0.0,0.0,0.0,True,80889
Random Reverse,1098,1000,9,0,0.0,0.0,0.0,True,80889
TF-IDF Reverse,1099,100,22,0,0.0,0.0,0.0,True,80889
TF-IDF Reverse,1099,500,22,0,0.0,0.0,0.0,True,80889
TF-IDF Reverse,1099,1000,22,0,0.0,0.0,0.0,True,80889
User Activity,1099,100,22,0,0.0,0.0,0.0,True,80889
User Activity,1099,500,22,0,0.0,0.0,0.0,True,80889
User Activity,1099,1000,22,0,0.0,0.0,0.0,True,80889
Random Reverse,1099,100,22,0,0.0,0.0,0.0,True,80889
Random Reverse,1099,500,22,0,0.0,0.0,0.0,True,80889
Random Reverse,1099,1000,22,0,0.0,0.0,0.0,True,80889
TF-IDF Reverse,1101,100,34,0,0.0,0.0,0.0,True,80889
TF-IDF Reverse,1101,500,34,3,0.006,0.08823529411764706,0.03851379460432297,True,80889
TF-IDF Reverse,1101,1000,34,4,0.004,0.11764705882352941,0.04945154498427523,True,80889
User Activity,1101,100,34,0,0.0,0.0,0.0,True,80889
User Activity,1101,500,34,0,0.0,0.0,0.0,True,80889
User Activity,1101,1000,34,0,0.0,0.0,0.0,True,80889
Random Reverse,1101,100,34,0,0.0,0.0,0.0,True,80889
Random Reverse,1101,500,34,0,0.0,0.0,0.0,True,80889
Random Reverse,1101,1000,34,1,0.001,0.029411764705882353,0.010263230708465328,True,80889
TF-IDF Reverse,1102,100,5,1,0.01,0.2,0.09803928583135704,True,80889
TF-IDF Reverse,1102,500,5,1,0.002,0.2,0.09803928583135704,True,80889
TF-IDF Reverse,1102,1000,5,1,0.001,0.2,0.09803928583135704,True,80889
User Activity,1102,100,5,0,0.0,0.0,0.0,True,80889
User Activity,1102,500,5,0,0.0,0.0,0.0,True,80889
User Activity,1102,1000,5,0,0.0,0.0,0.0,True,80889
Random Reverse,1102,100,5,0,0.0,0.0,0.0,True,80889
Random Reverse,1102,500,5,0,0.0,0.0,0.0,True,80889
Random Reverse,1102,1000,5,0,0.0,0.0,0.0,True,80889
TF-IDF Reverse,1103,100,39,1,0.01,0.02564102564102564,0.015012834406945645,True,80889
TF-IDF Reverse,1103,500,39,1,0.002,0.02564102564102564,0.015012834406945645,True,80889
TF-IDF Reverse,1103,1000,39,1,0.001,0.02564102564102564,0.015012834406945645,True,80889
User Activity,1103,100,39,0,0.0,0.0,0.0,True,80889
User Activity,1103,500,39,0,0.0,0.0,0.0,True,80889
User Activity,1103,1000,39,0,0.0,0.0,0.0,True,80889
Random Reverse,1103,100,39,0,0.0,0.0,0.0,True,80889
Random Reverse,1103,500,39,1,0.002,0.02564102564102564,0.01051957674154314,True,80889
Random Reverse,1103,1000,39,1,0.001,0.02564102564102564,0.01051957674154314,True,80889
TF-IDF Reverse,1105,100,15,3,0.03,0.2,0.08138867689037886,True,80889
TF-IDF Reverse,1105,500,15,3,0.006,0.2,0.08138867689037886,True,80889
TF-IDF Reverse,1105,1000,15,3,0.003,0.2,0.08138867689037886,True,80889
User Activity,1105,100,15,0,0.0,0.0,0.0,True,80889
User Activity,1105,500,15,0,0.0,0.0,0.0,True,80889
User Activity,1105,1000,15,0,0.0,0.0,0.0,True,80889
Random Reverse,1105,100,15,0,0.0,0.0,0.0,True,80889
Random Reverse,1105,500,15,0,0.0,0.0,0.0,True,80889
Random Reverse,1105,1000,15,0,0.0,0.0,0.0,True,80889
TF-IDF Reverse,1106,100,44,0,0.0,0.0,0.0,True,80889
TF-IDF Reverse,1106,500,44,0,0.0,0.0,0.0,True,80889
TF-IDF Reverse,1106,1000,44,0,0.0,0.0,0.0,True,80889
User Activity,1106,100,44,0,0.0,0.0,0.0,True,80889
User Activity,1106,500,44,0,0.0,0.0,0.0,True,80889
User Activity,1106,1000,44,0,0.0,0.0,0.0,True,80889
Random Reverse,1106,100,44,0,0.0,0.0,0.0,True,80889
Random Reverse,1106,500,44,0,0.0,0.0,0.0,True,80889
Random Reverse,1106,1000,44,0,0.0,0.0,0.0,True,80889
TF-IDF Reverse,1109,100,7,0,0.0,0.0,0.0,True,80889
TF-IDF Reverse,1109,500,7,0,0.0,0.0,0.0,True,80889
TF-IDF Reverse,1109,1000,7,0,0.0,0.0,0.0,True,80889
User Activity,1109,100,7,0,0.0,0.0,0.0,True,80889
User Activity,1109,500,7,0,0.0,0.0,0.0,True,80889
User Activity,1109,1000,7,0,0.0,0.0,0.0,True,80889
Random Reverse,1109,100,7,0,0.0,0.0,0.0,True,80889
Random Reverse,1109,500,7,0,0.0,0.0,0.0,True,80889
Random Reverse,1109,1000,7,0,0.0,0.0,0.0,True,80889
TF-IDF Reverse,1110,100,331,1,0.01,0.0030211480362537764,0.007236235447768947,True,80889
TF-IDF Reverse,1110,500,331,7,0.014,0.021148036253776436,0.018389856515408143,True,80889
TF-IDF Reverse,1110,1000,331,8,0.008,0.02416918429003021,0.02036811399859673,True,80889
User Activity,1110,100,331,0,0.0,0.0,0.0,True,80889
User Activity,1110,500,331,0,0.0,0.0,0.0,True,80889
User Activity,1110,1000,331,0,0.0,0.0,0.0,True,80889
Random Reverse,1110,100,331,3,0.03,0.00906344410876133,0.02785159458101705,True,80889
Random Reverse,1110,500,331,6,0.012,0.01812688821752266,0.0195252601823232,True,80889
Random Reverse,1110,1000,331,9,0.009,0.027190332326283987,0.02578488463630706,True,80889
TF-IDF Reverse,1111,100,15,0,0.0,0.0,0.0,True,80889
TF-IDF Reverse,1111,500,15,1,0.002,0.06666666666666667,0.023388360293374783,True,80889
TF-IDF Reverse,1111,1000,15,1,0.001,0.06666666666666667,0.023388360293374783,True,80889
User Activity,1111,100,15,0,0.0,0.0,0.0,True,80889
User Activity,1111,500,15,0,0.0,0.0,0.0,True,80889
User Activity,1111,1000,15,0,0.0,0.0,0.0,True,80889
Random Reverse,1111,100,15,0,0.0,0.0,0.0,True,80889
Random Reverse,1111,500,15,0,0.0,0.0,0.0,True,80889
Random Reverse,1111,1000,15,0,0.0,0.0,0.0,True,80889
TF-IDF Reverse,1112,100,36,0,0.0,0.0,0.0,True,80889
TF-IDF Reverse,1112,500,36,0,0.0,0.0,0.0,True,80889
TF-IDF Reverse,1112,1000,36,0,0.0,0.0,0.0,True,80889
User Activity,1112,100,36,0,0.0,0.0,0.0,True,80889
User Activity,1112,500,36,0,0.0,0.0,0.0,True,80889
User Activity,1112,1000,36,1,0.001,0.027777777777777776,0.010207310812760844,True,80889
Random Reverse,1112,100,36,0,0.0,0.0,0.0,True,80889
Random Reverse,1112,500,36,0,0.0,0.0,0.0,True,80889
Random Reverse,1112,1000,36,1,0.001,0.027777777777777776,0.010735765694465578,True,80889
TF-IDF Reverse,1115,100,8,0,0.0,0.0,0.0,True,80889
TF-IDF Reverse,1115,500,8,0,0.0,0.0,0.0,True,80889
TF-IDF Reverse,1115,1000,8,0,0.0,0.0,0.0,True,80889
User Activity,1115,100,8,0,0.0,0.0,0.0,True,80889
User Activity,1115,500,8,0,0.0,0.0,0.0,True,80889
User Activity,1115,1000,8,0,0.0,0.0,0.0,True,80889
Random Reverse,1115,100,8,0,0.0,0.0,0.0,True,80889
Random Reverse,1115,500,8,0,0.0,0.0,0.0,True,80889
Random Reverse,1115,1000,8,0,0.0,0.0,0.0,True,80889
TF-IDF Reverse,1116,100,5,1,0.01,0.2,0.05412027409441776,True,80889
TF-IDF Reverse,1116,500,5,2,0.004,0.4,0.09417412441462922,True,80889
TF-IDF Reverse,1116,1000,5,2,0.002,0.4,0.09417412441462922,True,80889
User Activity,1116,100,5,0,0.0,0.0,0.0,True,80889
User Activity,1116,500,5,0,0.0,0.0,0.0,True,80889
User Activity,1116,1000,5,0,0.0,0.0,0.0,True,80889
Random Reverse,1116,100,5,0,0.0,0.0,0.0,True,80889
Random Reverse,1116,500,5,0,0.0,0.0,0.0,True,80889
Random Reverse,1116,1000,5,0,0.0,0.0,0.0,True,80889
TF-IDF Reverse,1117,100,89,2,0.02,0.02247191011235955,0.017845311792783917,True,80889
TF-IDF Reverse,1117,500,89,2,0.004,0.02247191011235955,0.017845311792783917,True,80889
TF-IDF Reverse,1117,1000,89,2,0.002,0.02247191011235955,0.017845311792783917,True,80889
User Activity,1117,100,89,0,0.0,0.0,0.0,True,80889
User Activity,1117,500,89,0,0.0,0.0,0.0,True,80889
User Activity,1117,1000,89,0,0.0,0.0,0.0,True,80889
Random Reverse,1117,100,89,0,0.0,0.0,0.0,True,80889
Random Reverse,1117,500,89,0,0.0,0.0,0.0,True,80889
Random Reverse,1117,1000,89,1,0.001,0.011235955056179775,0.005304210100616335,True,80889
TF-IDF Reverse,1118,100,88,16,0.16,0.18181818181818182,0.16180201059412852,True,80889
TF-IDF Reverse,1118,500,88,20,0.04,0.22727272727272727,0.1914676734690832,True,80889
TF-IDF Reverse,1118,1000,88,20,0.02,0.22727272727272727,0.1914676734690832,True,80889
User Activity,1118,100,88,0,0.0,0.0,0.0,True,80889
User Activity,1118,500,88,0,0.0,0.0,0.0,True,80889
User Activity,1118,1000,88,1,0.001,0.011363636363636364,0.005381903787961521,True,80889
Random Reverse,1118,100,88,0,0.0,0.0,0.0,True,80889
Random Reverse,1118,500,88,0,0.0,0.0,0.0,True,80889
Random Reverse,1118,1000,88,0,0.0,0.0,0.0,True,80889
TF-IDF Reverse,1122,100,39,0,0.0,0.0,0.0,True,80889
TF-IDF Reverse,1122,500,39,0,0.0,0.0,0.0,True,80889
TF-IDF Reverse,1122,1000,39,0,0.0,0.0,0.0,True,80889
User Activity,1122,100,39,0,0.0,0.0,0.0,True,80889
User Activity,1122,500,39,0,0.0,0.0,0.0,True,80889
User Activity,1122,1000,39,0,0.0,0.0,0.0,True,80889
Random Reverse,1122,100,39,0,0.0,0.0,0.0,True,80889
Random Reverse,1122,500,39,0,0.0,0.0,0.0,True,80889
Random Reverse,1122,1000,39,0,0.0,0.0,0.0,True,80889
TF-IDF Reverse,1123,100,41,1,0.01,0.024390243902439025,0.023291798071157464,True,80889
TF-IDF Reverse,1123,500,41,1,0.002,0.024390243902439025,0.023291798071157464,True,80889
TF-IDF Reverse,1123,1000,41,2,0.002,0.04878048780487805,0.03294942533227738,True,80889
User Activity,1123,100,41,0,0.0,0.0,0.0,True,80889
User Activity,1123,500,41,0,0.0,0.0,0.0,True,80889
User Activity,1123,1000,41,0,0.0,0.0,0.0,True,80889
Random Reverse,1123,100,41,0,0.0,0.0,0.0,True,80889
Random Reverse,1123,500,41,1,0.002,0.024390243902439025,0.010685374054164953,True,80889
Random Reverse,1123,1000,41,1,0.001,0.024390243902439025,0.010685374054164953,True,80889
TF-IDF Reverse,1124,100,39,0,0.0,0.0,0.0,True,80889
TF-IDF Reverse,1124,500,39,0,0.0,0.0,0.0,True,80889
TF-IDF Reverse,1124,1000,39,0,0.0,0.0,0.0,True,80889
User Activity,1124,100,39,0,0.0,0.0,0.0,True,80889
User Activity,1124,500,39,0,0.0,0.0,0.0,True,80889
User Activity,1124,1000,39,0,0.0,0.0,0.0,True,80889
Random Reverse,1124,100,39,0,0.0,0.0,0.0,True,80889
Random Reverse,1124,500,39,0,0.0,0.0,0.0,True,80889
Random Reverse,1124,1000,39,1,0.001,0.02564102564102564,0.00984246055658285,True,80889
TF-IDF Reverse,1125,100,5,0,0.0,0.0,0.0,True,80889
TF-IDF Reverse,1125,500,5,0,0.0,0.0,0.0,True,80889
TF-IDF Reverse,1125,1000,5,0,0.0,0.0,0.0,True,80889
User Activity,1125,100,5,0,0.0,0.0,0.0,True,80889
User Activity,1125,500,5,0,0.0,0.0,0.0,True,80889
User Activity,1125,1000,5,0,0.0,0.0,0.0,True,80889
Random Reverse,1125,100,5,0,0.0,0.0,0.0,True,80889
Random Reverse,1125,500,5,0,0.0,0.0,0.0,True,80889
Random Reverse,1125,1000,5,0,0.0,0.0,0.0,True,80889
TF-IDF Reverse,1126,100,18,0,0.0,0.0,0.0,True,80889
TF-IDF Reverse,1126,500,18,0,0.0,0.0,0.0,True,80889
TF-IDF Reverse,1126,1000,18,1,0.001,0.05555555555555555,0.015266900778734526,True,80889
User Activity,1126,100,18,0,0.0,0.0,0.0,True,80889
User Activity,1126,500,18,0,0.0,0.0,0.0,True,80889
User Activity,1126,1000,18,0,0.0,0.0,0.0,True,80889
Random Reverse,1126,100,18,0,0.0,0.0,0.0,True,80889
Random Reverse,1126,500,18,0,0.0,0.0,0.0,True,80889
Random Reverse,1126,1000,18,0,0.0,0.0,0.0,True,80889
TF-IDF Reverse,1127,100,6,0,0.0,0.0,0.0,True,80889
TF-IDF Reverse,1127,500,6,0,0.0,0.0,0.0,True,80889
TF-IDF Reverse,1127,1000,6,0,0.0,0.0,0.0,True,80889
User Activity,1127,100,6,0,0.0,0.0,0.0,True,80889
User Activity,1127,500,6,0,0.0,0.0,0.0,True,80889
User Activity,1127,1000,6,0,0.0,0.0,0.0,True,80889
Random Reverse,1127,100,6,0,0.0,0.0,0.0,True,80889
Random Reverse,1127,500,6,0,0.0,0.0,0.0,True,80889
Random Reverse,1127,1000,6,0,0.0,0.0,0.0,True,80889
TF-IDF Reverse,1128,100,5,0,0.0,0.0,0.0,True,80889
TF-IDF Reverse,1128,500,5,0,0.0,0.0,0.0,True,80889
TF-IDF Reverse,1128,1000,5,0,0.0,0.0,0.0,True,80889
User Activity,1128,100,5,0,0.0,0.0,0.0,True,80889
User Activity,1128,500,5,0,0.0,0.0,0.0,True,80889
User Activity,1128,1000,5,0,0.0,0.0,0.0,True,80889
Random Reverse,1128,100,5,0,0.0,0.0,0.0,True,80889
Random Reverse,1128,500,5,0,0.0,0.0,0.0,True,80889
Random Reverse,1128,1000,5,0,0.0,0.0,0.0,True,80889
TF-IDF Reverse,1131,100,460,11,0.11,0.02391304347826087,0.0867874327432145,True,80889
TF-IDF Reverse,1131,500,460,84,0.168,0.1826086956521739,0.16753396815137897,True,80889
TF-IDF Reverse,1131,1000,460,113,0.113,0.24565217391304348,0.21382927747564232,True,80889
User Activity,1131,100,460,0,0.0,0.0,0.0,True,80889
User Activity,1131,500,460,0,0.0,0.0,0.0,True,80889
User Activity,1131,1000,460,0,0.0,0.0,0.0,True,80889
Random Reverse,1131,100,460,0,0.0,0.0,0.0,True,80889
Random Reverse,1131,500,460,3,0.006,0.006521739130434782,0.006031862858270024,True,80889
Random Reverse,1131,1000,460,7,0.007,0.015217391304347827,0.012391833770884708,True,80889
TF-IDF Reverse,1133,100,998,10,0.1,0.01002004008016032,0.07262613805626793,True,80889
TF-IDF Reverse,1133,500,998,342,0.684,0.342685370741483,0.6059666984848934,True,80889
TF-IDF Reverse,1133,1000,998,631,0.631,0.6322645290581163,0.5987403091148131,True,80889
User Activity,1133,100,998,0,0.0,0.0,0.0,True,80889
User Activity,1133,500,998,0,0.0,0.0,0.0,True,80889
User Activity,1133,1000,998,0,0.0,0.0,0.0,True,80889
Random Reverse,1133,100,998,2,0.02,0.002004008016032064,0.026479572347622726,True,80889
Random Reverse,1133,500,998,11,0.022,0.011022044088176353,0.023116048559463618,True,80889
Random Reverse,1133,1000,998,15,0.015,0.01503006012024048,0.016752946511604024,True,80889
TF-IDF Reverse,1134,100,6,0,0.0,0.0,0.0,True,80889
TF-IDF Reverse,1134,500,6,0,0.0,0.0,0.0,True,80889
TF-IDF Reverse,1134,1000,6,0,0.0,0.0,0.0,True,80889
User Activity,1134,100,6,0,0.0,0.0,0.0,True,80889
User Activity,1134,500,6,0,0.0,0.0,0.0,True,80889
User Activity,1134,1000,6,0,0.0,0.0,0.0,True,80889
Random Reverse,1134,100,6,0,0.0,0.0,0.0,True,80889
Random Reverse,1134,500,6,0,0.0,0.0,0.0,True,80889
Random Reverse,1134,1000,6,0,0.0,0.0,0.0,True,80889
TF-IDF Reverse,1135,100,5,0,0.0,0.0,0.0,True,80889
TF-IDF Reverse,1135,500,5,0,0.0,0.0,0.0,True,80889
TF-IDF Reverse,1135,1000,5,0,0.0,0.0,0.0,True,80889
User Activity,1135,100,5,0,0.0,0.0,0.0,True,80889
User Activity,1135,500,5,0,0.0,0.0,0.0,True,80889
User Activity,1135,1000,5,0,0.0,0.0,0.0,True,80889
Random Reverse,1135,100,5,0,0.0,0.0,0.0,True,80889
Random Reverse,1135,500,5,0,0.0,0.0,0.0,True,80889
Random Reverse,1135,1000,5,0,0.0,0.0,0.0,True,80889
TF-IDF Reverse,1137,100,11,0,0.0,0.0,0.0,True,80889
TF-IDF Reverse,1137,500,11,0,0.0,0.0,0.0,True,80889
TF-IDF Reverse,1137,1000,11,0,0.0,0.0,0.0,True,80889
User Activity,1137,100,11,0,0.0,0.0,0.0,True,80889
User Activity,1137,500,11,0,0.0,0.0,0.0,True,80889
User Activity,1137,1000,11,0,0.0,0.0,0.0,True,80889
Random Reverse,1137,100,11,0,0.0,0.0,0.0,True,80889
Random Reverse,1137,500,11,1,0.002,0.09090909090909091,0.0247338433800452,True,80889
Random Reverse,1137,1000,11,1,0.001,0.09090909090909091,0.0247338433800452,True,80889
TF-IDF Reverse,1138,100,10,0,0.0,0.0,0.0,True,80889
TF-IDF Reverse,1138,500,10,0,0.0,0.0,0.0,True,80889
TF-IDF Reverse,1138,1000,10,0,0.0,0.0,0.0,True,80889
User Activity,1138,100,10,0,0.0,0.0,0.0,True,80889
User Activity,1138,500,10,0,0.0,0.0,0.0,True,80889
User Activity,1138,1000,10,0,0.0,0.0,0.0,True,80889
Random Reverse,1138,100,10,0,0.0,0.0,0.0,True,80889
Random Reverse,1138,500,10,0,0.0,0.0,0.0,True,80889
Random Reverse,1138,1000,10,0,0.0,0.0,0.0,True,80889
TF-IDF Reverse,1139,100,27,1,0.01,0.037037037037037035,0.024597392073643316,True,80889
TF-IDF Reverse,1139,500,27,6,0.012,0.2222222222222222,0.09938699198077544,True,80889
TF-IDF Reverse,1139,1000,27,6,0.006,0.2222222222222222,0.09938699198077544,True,80889
User Activity,1139,100,27,0,0.0,0.0,0.0,True,80889
User Activity,1139,500,27,0,0.0,0.0,0.0,True,80889
User Activity,1139,1000,27,0,0.0,0.0,0.0,True,80889
Random Reverse,1139,100,27,0,0.0,0.0,0.0,True,80889
Random Reverse,1139,500,27,0,0.0,0.0,0.0,True,80889
Random Reverse,1139,1000,27,1,0.001,0.037037037037037035,0.012432710016112885,True,80889
TF-IDF Reverse,1140,100,5,0,0.0,0.0,0.0,True,80889
TF-IDF Reverse,1140,500,5,1,0.002,0.2,0.03879900316517103,True,80889
TF-IDF Reverse,1140,1000,5,2,0.002,0.4,0.07554912435055021,True,80889
User Activity,1140,100,5,0,0.0,0.0,0.0,True,80889
User Activity,1140,500,5,0,0.0,0.0,0.0,True,80889
User Activity,1140,1000,5,0,0.0,0.0,0.0,True,80889
Random Reverse,1140,100,5,0,0.0,0.0,0.0,True,80889
Random Reverse,1140,500,5,0,0.0,0.0,0.0,True,80889
Random Reverse,1140,1000,5,0,0.0,0.0,0.0,True,80889
TF-IDF Reverse,1141,100,78,0,0.0,0.0,0.0,True,80889
TF-IDF Reverse,1141,500,78,2,0.004,0.02564102564102564,0.015425158040059046,True,80889
TF-IDF Reverse,1141,1000,78,4,0.004,0.05128205128205128,0.02804070454555478,True,80889
User Activity,1141,100,78,0,0.0,0.0,0.0,True,80889
User Activity,1141,500,78,0,0.0,0.0,0.0,True,80889
User Activity,1141,1000,78,0,0.0,0.0,0.0,True,80889
Random Reverse,1141,100,78,1,0.01,0.01282051282051282,0.011294887132380626,True,80889
Random Reverse,1141,500,78,1,0.002,0.01282051282051282,0.011294887132380626,True,80889
Random Reverse,1141,1000,78,1,0.001,0.01282051282051282,0.011294887132380626,True,80889
TF-IDF Reverse,1142,100,14,0,0.0,0.0,0.0,True,80889
TF-IDF Reverse,1142,500,14,0,0.0,0.0,0.0,True,80889
TF-IDF Reverse,1142,1000,14,0,0.0,0.0,0.0,True,80889
User Activity,1142,100,14,0,0.0,0.0,0.0,True,80889
User Activity,1142,500,14,0,0.0,0.0,0.0,True,80889
User Activity,1142,1000,14,0,0.0,0.0,0.0,True,80889
Random Reverse,1142,100,14,0,0.0,0.0,0.0,True,80889
Random Reverse,1142,500,14,0,0.0,0.0,0.0,True,80889
Random Reverse,1142,1000,14,0,0.0,0.0,0.0,True,80889
TF-IDF Reverse,1143,100,17,0,0.0,0.0,0.0,True,80889
TF-IDF Reverse,1143,500,17,0,0.0,0.0,0.0,True,80889
TF-IDF Reverse,1143,1000,17,0,0.0,0.0,0.0,True,80889
User Activity,1143,100,17,0,0.0,0.0,0.0,True,80889
User Activity,1143,500,17,0,0.0,0.0,0.0,True,80889
User Activity,1143,1000,17,0,0.0,0.0,0.0,True,80889
Random Reverse,1143,100,17,0,0.0,0.0,0.0,True,80889
Random Reverse,1143,500,17,0,0.0,0.0,0.0,True,80889
Random Reverse,1143,1000,17,0,0.0,0.0,0.0,True,80889
TF-IDF Reverse,1144,100,200,2,0.02,0.01,0.015097221225043096,True,80889
TF-IDF Reverse,1144,500,200,10,0.02,0.05,0.0374810720097507,True,80889
TF-IDF Reverse,1144,1000,200,15,0.015,0.075,0.05313500828870849,True,80889
User Activity,1144,100,200,0,0.0,0.0,0.0,True,80889
User Activity,1144,500,200,0,0.0,0.0,0.0,True,80889
User Activity,1144,1000,200,0,0.0,0.0,0.0,True,80889
Random Reverse,1144,100,200,0,0.0,0.0,0.0,True,80889
Random Reverse,1144,500,200,2,0.004,0.01,0.006606556946464628,True,80889
Random Reverse,1144,1000,200,2,0.002,0.01,0.006606556946464628,True,80889
TF-IDF Reverse,1152,100,22,0,0.0,0.0,0.0,True,80889
TF-IDF Reverse,1152,500,22,0,0.0,0.0,0.0,True,80889
TF-IDF Reverse,1152,1000,22,0,0.0,0.0,0.0,True,80889
User Activity,1152,100,22,0,0.0,0.0,0.0,True,80889
User Activity,1152,500,22,0,0.0,0.0,0.0,True,80889
User Activity,1152,1000,22,0,0.0,0.0,0.0,True,80889
Random Reverse,1152,100,22,0,0.0,0.0,0.0,True,80889
Random Reverse,1152,500,22,0,0.0,0.0,0.0,True,80889
Random Reverse,1152,1000,22,0,0.0,0.0,0.0,True,80889
TF-IDF Reverse,1153,100,15,0,0.0,0.0,0.0,True,80889
TF-IDF Reverse,1153,500,15,0,0.0,0.0,0.0,True,80889
TF-IDF Reverse,1153,1000,15,0,0.0,0.0,0.0,True,80889
User Activity,1153,100,15,0,0.0,0.0,0.0,True,80889
User Activity,1153,500,15,0,0.0,0.0,0.0,True,80889
User Activity,1153,1000,15,0,0.0,0.0,0.0,True,80889
Random Reverse,1153,100,15,0,0.0,0.0,0.0,True,80889
Random Reverse,1153,500,15,1,0.002,0.06666666666666667,0.020697029884443247,True,80889
Random Reverse,1153,1000,15,2,0.002,0.13333333333333333,0.039411683368782154,True,80889
TF-IDF Reverse,1154,100,154,0,0.0,0.0,0.0,True,80889
TF-IDF Reverse,1154,500,154,0,0.0,0.0,0.0,True,80889
TF-IDF Reverse,1154,1000,154,1,0.001,0.006493506493506494,0.003531271047159032,True,80889
User Activity,1154,100,154,0,0.0,0.0,0.0,True,80889
User Activity,1154,500,154,0,0.0,0.0,0.0,True,80889
User Activity,1154,1000,154,0,0.0,0.0,0.0,True,80889
Random Reverse,1154,100,154,0,0.0,0.0,0.0,True,80889
Random Reverse,1154,500,154,1,0.002,0.006493506493506494,0.003942702330320136,True,80889
Random Reverse,1154,1000,154,2,0.002,0.012987012987012988,0.00757755286763149,True,80889
TF-IDF Reverse,1155,100,47,7,0.07,0.14893617021276595,0.12159392080148242,True,80889
TF-IDF Reverse,1155,500,47,11,0.022,0.23404255319148937,0.16668043797595017,True,80889
TF-IDF Reverse,1155,1000,47,12,0.012,0.2553191489361702,0.17493539510308942,True,80889
User Activity,1155,100,47,0,0.0,0.0,0.0,True,80889
User Activity,1155,500,47,0,0.0,0.0,0.0,True,80889
User Activity,1155,1000,47,0,0.0,0.0,0.0,True,80889
Random Reverse,1155,100,47,0,0.0,0.0,0.0,True,80889
Random Reverse,1155,500,47,0,0.0,0.0,0.0,True,80889
Random Reverse,1155,1000,47,0,0.0,0.0,0.0,True,80889
TF-IDF Reverse,1156,100,31,13,0.13,0.41935483870967744,0.3839660334833391,True,80889
TF-IDF Reverse,1156,500,31,20,0.04,0.6451612903225806,0.48490143280469356,True,80889
TF-IDF Reverse,1156,1000,31,20,0.02,0.6451612903225806,0.48490143280469356,True,80889
User Activity,1156,100,31,0,0.0,0.0,0.0,True,80889
User Activity,1156,500,31,0,0.0,0.0,0.0,True,80889
User Activity,1156,1000,31,0,0.0,0.0,0.0,True,80889
Random Reverse,1156,100,31,2,0.02,0.06451612903225806,0.05762036085836507,True,80889
Random Reverse,1156,500,31,3,0.006,0.0967741935483871,0.0703551418926007,True,80889
Random Reverse,1156,1000,31,3,0.003,0.0967741935483871,0.0703551418926007,True,80889
TF-IDF Reverse,1157,100,20,0,0.0,0.0,0.0,True,80889
TF-IDF Reverse,1157,500,20,0,0.0,0.0,0.0,True,80889
TF-IDF Reverse,1157,1000,20,0,0.0,0.0,0.0,True,80889
User Activity,1157,100,20,0,0.0,0.0,0.0,True,80889
User Activity,1157,500,20,0,0.0,0.0,0.0,True,80889
User Activity,1157,1000,20,0,0.0,0.0,0.0,True,80889
Random Reverse,1157,100,20,0,0.0,0.0,0.0,True,80889
Random Reverse,1157,500,20,0,0.0,0.0,0.0,True,80889
Random Reverse,1157,1000,20,1,0.001,0.05,0.014914591860592604,True,80889
TF-IDF Reverse,1158,100,22,0,0.0,0.0,0.0,True,80889
TF-IDF Reverse,1158,500,22,0,0.0,0.0,0.0,True,80889
TF-IDF Reverse,1158,1000,22,0,0.0,0.0,0.0,True,80889
User Activity,1158,100,22,0,0.0,0.0,0.0,True,80889
User Activity,1158,500,22,0,0.0,0.0,0.0,True,80889
User Activity,1158,1000,22,0,0.0,0.0,0.0,True,80889
Random Reverse,1158,100,22,0,0.0,0.0,0.0,True,80889
Random Reverse,1158,500,22,1,0.002,0.045454545454545456,0.01624394579492109,True,80889
Random Reverse,1158,1000,22,1,0.001,0.045454545454545456,0.01624394579492109,True,80889
TF-IDF Reverse,1159,100,149,0,0.0,0.0,0.0,True,80889
TF-IDF Reverse,1159,500,149,0,0.0,0.0,0.0,True,80889
TF-IDF Reverse,1159,1000,149,0,0.0,0.0,0.0,True,80889
User Activity,1159,100,149,0,0.0,0.0,0.0,True,80889
User Activity,1159,500,149,0,0.0,0.0,0.0,True,80889
User Activity,1159,1000,149,0,0.0,0.0,0.0,True,80889
Random Reverse,1159,100,149,0,0.0,0.0,0.0,True,80889
Random Reverse,1159,500,149,3,0.006,0.020134228187919462,0.01338549594999205,True,80889
Random Reverse,1159,1000,149,4,0.004,0.026845637583892617,0.017095656773700556,True,80889
TF-IDF Reverse,1160,100,113,0,0.0,0.0,0.0,True,80889
TF-IDF Reverse,1160,500,113,3,0.006,0.02654867256637168,0.017984266847518776,True,80889
TF-IDF Reverse,1160,1000,113,6,0.006,0.05309734513274336,0.03162344561982967,True,80889
User Activity,1160,100,113,0,0.0,0.0,0.0,True,80889
User Activity,1160,500,113,0,0.0,0.0,0.0,True,80889
User Activity,1160,1000,113,0,0.0,0.0,0.0,True,80889
Random Reverse,1160,100,113,0,0.0,0.0,0.0,True,80889
Random Reverse,1160,500,113,0,0.0,0.0,0.0,True,80889
Random Reverse,1160,1000,113,0,0.0,0.0,0.0,True,80889
TF-IDF Reverse,1164,100,68,0,0.0,0.0,0.0,True,80889
TF-IDF Reverse,1164,500,68,1,0.002,0.014705882352941176,0.008631550559277683,True,80889
TF-IDF Reverse,1164,1000,68,2,0.002,0.029411764705882353,0.015178082478024426,True,80889
User Activity,1164,100,68,0,0.0,0.0,0.0,True,80889
User Activity,1164,500,68,0,0.0,0.0,0.0,True,80889
User Activity,1164,1000,68,0,0.0,0.0,0.0,True,80889
Random Reverse,1164,100,68,0,0.0,0.0,0.0,True,80889
Random Reverse,1164,500,68,0,0.0,0.0,0.0,True,80889
Random Reverse,1164,1000,68,0,0.0,0.0,0.0,True,80889
TF-IDF Reverse,1165,100,28,0,0.0,0.0,0.0,True,80889
TF-IDF Reverse,1165,500,28,0,0.0,0.0,0.0,True,80889
TF-IDF Reverse,1165,1000,28,1,0.001,0.03571428571428571,0.011605609278028759,True,80889
User Activity,1165,100,28,0,0.0,0.0,0.0,True,80889
User Activity,1165,500,28,0,0.0,0.0,0.0,True,80889
User Activity,1165,1000,28,0,0.0,0.0,0.0,True,80889
Random Reverse,1165,100,28,0,0.0,0.0,0.0,True,80889
Random Reverse,1165,500,28,0,0.0,0.0,0.0,True,80889
Random Reverse,1165,1000,28,0,0.0,0.0,0.0,True,80889
TF-IDF Reverse,1166,100,404,8,0.08,0.019801980198019802,0.05947218291689088,True,80889
TF-IDF Reverse,1166,500,404,117,0.234,0.2896039603960396,0.2532507229443352,True,80889
TF-IDF Reverse,1166,1000,404,145,0.145,0.3589108910891089,0.3043592249394424,True,80889
User Activity,1166,100,404,0,0.0,0.0,0.0,True,80889
User Activity,1166,500,404,0,0.0,0.0,0.0,True,80889
User Activity,1166,1000,404,0,0.0,0.0,0.0,True,80889
Random Reverse,1166,100,404,1,0.01,0.0024752475247524753,0.008646327069518804,True,80889
Random Reverse,1166,500,404,2,0.004,0.0049504950495049506,0.004941466099930471,True,80889
Random Reverse,1166,1000,404,6,0.006,0.01485148514851485,0.012109671893304932,True,80889
TF-IDF Reverse,1167,100,6,0,0.0,0.0,0.0,True,80889
TF-IDF Reverse,1167,500,6,1,0.002,0.16666666666666666,0.0415354436732898,True,80889
TF-IDF Reverse,1167,1000,6,1,0.001,0.16666666666666666,0.0415354436732898,True,80889
User Activity,1167,100,6,0,0.0,0.0,0.0,True,80889
User Activity,1167,500,6,0,0.0,0.0,0.0,True,80889
User Activity,1167,1000,6,0,0.0,0.0,0.0,True,80889
Random Reverse,1167,100,6,0,0.0,0.0,0.0,True,80889
Random Reverse,1167,500,6,0,0.0,0.0,0.0,True,80889
Random Reverse,1167,1000,6,0,0.0,0.0,0.0,True,80889
TF-IDF Reverse,1168,100,11,0,0.0,0.0,0.0,True,80889
TF-IDF Reverse,1168,500,11,0,0.0,0.0,0.0,True,80889
TF-IDF Reverse,1168,1000,11,0,0.0,0.0,0.0,True,80889
User Activity,1168,100,11,0,0.0,0.0,0.0,True,80889
User Activity,1168,500,11,0,0.0,0.0,0.0,True,80889
User Activity,1168,1000,11,0,0.0,0.0,0.0,True,80889
Random Reverse,1168,100,11,0,0.0,0.0,0.0,True,80889
Random Reverse,1168,500,11,0,0.0,0.0,0.0,True,80889
Random Reverse,1168,1000,11,0,0.0,0.0,0.0,True,80889
TF-IDF Reverse,1171,100,14,0,0.0,0.0,0.0,True,80889
TF-IDF Reverse,1171,500,14,0,0.0,0.0,0.0,True,80889
TF-IDF Reverse,1171,1000,14,0,0.0,0.0,0.0,True,80889
User Activity,1171,100,14,0,0.0,0.0,0.0,True,80889
User Activity,1171,500,14,0,0.0,0.0,0.0,True,80889
User Activity,1171,1000,14,0,0.0,0.0,0.0,True,80889
Random Reverse,1171,100,14,0,0.0,0.0,0.0,True,80889
Random Reverse,1171,500,14,0,0.0,0.0,0.0,True,80889
Random Reverse,1171,1000,14,0,0.0,0.0,0.0,True,80889
TF-IDF Reverse,1172,100,416,76,0.76,0.18269230769230768,0.6967325783591705,True,80889
TF-IDF Reverse,1172,500,416,332,0.664,0.7980769230769231,0.769149591420683,True,80889
TF-IDF Reverse,1172,1000,416,376,0.376,0.9038461538461539,0.8477119300684403,True,80889
User Activity,1172,100,416,0,0.0,0.0,0.0,True,80889
User Activity,1172,500,416,0,0.0,0.0,0.0,True,80889
User Activity,1172,1000,416,1,0.001,0.002403846153846154,0.0016716681811901593,True,80889
Random Reverse,1172,100,416,0,0.0,0.0,0.0,True,80889
Random Reverse,1172,500,416,1,0.002,0.002403846153846154,0.0020473048778550944,True,80889
Random Reverse,1172,1000,416,4,0.004,0.009615384615384616,0.007298312283765377,True,80889
TF-IDF Reverse,1173,100,49,1,0.01,0.02040816326530612,0.030409510927311548,True,80889
TF-IDF Reverse,1173,500,49,5,0.01,0.10204081632653061,0.06934371220176587,True,80889
TF-IDF Reverse,1173,1000,49,5,0.005,0.10204081632653061,0.06934371220176587,True,80889
User Activity,1173,100,49,0,0.0,0.0,0.0,True,80889
User Activity,1173,500,49,0,0.0,0.0,0.0,True,80889
User Activity,1173,1000,49,0,0.0,0.0,0.0,True,80889
Random Reverse,1173,100,49,0,0.0,0.0,0.0,True,80889
Random Reverse,1173,500,49,0,0.0,0.0,0.0,True,80889
Random Reverse,1173,1000,49,0,0.0,0.0,0.0,True,80889
TF-IDF Reverse,1174,100,43,3,0.03,0.06976744186046512,0.05757707358366341,True,80889
TF-IDF Reverse,1174,500,43,9,0.018,0.20930232558139536,0.12433960795544584,True,80889
TF-IDF Reverse,1174,1000,43,9,0.009,0.20930232558139536,0.12433960795544584,True,80889
User Activity,1174,100,43,0,0.0,0.0,0.0,True,80889
User Activity,1174,500,43,0,0.0,0.0,0.0,True,80889
User Activity,1174,1000,43,0,0.0,0.0,0.0,True,80889
Random Reverse,1174,100,43,0,0.0,0.0,0.0,True,80889
Random Reverse,1174,500,43,0,0.0,0.0,0.0,True,80889
Random Reverse,1174,1000,43,0,0.0,0.0,0.0,True,80889
TF-IDF Reverse,1175,100,6,0,0.0,0.0,0.0,True,80889
TF-IDF Reverse,1175,500,6,0,0.0,0.0,0.0,True,80889
TF-IDF Reverse,1175,1000,6,0,0.0,0.0,0.0,True,80889
User Activity,1175,100,6,0,0.0,0.0,0.0,True,80889
User Activity,1175,500,6,0,0.0,0.0,0.0,True,80889
User Activity,1175,1000,6,0,0.0,0.0,0.0,True,80889
Random Reverse,1175,100,6,0,0.0,0.0,0.0,True,80889
Random Reverse,1175,500,6,0,0.0,0.0,0.0,True,80889
Random Reverse,1175,1000,6,0,0.0,0.0,0.0,True,80889
TF-IDF Reverse,1176,100,75,2,0.02,0.02666666666666667,0.02436519954866415,True,80889
TF-IDF Reverse,1176,500,75,2,0.004,0.02666666666666667,0.02436519954866415,True,80889
TF-IDF Reverse,1176,1000,75,4,0.004,0.05333333333333334,0.03675102510634713,True,80889
User Activity,1176,100,75,0,0.0,0.0,0.0,True,80889
User Activity,1176,500,75,0,0.0,0.0,0.0,True,80889
User Activity,1176,1000,75,0,0.0,0.0,0.0,True,80889
Random Reverse,1176,100,75,0,0.0,0.0,0.0,True,80889
Random Reverse,1176,500,75,0,0.0,0.0,0.0,True,80889
Random Reverse,1176,1000,75,1,0.001,0.013333333333333334,0.006526178185824158,True,80889
TF-IDF Reverse,1177,100,35,3,0.03,0.08571428571428572,0.04919257002949266,True,80889
TF-IDF Reverse,1177,500,35,8,0.016,0.22857142857142856,0.11252730111993332,True,80889
TF-IDF Reverse,1177,1000,35,9,0.009,0.2571428571428571,0.12338716469321649,True,80889
User Activity,1177,100,35,0,0.0,0.0,0.0,True,80889
User Activity,1177,500,35,0,0.0,0.0,0.0,True,80889
User Activity,1177,1000,35,0,0.0,0.0,0.0,True,80889
Random Reverse,1177,100,35,0,0.0,0.0,0.0,True,80889
Random Reverse,1177,500,35,0,0.0,0.0,0.0,True,80889
Random Reverse,1177,1000,35,1,0.001,0.02857142857142857,0.00995903396370082,True,80889
TF-IDF Reverse,1178,100,12,0,0.0,0.0,0.0,True,80889
TF-IDF Reverse,1178,500,12,0,0.0,0.0,0.0,True,80889
TF-IDF Reverse,1178,1000,12,0,0.0,0.0,0.0,True,80889
User Activity,1178,100,12,0,0.0,0.0,0.0,True,80889
User Activity,1178,500,12,0,0.0,0.0,0.0,True,80889
User Activity,1178,1000,12,0,0.0,0.0,0.0,True,80889
Random Reverse,1178,100,12,0,0.0,0.0,0.0,True,80889
Random Reverse,1178,500,12,1,0.002,0.08333333333333333,0.023211717364874214,True,80889
Random Reverse,1178,1000,12,1,0.001,0.08333333333333333,0.023211717364874214,True,80889
TF-IDF Reverse,1179,100,26,8,0.08,0.3076923076923077,0.1987733862482784,True,80889
TF-IDF Reverse,1179,500,26,16,0.032,0.6153846153846154,0.323061889024158,True,80889
TF-IDF Reverse,1179,1000,26,16,0.016,0.6153846153846154,0.323061889024158,True,80889
User Activity,1179,100,26,0,0.0,0.0,0.0,True,80889
User Activity,1179,500,26,0,0.0,0.0,0.0,True,80889
User Activity,1179,1000,26,0,0.0,0.0,0.0,True,80889
Random Reverse,1179,100,26,0,0.0,0.0,0.0,True,80889
Random Reverse,1179,500,26,0,0.0,0.0,0.0,True,80889
Random Reverse,1179,1000,26,0,0.0,0.0,0.0,True,80889
TF-IDF Reverse,1180,100,15,0,0.0,0.0,0.0,True,80889
TF-IDF Reverse,1180,500,15,0,0.0,0.0,0.0,True,80889
TF-IDF Reverse,1180,1000,15,0,0.0,0.0,0.0,True,80889
User Activity,1180,100,15,0,0.0,0.0,0.0,True,80889
User Activity,1180,500,15,0,0.0,0.0,0.0,True,80889
User Activity,1180,1000,15,0,0.0,0.0,0.0,True,80889
Random Reverse,1180,100,15,0,0.0,0.0,0.0,True,80889
Random Reverse,1180,500,15,0,0.0,0.0,0.0,True,80889
Random Reverse,1180,1000,15,0,0.0,0.0,0.0,True,80889
TF-IDF Reverse,1181,100,68,6,0.06,0.08823529411764706,0.058256365811507595,True,80889
TF-IDF Reverse,1181,500,68,38,0.076,0.5588235294117647,0.31509045011095627,True,80889
TF-IDF Reverse,1181,1000,68,40,0.04,0.5882352941176471,0.3289172501244451,True,80889
User Activity,1181,100,68,0,0.0,0.0,0.0,True,80889
User Activity,1181,500,68,0,0.0,0.0,0.0,True,80889
User Activity,1181,1000,68,0,0.0,0.0,0.0,True,80889
Random Reverse,1181,100,68,0,0.0,0.0,0.0,True,80889
Random Reverse,1181,500,68,0,0.0,0.0,0.0,True,80889
Random Reverse,1181,1000,68,0,0.0,0.0,0.0,True,80889
TF-IDF Reverse,1182,100,6,0,0.0,0.0,0.0,True,80889
TF-IDF Reverse,1182,500,6,0,0.0,0.0,0.0,True,80889
TF-IDF Reverse,1182,1000,6,2,0.002,0.3333333333333333,0.06154920397247097,True,80889
User Activity,1182,100,6,0,0.0,0.0,0.0,True,80889
User Activity,1182,500,6,0,0.0,0.0,0.0,True,80889
User Activity,1182,1000,6,0,0.0,0.0,0.0,True,80889
Random Reverse,1182,100,6,0,0.0,0.0,0.0,True,80889
Random Reverse,1182,500,6,0,0.0,0.0,0.0,True,80889
Random Reverse,1182,1000,6,0,0.0,0.0,0.0,True,80889
TF-IDF Reverse,1183,100,42,4,0.04,0.09523809523809523,0.08491927357015759,True,80889
TF-IDF Reverse,1183,500,42,9,0.018,0.21428571428571427,0.13815760959608778,True,80889
TF-IDF Reverse,1183,1000,42,16,0.016,0.38095238095238093,0.20117626018188725,True,80889
User Activity,1183,100,42,0,0.0,0.0,0.0,True,80889
User Activity,1183,500,42,0,0.0,0.0,0.0,True,80889
User Activity,1183,1000,42,0,0.0,0.0,0.0,True,80889
Random Reverse,1183,100,42,0,0.0,0.0,0.0,True,80889
Random Reverse,1183,500,42,0,0.0,0.0,0.0,True,80889
Random Reverse,1183,1000,42,0,0.0,0.0,0.0,True,80889
TF-IDF Reverse,1186,100,18,0,0.0,0.0,0.0,True,80889
TF-IDF Reverse,1186,500,18,0,0.0,0.0,0.0,True,80889
TF-IDF Reverse,1186,1000,18,0,0.0,0.0,0.0,True,80889
User Activity,1186,100,18,0,0.0,0.0,0.0,True,80889
User Activity,1186,500,18,0,0.0,0.0,0.0,True,80889
User Activity,1186,1000,18,0,0.0,0.0,0.0,True,80889
Random Reverse,1186,100,18,0,0.0,0.0,0.0,True,80889
Random Reverse,1186,500,18,0,0.0,0.0,0.0,True,80889
Random Reverse,1186,1000,18,0,0.0,0.0,0.0,True,80889
TF-IDF Reverse,1187,100,201,10,0.1,0.04975124378109453,0.09589126236545814,True,80889
TF-IDF Reverse,1187,500,201,54,0.108,0.26865671641791045,0.22049273122241272,True,80889
TF-IDF Reverse,1187,1000,201,56,0.056,0.27860696517412936,0.22674357070076692,True,80889
User Activity,1187,100,201,0,0.0,0.0,0.0,True,80889
User Activity,1187,500,201,0,0.0,0.0,0.0,True,80889
User Activity,1187,1000,201,0,0.0,0.0,0.0,True,80889
Random Reverse,1187,100,201,0,0.0,0.0,0.0,True,80889
Random Reverse,1187,500,201,0,0.0,0.0,0.0,True,80889
Random Reverse,1187,1000,201,1,0.001,0.004975124378109453,0.0031713863232499034,True,80889
TF-IDF Reverse,1188,100,28,5,0.05,0.17857142857142858,0.10743538505274598,True,80889
TF-IDF Reverse,1188,500,28,7,0.014,0.25,0.1383879272048744,True,80889
TF-IDF Reverse,1188,1000,28,7,0.007,0.25,0.1383879272048744,True,80889
User Activity,1188,100,28,0,0.0,0.0,0.0,True,80889
User Activity,1188,500,28,0,0.0,0.0,0.0,True,80889
User Activity,1188,1000,28,0,0.0,0.0,0.0,True,80889
Random Reverse,1188,100,28,0,0.0,0.0,0.0,True,80889
Random Reverse,1188,500,28,0,0.0,0.0,0.0,True,80889
Random Reverse,1188,1000,28,0,0.0,0.0,0.0,True,80889
TF-IDF Reverse,1189,100,12,0,0.0,0.0,0.0,True,80889
TF-IDF Reverse,1189,500,12,2,0.004,0.16666666666666666,0.052737238622671774,True,80889
TF-IDF Reverse,1189,1000,12,2,0.002,0.16666666666666666,0.052737238622671774,True,80889
User Activity,1189,100,12,0,0.0,0.0,0.0,True,80889
User Activity,1189,500,12,0,0.0,0.0,0.0,True,80889
User Activity,1189,1000,12,0,0.0,0.0,0.0,True,80889
Random Reverse,1189,100,12,0,0.0,0.0,0.0,True,80889
Random Reverse,1189,500,12,0,0.0,0.0,0.0,True,80889
Random Reverse,1189,1000,12,0,0.0,0.0,0.0,True,80889
TF-IDF Reverse,1190,100,30,0,0.0,0.0,0.0,True,80889
TF-IDF Reverse,1190,500,30,2,0.004,0.06666666666666667,0.02707037665298603,True,80889
TF-IDF Reverse,1190,1000,30,5,0.005,0.16666666666666666,0.06108739977874468,True,80889
User Activity,1190,100,30,0,0.0,0.0,0.0,True,80889
User Activity,1190,500,30,0,0.0,0.0,0.0,True,80889
User Activity,1190,1000,30,0,0.0,0.0,0.0,True,80889
Random Reverse,1190,100,30,0,0.0,0.0,0.0,True,80889
Random Reverse,1190,500,30,0,0.0,0.0,0.0,True,80889
Random Reverse,1190,1000,30,0,0.0,0.0,0.0,True,80889
TF-IDF Reverse,1191,100,41,0,0.0,0.0,0.0,True,80889
TF-IDF Reverse,1191,500,41,0,0.0,0.0,0.0,True,80889
TF-IDF Reverse,1191,1000,41,1,0.001,0.024390243902439025,0.009414067613399751,True,80889
User Activity,1191,100,41,0,0.0,0.0,0.0,True,80889
User Activity,1191,500,41,0,0.0,0.0,0.0,True,80889
User Activity,1191,1000,41,0,0.0,0.0,0.0,True,80889
Random Reverse,1191,100,41,1,0.01,0.024390243902439025,0.013835970205810509,True,80889
Random Reverse,1191,500,41,1,0.002,0.024390243902439025,0.013835970205810509,True,80889
Random Reverse,1191,1000,41,1,0.001,0.024390243902439025,0.013835970205810509,True,80889
TF-IDF Reverse,1192,100,68,0,0.0,0.0,0.0,True,80889
TF-IDF Reverse,1192,500,68,0,0.0,0.0,0.0,True,80889
TF-IDF Reverse,1192,1000,68,1,0.001,0.014705882352941176,0.006452319250311883,True,80889
User Activity,1192,100,68,0,0.0,0.0,0.0,True,80889
User Activity,1192,500,68,0,0.0,0.0,0.0,True,80889
User Activity,1192,1000,68,0,0.0,0.0,0.0,True,80889
Random Reverse,1192,100,68,0,0.0,0.0,0.0,True,80889
Random Reverse,1192,500,68,1,0.002,0.014705882352941176,0.0077971857791682714,True,80889
Random Reverse,1192,1000,68,3,0.003,0.04411764705882353,0.0208862747294947,True,80889
TF-IDF Reverse,1193,100,220,0,0.0,0.0,0.0,True,80889
TF-IDF Reverse,1193,500,220,1,0.002,0.004545454545454545,0.0030901014639501583,True,80889
TF-IDF Reverse,1193,1000,220,2,0.002,0.00909090909090909,0.005881863557605379,True,80889
User Activity,1193,100,220,0,0.0,0.0,0.0,True,80889
User Activity,1193,500,220,0,0.0,0.0,0.0,True,80889
User Activity,1193,1000,220,0,0.0,0.0,0.0,True,80889
Random Reverse,1193,100,220,0,0.0,0.0,0.0,True,80889
Random Reverse,1193,500,220,3,0.006,0.013636363636363636,0.010277211944604113,True,80889
Random Reverse,1193,1000,220,4,0.004,0.01818181818181818,0.01297234210782288,True,80889
TF-IDF Reverse,1194,100,23,0,0.0,0.0,0.0,True,80889
TF-IDF Reverse,1194,500,23,0,0.0,0.0,0.0,True,80889
TF-IDF Reverse,1194,1000,23,0,0.0,0.0,0.0,True,80889
User Activity,1194,100,23,0,0.0,0.0,0.0,True,80889
User Activity,1194,500,23,0,0.0,0.0,0.0,True,80889
User Activity,1194,1000,23,0,0.0,0.0,0.0,True,80889
Random Reverse,1194,100,23,0,0.0,0.0,0.0,True,80889
Random Reverse,1194,500,23,0,0.0,0.0,0.0,True,80889
Random Reverse,1194,1000,23,0,0.0,0.0,0.0,True,80889
TF-IDF Reverse,1195,100,133,1,0.01,0.007518796992481203,0.03013227331188588,True,80889
TF-IDF Reverse,1195,500,133,2,0.004,0.015037593984962405,0.02886113720666768,True,80889
TF-IDF Reverse,1195,1000,133,2,0.002,0.015037593984962405,0.02886113720666768,True,80889
User Activity,1195,100,133,0,0.0,0.0,0.0,True,80889
User Activity,1195,500,133,0,0.0,0.0,0.0,True,80889
User Activity,1195,1000,133,0,0.0,0.0,0.0,True,80889
Random Reverse,1195,100,133,1,0.01,0.007518796992481203,0.04775852326081999,True,80889
Random Reverse,1195,500,133,2,0.004,0.015037593984962405,0.0432693101908227,True,80889
Random Reverse,1195,1000,133,2,0.002,0.015037593984962405,0.0432693101908227,True,80889
TF-IDF Reverse,1197,100,25,0,0.0,0.0,0.0,True,80889
TF-IDF Reverse,1197,500,25,0,0.0,0.0,0.0,True,80889
TF-IDF Reverse,1197,1000,25,0,0.0,0.0,0.0,True,80889
User Activity,1197,100,25,0,0.0,0.0,0.0,True,80889
User Activity,1197,500,25,0,0.0,0.0,0.0,True,80889
User Activity,1197,1000,25,0,0.0,0.0,0.0,True,80889
Random Reverse,1197,100,25,0,0.0,0.0,0.0,True,80889
Random Reverse,1197,500,25,0,0.0,0.0,0.0,True,80889
Random Reverse,1197,1000,25,1,0.001,0.04,0.012359463907530281,True,80889
TF-IDF Reverse,1198,100,140,1,0.01,0.007142857142857143,0.00829877616945003,True,80889
TF-IDF Reverse,1198,500,140,1,0.002,0.007142857142857143,0.006502515663212376,True,80889
TF-IDF Reverse,1198,1000,140,3,0.003,0.02142857142857143,0.01421410320442458,True,80889
User Activity,1198,100,140,0,0.0,0.0,0.0,True,80889
User Activity,1198,500,140,0,0.0,0.0,0.0,True,80889
User Activity,1198,1000,140,0,0.0,0.0,0.0,True,80889
Random Reverse,1198,100,140,0,0.0,0.0,0.0,True,80889
Random Reverse,1198,500,140,2,0.004,0.014285714285714285,0.008474160817007345,True,80889
Random Reverse,1198,1000,140,3,0.003,0.02142857142857143,0.012606693003538965,True,80889
TF-IDF Reverse,1199,100,72,0,0.0,0.0,0.0,True,80889
TF-IDF Reverse,1199,500,72,0,0.0,0.0,0.0,True,80889
TF-IDF Reverse,1199,1000,72,0,0.0,0.0,0.0,True,80889
User Activity,1199,100,72,0,0.0,0.0,0.0,True,80889
User Activity,1199,500,72,0,0.0,0.0,0.0,True,80889
User Activity,1199,1000,72,0,0.0,0.0,0.0,True,80889
Random Reverse,1199,100,72,0,0.0,0.0,0.0,True,80889
Random Reverse,1199,500,72,0,0.0,0.0,0.0,True,80889
Random Reverse,1199,1000,72,0,0.0,0.0,0.0,True,80889
TF-IDF Reverse,1200,100,88,2,0.02,0.022727272727272728,0.06372880537630872,True,80889
TF-IDF Reverse,1200,500,88,2,0.004,0.022727272727272728,0.06372880537630872,True,80889
TF-IDF Reverse,1200,1000,88,2,0.002,0.022727272727272728,0.06372880537630872,True,80889
User Activity,1200,100,88,0,0.0,0.0,0.0,True,80889
User Activity,1200,500,88,0,0.0,0.0,0.0,True,80889
User Activity,1200,1000,88,0,0.0,0.0,0.0,True,80889
Random Reverse,1200,100,88,0,0.0,0.0,0.0,True,80889
Random Reverse,1200,500,88,1,0.002,0.011363636363636364,0.006870651885348624,True,80889
Random Reverse,1200,1000,88,3,0.003,0.03409090909090909,0.017727710545272727,True,80889
TF-IDF Reverse,1201,100,40,0,0.0,0.0,0.0,True,80889
TF-IDF Reverse,1201,500,40,1,0.002,0.025,0.010346613421229072,True,80889
TF-IDF Reverse,1201,1000,40,3,0.003,0.075,0.029604429029335317,True,80889
User Activity,1201,100,40,0,0.0,0.0,0.0,True,80889
User Activity,1201,500,40,0,0.0,0.0,0.0,True,80889
User Activity,1201,1000,40,0,0.0,0.0,0.0,True,80889
Random Reverse,1201,100,40,0,0.0,0.0,0.0,True,80889
Random Reverse,1201,500,40,0,0.0,0.0,0.0,True,80889
Random Reverse,1201,1000,40,0,0.0,0.0,0.0,True,80889
TF-IDF Reverse,1202,100,34,0,0.0,0.0,0.0,True,80889
TF-IDF Reverse,1202,500,34,0,0.0,0.0,0.0,True,80889
TF-IDF Reverse,1202,1000,34,1,0.001,0.029411764705882353,0.010171376776782811,True,80889
User Activity,1202,100,34,0,0.0,0.0,0.0,True,80889
User Activity,1202,500,34,0,0.0,0.0,0.0,True,80889
User Activity,1202,1000,34,0,0.0,0.0,0.0,True,80889
Random Reverse,1202,100,34,0,0.0,0.0,0.0,True,80889
Random Reverse,1202,500,34,0,0.0,0.0,0.0,True,80889
Random Reverse,1202,1000,34,0,0.0,0.0,0.0,True,80889
TF-IDF Reverse,1205,100,116,10,0.1,0.08620689655172414,0.09858975565507096,True,80889
TF-IDF Reverse,1205,500,116,14,0.028,0.1206896551724138,0.11130910983715976,True,80889
TF-IDF Reverse,1205,1000,116,15,0.015,0.12931034482758622,0.11600088212481824,True,80889
User Activity,1205,100,116,0,0.0,0.0,0.0,True,80889
User Activity,1205,500,116,2,0.004,0.017241379310344827,0.010192739625567217,True,80889
User Activity,1205,1000,116,2,0.002,0.017241379310344827,0.010192739625567217,True,80889
Random Reverse,1205,100,116,0,0.0,0.0,0.0,True,80889
Random Reverse,1205,500,116,0,0.0,0.0,0.0,True,80889
Random Reverse,1205,1000,116,1,0.001,0.008620689655172414,0.004428958881411454,True,80889
TF-IDF Reverse,1206,100,67,0,0.0,0.0,0.0,True,80889
TF-IDF Reverse,1206,500,67,0,0.0,0.0,0.0,True,80889
TF-IDF Reverse,1206,1000,67,0,0.0,0.0,0.0,True,80889
User Activity,1206,100,67,0,0.0,0.0,0.0,True,80889
User Activity,1206,500,67,0,0.0,0.0,0.0,True,80889
User Activity,1206,1000,67,0,0.0,0.0,0.0,True,80889
Random Reverse,1206,100,67,0,0.0,0.0,0.0,True,80889
Random Reverse,1206,500,67,0,0.0,0.0,0.0,True,80889
Random Reverse,1206,1000,67,0,0.0,0.0,0.0,True,80889
TF-IDF Reverse,1207,100,17,0,0.0,0.0,0.0,True,80889
TF-IDF Reverse,1207,500,17,0,0.0,0.0,0.0,True,80889
TF-IDF Reverse,1207,1000,17,0,0.0,0.0,0.0,True,80889
User Activity,1207,100,17,0,0.0,0.0,0.0,True,80889
User Activity,1207,500,17,0,0.0,0.0,0.0,True,80889
User Activity,1207,1000,17,0,0.0,0.0,0.0,True,80889
Random Reverse,1207,100,17,0,0.0,0.0,0.0,True,80889
Random Reverse,1207,500,17,0,0.0,0.0,0.0,True,80889
Random Reverse,1207,1000,17,1,0.001,0.058823529411764705,0.01726628393075801,True,80889
TF-IDF Reverse,1209,100,20,1,0.01,0.05,0.030218457878623883,True,80889
TF-IDF Reverse,1209,500,20,1,0.002,0.05,0.030218457878623883,True,80889
TF-IDF Reverse,1209,1000,20,3,0.003,0.15,0.05910156501742081,True,80889
User Activity,1209,100,20,0,0.0,0.0,0.0,True,80889
User Activity,1209,500,20,0,0.0,0.0,0.0,True,80889
User Activity,1209,1000,20,0,0.0,0.0,0.0,True,80889
Random Reverse,1209,100,20,0,0.0,0.0,0.0,True,80889
Random Reverse,1209,500,20,1,0.002,0.05,0.016679784671964095,True,80889
Random Reverse,1209,1000,20,1,0.001,0.05,0.016679784671964095,True,80889
TF-IDF Reverse,1210,100,12,0,0.0,0.0,0.0,True,80889
TF-IDF Reverse,1210,500,12,0,0.0,0.0,0.0,True,80889
TF-IDF Reverse,1210,1000,12,1,0.001,0.08333333333333333,0.02092060669735256,True,80889
User Activity,1210,100,12,0,0.0,0.0,0.0,True,80889
User Activity,1210,500,12,0,0.0,0.0,0.0,True,80889
User Activity,1210,1000,12,0,0.0,0.0,0.0,True,80889
Random Reverse,1210,100,12,0,0.0,0.0,0.0,True,80889
Random Reverse,1210,500,12,0,0.0,0.0,0.0,True,80889
Random Reverse,1210,1000,12,0,0.0,0.0,0.0,True,80889
TF-IDF Reverse,1211,100,10,0,0.0,0.0,0.0,True,80889
TF-IDF Reverse,1211,500,10,0,0.0,0.0,0.0,True,80889
TF-IDF Reverse,1211,1000,10,1,0.001,0.1,0.02425483085110717,True,80889
User Activity,1211,100,10,0,0.0,0.0,0.0,True,80889
User Activity,1211,500,10,0,0.0,0.0,0.0,True,80889
User Activity,1211,1000,10,0,0.0,0.0,0.0,True,80889
Random Reverse,1211,100,10,0,0.0,0.0,0.0,True,80889
Random Reverse,1211,500,10,1,0.002,0.1,0.026017323174903104,True,80889
Random Reverse,1211,1000,10,1,0.001,0.1,0.026017323174903104,True,80889
TF-IDF Reverse,1212,100,40,0,0.0,0.0,0.0,True,80889
TF-IDF Reverse,1212,500,40,0,0.0,0.0,0.0,True,80889
TF-IDF Reverse,1212,1000,40,0,0.0,0.0,0.0,True,80889
User Activity,1212,100,40,0,0.0,0.0,0.0,True,80889
User Activity,1212,500,40,0,0.0,0.0,0.0,True,80889
User Activity,1212,1000,40,0,0.0,0.0,0.0,True,80889
Random Reverse,1212,100,40,0,0.0,0.0,0.0,True,80889
Random Reverse,1212,500,40,0,0.0,0.0,0.0,True,80889
Random Reverse,1212,1000,40,1,0.001,0.025,0.009246015716345108,True,80889
TF-IDF Reverse,1213,100,28,1,0.01,0.03571428571428571,0.03301358031123131,True,80889
TF-IDF Reverse,1213,500,28,2,0.004,0.07142857142857142,0.048812596507785126,True,80889
TF-IDF Reverse,1213,1000,28,2,0.002,0.07142857142857142,0.048812596507785126,True,80889
User Activity,1213,100,28,0,0.0,0.0,0.0,True,80889
User Activity,1213,500,28,0,0.0,0.0,0.0,True,80889
User Activity,1213,1000,28,0,0.0,0.0,0.0,True,80889
Random Reverse,1213,100,28,0,0.0,0.0,0.0,True,80889
Random Reverse,1213,500,28,0,0.0,0.0,0.0,True,80889
Random Reverse,1213,1000,28,0,0.0,0.0,0.0,True,80889
TF-IDF Reverse,1214,100,22,2,0.02,0.09090909090909091,0.06964215500437923,True,80889
TF-IDF Reverse,1214,500,22,2,0.004,0.09090909090909091,0.06964215500437923,True,80889
TF-IDF Reverse,1214,1000,22,2,0.002,0.09090909090909091,0.06964215500437923,True,80889
User Activity,1214,100,22,0,0.0,0.0,0.0,True,80889
User Activity,1214,500,22,0,0.0,0.0,0.0,True,80889
User Activity,1214,1000,22,0,0.0,0.0,0.0,True,80889
Random Reverse,1214,100,22,0,0.0,0.0,0.0,True,80889
Random Reverse,1214,500,22,0,0.0,0.0,0.0,True,80889
Random Reverse,1214,1000,22,0,0.0,0.0,0.0,True,80889
TF-IDF Reverse,1215,100,98,6,0.06,0.061224489795918366,0.06183999259115559,True,80889
TF-IDF Reverse,1215,500,98,10,0.02,0.10204081632653061,0.08693779186406425,True,80889
TF-IDF Reverse,1215,1000,98,11,0.011,0.11224489795918367,0.09195656095027122,True,80889
User Activity,1215,100,98,0,0.0,0.0,0.0,True,80889
User Activity,1215,500,98,0,0.0,0.0,0.0,True,80889
User Activity,1215,1000,98,0,0.0,0.0,0.0,True,80889
Random Reverse,1215,100,98,0,0.0,0.0,0.0,True,80889
Random Reverse,1215,500,98,0,0.0,0.0,0.0,True,80889
Random Reverse,1215,1000,98,0,0.0,0.0,0.0,True,80889
TF-IDF Reverse,1217,100,38,0,0.0,0.0,0.0,True,80889
TF-IDF Reverse,1217,500,38,0,0.0,0.0,0.0,True,80889
TF-IDF Reverse,1217,1000,38,0,0.0,0.0,0.0,True,80889
User Activity,1217,100,38,0,0.0,0.0,0.0,True,80889
User Activity,1217,500,38,0,0.0,0.0,0.0,True,80889
User Activity,1217,1000,38,0,0.0,0.0,0.0,True,80889
Random Reverse,1217,100,38,0,0.0,0.0,0.0,True,80889
Random Reverse,1217,500,38,0,0.0,0.0,0.0,True,80889
Random Reverse,1217,1000,38,0,0.0,0.0,0.0,True,80889
TF-IDF Reverse,1218,100,30,1,0.01,0.03333333333333333,0.017121692657965284,True,80889
TF-IDF Reverse,1218,500,30,1,0.002,0.03333333333333333,0.017121692657965284,True,80889
TF-IDF Reverse,1218,1000,30,1,0.001,0.03333333333333333,0.017121692657965284,True,80889
User Activity,1218,100,30,0,0.0,0.0,0.0,True,80889
User Activity,1218,500,30,0,0.0,0.0,0.0,True,80889
User Activity,1218,1000,30,0,0.0,0.0,0.0,True,80889
Random Reverse,1218,100,30,1,0.01,0.03333333333333333,0.02412953926269958,True,80889
Random Reverse,1218,500,30,1,0.002,0.03333333333333333,0.02412953926269958,True,80889
Random Reverse,1218,1000,30,1,0.001,0.03333333333333333,0.02412953926269958,True,80889
TF-IDF Reverse,1219,100,40,1,0.01,0.025,0.022058409612694875,True,80889
TF-IDF Reverse,1219,500,40,2,0.004,0.05,0.03287529110141795,True,80889
TF-IDF Reverse,1219,1000,40,2,0.002,0.05,0.03287529110141795,True,80889
User Activity,1219,100,40,0,0.0,0.0,0.0,True,80889
User Activity,1219,500,40,0,0.0,0.0,0.0,True,80889
User Activity,1219,1000,40,0,0.0,0.0,0.0,True,80889
Random Reverse,1219,100,40,0,0.0,0.0,0.0,True,80889
Random Reverse,1219,500,40,0,0.0,0.0,0.0,True,80889
Random Reverse,1219,1000,40,0,0.0,0.0,0.0,True,80889
TF-IDF Reverse,1220,100,87,0,0.0,0.0,0.0,True,80889
TF-IDF Reverse,1220,500,87,0,0.0,0.0,0.0,True,80889
TF-IDF Reverse,1220,1000,87,0,0.0,0.0,0.0,True,80889
User Activity,1220,100,87,0,0.0,0.0,0.0,True,80889
User Activity,1220,500,87,0,0.0,0.0,0.0,True,80889
User Activity,1220,1000,87,0,0.0,0.0,0.0,True,80889
Random Reverse,1220,100,87,0,0.0,0.0,0.0,True,80889
Random Reverse,1220,500,87,0,0.0,0.0,0.0,True,80889
Random Reverse,1220,1000,87,2,0.002,0.022988505747126436,0.010853393474153518,True,80889
TF-IDF Reverse,1222,100,7,0,0.0,0.0,0.0,True,80889
TF-IDF Reverse,1222,500,7,0,0.0,0.0,0.0,True,80889
TF-IDF Reverse,1222,1000,7,0,0.0,0.0,0.0,True,80889
User Activity,1222,100,7,0,0.0,0.0,0.0,True,80889
User Activity,1222,500,7,0,0.0,0.0,0.0,True,80889
User Activity,1222,1000,7,0,0.0,0.0,0.0,True,80889
Random Reverse,1222,100,7,0,0.0,0.0,0.0,True,80889
Random Reverse,1222,500,7,0,0.0,0.0,0.0,True,80889
Random Reverse,1222,1000,7,0,0.0,0.0,0.0,True,80889
TF-IDF Reverse,1223,100,148,0,0.0,0.0,0.0,True,80889
TF-IDF Reverse,1223,500,148,1,0.002,0.006756756756756757,0.004008118058390698,True,80889
TF-IDF Reverse,1223,1000,148,1,0.001,0.006756756756756757,0.004008118058390698,True,80889
User Activity,1223,100,148,0,0.0,0.0,0.0,True,80889
User Activity,1223,500,148,0,0.0,0.0,0.0,True,80889
User Activity,1223,1000,148,0,0.0,0.0,0.0,True,80889
Random Reverse,1223,100,148,0,0.0,0.0,0.0,True,80889
Random Reverse,1223,500,148,0,0.0,0.0,0.0,True,80889
Random Reverse,1223,1000,148,1,0.001,0.006756756756756757,0.0037013915117216347,True,80889
TF-IDF Reverse,1225,100,5,0,0.0,0.0,0.0,True,80889
TF-IDF Reverse,1225,500,5,0,0.0,0.0,0.0,True,80889
TF-IDF Reverse,1225,1000,5,0,0.0,0.0,0.0,True,80889
User Activity,1225,100,5,0,0.0,0.0,0.0,True,80889
User Activity,1225,500,5,0,0.0,0.0,0.0,True,80889
User Activity,1225,1000,5,0,0.0,0.0,0.0,True,80889
Random Reverse,1225,100,5,0,0.0,0.0,0.0,True,80889
Random Reverse,1225,500,5,0,0.0,0.0,0.0,True,80889
Random Reverse,1225,1000,5,0,0.0,0.0,0.0,True,80889
TF-IDF Reverse,1226,100,62,2,0.02,0.03225806451612903,0.02607225855239804,True,80889
TF-IDF Reverse,1226,500,62,2,0.004,0.03225806451612903,0.02607225855239804,True,80889
TF-IDF Reverse,1226,1000,62,2,0.002,0.03225806451612903,0.02607225855239804,True,80889
User Activity,1226,100,62,0,0.0,0.0,0.0,True,80889
User Activity,1226,500,62,0,0.0,0.0,0.0,True,80889
User Activity,1226,1000,62,0,0.0,0.0,0.0,True,80889
Random Reverse,1226,100,62,0,0.0,0.0,0.0,True,80889
Random Reverse,1226,500,62,0,0.0,0.0,0.0,True,80889
Random Reverse,1226,1000,62,0,0.0,0.0,0.0,True,80889
TF-IDF Reverse,1227,100,41,1,0.01,0.024390243902439025,0.015712686335002602,True,80889
TF-IDF Reverse,1227,500,41,3,0.006,0.07317073170731707,0.03640182618760904,True,80889
TF-IDF Reverse,1227,1000,41,3,0.003,0.07317073170731707,0.03640182618760904,True,80889
User Activity,1227,100,41,0,0.0,0.0,0.0,True,80889
User Activity,1227,500,41,0,0.0,0.0,0.0,True,80889
User Activity,1227,1000,41,0,0.0,0.0,0.0,True,80889
Random Reverse,1227,100,41,0,0.0,0.0,0.0,True,80889
Random Reverse,1227,500,41,0,0.0,0.0,0.0,True,80889
Random Reverse,1227,1000,41,0,0.0,0.0,0.0,True,80889
TF-IDF Reverse,1229,100,10,0,0.0,0.0,0.0,True,80889
TF-IDF Reverse,1229,500,10,0,0.0,0.0,0.0,True,80889
TF-IDF Reverse,1229,1000,10,0,0.0,0.0,0.0,True,80889
User Activity,1229,100,10,0,0.0,0.0,0.0,True,80889
User Activity,1229,500,10,0,0.0,0.0,0.0,True,80889
User Activity,1229,1000,10,0,0.0,0.0,0.0,True,80889
Random Reverse,1229,100,10,0,0.0,0.0,0.0,True,80889
Random Reverse,1229,500,10,0,0.0,0.0,0.0,True,80889
Random Reverse,1229,1000,10,0,0.0,0.0,0.0,True,80889
TF-IDF Reverse,1230,100,38,0,0.0,0.0,0.0,True,80889
TF-IDF Reverse,1230,500,38,0,0.0,0.0,0.0,True,80889
TF-IDF Reverse,1230,1000,38,0,0.0,0.0,0.0,True,80889
User Activity,1230,100,38,0,0.0,0.0,0.0,True,80889
User Activity,1230,500,38,0,0.0,0.0,0.0,True,80889
User Activity,1230,1000,38,0,0.0,0.0,0.0,True,80889
Random Reverse,1230,100,38,0,0.0,0.0,0.0,True,80889
Random Reverse,1230,500,38,0,0.0,0.0,0.0,True,80889
Random Reverse,1230,1000,38,0,0.0,0.0,0.0,True,80889
TF-IDF Reverse,1233,100,6,0,0.0,0.0,0.0,True,80889
TF-IDF Reverse,1233,500,6,0,0.0,0.0,0.0,True,80889
TF-IDF Reverse,1233,1000,6,0,0.0,0.0,0.0,True,80889
User Activity,1233,100,6,0,0.0,0.0,0.0,True,80889
User Activity,1233,500,6,0,0.0,0.0,0.0,True,80889
User Activity,1233,1000,6,0,0.0,0.0,0.0,True,80889
Random Reverse,1233,100,6,0,0.0,0.0,0.0,True,80889
Random Reverse,1233,500,6,1,0.002,0.16666666666666666,0.03807101567934011,True,80889
Random Reverse,1233,1000,6,1,0.001,0.16666666666666666,0.03807101567934011,True,80889
TF-IDF Reverse,1234,100,21,0,0.0,0.0,0.0,True,80889
TF-IDF Reverse,1234,500,21,0,0.0,0.0,0.0,True,80889
TF-IDF Reverse,1234,1000,21,0,0.0,0.0,0.0,True,80889
User Activity,1234,100,21,0,0.0,0.0,0.0,True,80889
User Activity,1234,500,21,0,0.0,0.0,0.0,True,80889
User Activity,1234,1000,21,0,0.0,0.0,0.0,True,80889
Random Reverse,1234,100,21,0,0.0,0.0,0.0,True,80889
Random Reverse,1234,500,21,0,0.0,0.0,0.0,True,80889
Random Reverse,1234,1000,21,0,0.0,0.0,0.0,True,80889
TF-IDF Reverse,1235,100,87,2,0.02,0.022988505747126436,0.022378147519195427,True,80889
TF-IDF Reverse,1235,500,87,5,0.01,0.05747126436781609,0.04443259951964144,True,80889
TF-IDF Reverse,1235,1000,87,8,0.008,0.09195402298850575,0.06107068415361593,True,80889
User Activity,1235,100,87,0,0.0,0.0,0.0,True,80889
User Activity,1235,500,87,0,0.0,0.0,0.0,True,80889
User Activity,1235,1000,87,0,0.0,0.0,0.0,True,80889
Random Reverse,1235,100,87,0,0.0,0.0,0.0,True,80889
Random Reverse,1235,500,87,0,0.0,0.0,0.0,True,80889
Random Reverse,1235,1000,87,1,0.001,0.011494252873563218,0.0053445225959391504,True,80889
TF-IDF Reverse,1236,100,7,1,0.01,0.14285714285714285,0.05497526658285817,True,80889
TF-IDF Reverse,1236,500,7,1,0.002,0.14285714285714285,0.05497526658285817,True,80889
TF-IDF Reverse,1236,1000,7,2,0.002,0.2857142857142857,0.08514453887371957,True,80889
User Activity,1236,100,7,0,0.0,0.0,0.0,True,80889
User Activity,1236,500,7,0,0.0,0.0,0.0,True,80889
User Activity,1236,1000,7,0,0.0,0.0,0.0,True,80889
Random Reverse,1236,100,7,0,0.0,0.0,0.0,True,80889
Random Reverse,1236,500,7,0,0.0,0.0,0.0,True,80889
Random Reverse,1236,1000,7,0,0.0,0.0,0.0,True,80889
TF-IDF Reverse,1237,100,9,2,0.02,0.2222222222222222,0.09075999949289376,True,80889
TF-IDF Reverse,1237,500,9,3,0.006,0.3333333333333333,0.11885424967779103,True,80889
TF-IDF Reverse,1237,1000,9,6,0.006,0.6666666666666666,0.19441027386928666,True,80889
User Activity,1237,100,9,0,0.0,0.0,0.0,True,80889
User Activity,1237,500,9,0,0.0,0.0,0.0,True,80889
User Activity,1237,1000,9,0,0.0,0.0,0.0,True,80889
Random Reverse,1237,100,9,0,0.0,0.0,0.0,True,80889
Random Reverse,1237,500,9,0,0.0,0.0,0.0,True,80889
Random Reverse,1237,1000,9,0,0.0,0.0,0.0,True,80889
TF-IDF Reverse,1238,100,43,7,0.07,0.16279069767441862,0.12210569753902466,True,80889
TF-IDF Reverse,1238,500,43,11,0.022,0.2558139534883721,0.1664170503104155,True,80889
TF-IDF Reverse,1238,1000,43,13,0.013,0.3023255813953488,0.18399775971691004,True,80889
User Activity,1238,100,43,0,0.0,0.0,0.0,True,80889
User Activity,1238,500,43,0,0.0,0.0,0.0,True,80889
User Activity,1238,1000,43,0,0.0,0.0,0.0,True,80889
Random Reverse,1238,100,43,0,0.0,0.0,0.0,True,80889
Random Reverse,1238,500,43,0,0.0,0.0,0.0,True,80889
Random Reverse,1238,1000,43,0,0.0,0.0,0.0,True,80889
TF-IDF Reverse,1242,100,693,15,0.15,0.021645021645021644,0.12060708465644074,True,80889
TF-IDF Reverse,1242,500,693,142,0.284,0.2049062049062049,0.24749151441183825,True,80889
TF-IDF Reverse,1242,1000,693,194,0.194,0.27994227994227994,0.251261085604053,True,80889
User Activity,1242,100,693,0,0.0,0.0,0.0,True,80889
User Activity,1242,500,693,0,0.0,0.0,0.0,True,80889
User Activity,1242,1000,693,1,0.001,0.001443001443001443,0.0011081258710471686,True,80889
Random Reverse,1242,100,693,1,0.01,0.001443001443001443,0.008085222248119186,True,80889
Random Reverse,1242,500,693,6,0.012,0.008658008658008658,0.011056427038185062,True,80889
Random Reverse,1242,1000,693,8,0.008,0.011544011544011544,0.0108250494203518,True,80889
TF-IDF Reverse,1243,100,41,0,0.0,0.0,0.0,True,80889
TF-IDF Reverse,1243,500,41,0,0.0,0.0,0.0,True,80889
TF-IDF Reverse,1243,1000,41,0,0.0,0.0,0.0,True,80889
User Activity,1243,100,41,0,0.0,0.0,0.0,True,80889
User Activity,1243,500,41,0,0.0,0.0,0.0,True,80889
User Activity,1243,1000,41,0,0.0,0.0,0.0,True,80889
Random Reverse,1243,100,41,0,0.0,0.0,0.0,True,80889
Random Reverse,1243,500,41,0,0.0,0.0,0.0,True,80889
Random Reverse,1243,1000,41,0,0.0,0.0,0.0,True,80889
TF-IDF Reverse,1244,100,14,0,0.0,0.0,0.0,True,80889
TF-IDF Reverse,1244,500,14,0,0.0,0.0,0.0,True,80889
TF-IDF Reverse,1244,1000,14,0,0.0,0.0,0.0,True,80889
User Activity,1244,100,14,0,0.0,0.0,0.0,True,80889
User Activity,1244,500,14,0,0.0,0.0,0.0,True,80889
User Activity,1244,1000,14,0,0.0,0.0,0.0,True,80889
Random Reverse,1244,100,14,0,0.0,0.0,0.0,True,80889
Random Reverse,1244,500,14,0,0.0,0.0,0.0,True,80889
Random Reverse,1244,1000,14,0,0.0,0.0,0.0,True,80889
TF-IDF Reverse,1246,100,30,0,0.0,0.0,0.0,True,80889
TF-IDF Reverse,1246,500,30,0,0.0,0.0,0.0,True,80889
TF-IDF Reverse,1246,1000,30,0,0.0,0.0,0.0,True,80889
User Activity,1246,100,30,0,0.0,0.0,0.0,True,80889
User Activity,1246,500,30,0,0.0,0.0,0.0,True,80889
User Activity,1246,1000,30,0,0.0,0.0,0.0,True,80889
Random Reverse,1246,100,30,0,0.0,0.0,0.0,True,80889
Random Reverse,1246,500,30,0,0.0,0.0,0.0,True,80889
Random Reverse,1246,1000,30,0,0.0,0.0,0.0,True,80889
TF-IDF Reverse,1247,100,18,0,0.0,0.0,0.0,True,80889
TF-IDF Reverse,1247,500,18,0,0.0,0.0,0.0,True,80889
TF-IDF Reverse,1247,1000,18,0,0.0,0.0,0.0,True,80889
User Activity,1247,100,18,0,0.0,0.0,0.0,True,80889
User Activity,1247,500,18,0,0.0,0.0,0.0,True,80889
User Activity,1247,1000,18,0,0.0,0.0,0.0,True,80889
Random Reverse,1247,100,18,0,0.0,0.0,0.0,True,80889
Random Reverse,1247,500,18,0,0.0,0.0,0.0,True,80889
Random Reverse,1247,1000,18,0,0.0,0.0,0.0,True,80889
TF-IDF Reverse,1249,100,6,0,0.0,0.0,0.0,True,80889
TF-IDF Reverse,1249,500,6,1,0.002,0.16666666666666666,0.038632281693167805,True,80889
TF-IDF Reverse,1249,1000,6,1,0.001,0.16666666666666666,0.038632281693167805,True,80889
User Activity,1249,100,6,0,0.0,0.0,0.0,True,80889
User Activity,1249,500,6,0,0.0,0.0,0.0,True,80889
User Activity,1249,1000,6,0,0.0,0.0,0.0,True,80889
Random Reverse,1249,100,6,0,0.0,0.0,0.0,True,80889
Random Reverse,1249,500,6,0,0.0,0.0,0.0,True,80889
Random Reverse,1249,1000,6,0,0.0,0.0,0.0,True,80889
TF-IDF Reverse,1251,100,14,0,0.0,0.0,0.0,True,80889
TF-IDF Reverse,1251,500,14,0,0.0,0.0,0.0,True,80889
TF-IDF Reverse,1251,1000,14,0,0.0,0.0,0.0,True,80889
User Activity,1251,100,14,0,0.0,0.0,0.0,True,80889
User Activity,1251,500,14,0,0.0,0.0,0.0,True,80889
User Activity,1251,1000,14,0,0.0,0.0,0.0,True,80889
Random Reverse,1251,100,14,0,0.0,0.0,0.0,True,80889
Random Reverse,1251,500,14,0,0.0,0.0,0.0,True,80889
Random Reverse,1251,1000,14,0,0.0,0.0,0.0,True,80889
TF-IDF Reverse,1253,100,216,0,0.0,0.0,0.0,True,80889
TF-IDF Reverse,1253,500,216,0,0.0,0.0,0.0,True,80889
TF-IDF Reverse,1253,1000,216,2,0.002,0.009259259259259259,0.005894213111796794,True,80889
User Activity,1253,100,216,0,0.0,0.0,0.0,True,80889
User Activity,1253,500,216,0,0.0,0.0,0.0,True,80889
User Activity,1253,1000,216,0,0.0,0.0,0.0,True,80889
Random Reverse,1253,100,216,0,0.0,0.0,0.0,True,80889
Random Reverse,1253,500,216,2,0.004,0.009259259259259259,0.007251966203764013,True,80889
Random Reverse,1253,1000,216,4,0.004,0.018518518518518517,0.012819665330361503,True,80889
TF-IDF Reverse,1256,100,27,0,0.0,0.0,0.0,True,80889
TF-IDF Reverse,1256,500,27,0,0.0,0.0,0.0,True,80889
TF-IDF Reverse,1256,1000,27,0,0.0,0.0,0.0,True,80889
User Activity,1256,100,27,0,0.0,0.0,0.0,True,80889
User Activity,1256,500,27,0,0.0,0.0,0.0,True,80889
User Activity,1256,1000,27,0,0.0,0.0,0.0,True,80889
Random Reverse,1256,100,27,0,0.0,0.0,0.0,True,80889
Random Reverse,1256,500,27,0,0.0,0.0,0.0,True,80889
Random Reverse,1256,1000,27,0,0.0,0.0,0.0,True,80889
TF-IDF Reverse,1257,100,174,3,0.03,0.017241379310344827,0.03238760772714053,True,80889
TF-IDF Reverse,1257,500,174,4,0.008,0.022988505747126436,0.02524474598782179,True,80889
TF-IDF Reverse,1257,1000,174,74,0.074,0.42528735632183906,0.25635273017212185,True,80889
User Activity,1257,100,174,0,0.0,0.0,0.0,True,80889
User Activity,1257,500,174,0,0.0,0.0,0.0,True,80889
User Activity,1257,1000,174,0,0.0,0.0,0.0,True,80889
Random Reverse,1257,100,174,0,0.0,0.0,0.0,True,80889
Random Reverse,1257,500,174,2,0.004,0.011494252873563218,0.007895376863904166,True,80889
Random Reverse,1257,1000,174,2,0.002,0.011494252873563218,0.007895376863904166,True,80889
TF-IDF Reverse,1258,100,301,1,0.01,0.0033222591362126247,0.007901292059672813,True,80889
TF-IDF Reverse,1258,500,301,24,0.048,0.07973421926910298,0.059138066387364414,True,80889
TF-IDF Reverse,1258,1000,301,171,0.171,0.5681063122923588,0.39260483769291427,True,80889
User Activity,1258,100,301,0,0.0,0.0,0.0,True,80889
User Activity,1258,500,301,0,0.0,0.0,0.0,True,80889
User Activity,1258,1000,301,0,0.0,0.0,0.0,True,80889
Random Reverse,1258,100,301,1,0.01,0.0033222591362126247,0.008052712595841475,True,80889
Random Reverse,1258,500,301,1,0.002,0.0033222591362126247,0.00354973116276801,True,80889
Random Reverse,1258,1000,301,4,0.004,0.013289036544850499,0.01008250837031911,True,80889
TF-IDF Reverse,1260,100,156,9,0.09,0.057692307692307696,0.08181291095772547,True,80889
TF-IDF Reverse,1260,500,156,32,0.064,0.20512820512820512,0.16105070413605893,True,80889
TF-IDF Reverse,1260,1000,156,88,0.088,0.5641025641025641,0.3608410354838106,True,80889
User Activity,1260,100,156,0,0.0,0.0,0.0,True,80889
User Activity,1260,500,156,0,0.0,0.0,0.0,True,80889
User Activity,1260,1000,156,0,0.0,0.0,0.0,True,80889
Random Reverse,1260,100,156,0,0.0,0.0,0.0,True,80889
Random Reverse,1260,500,156,1,0.002,0.00641025641025641,0.004245532879569966,True,80889
Random Reverse,1260,1000,156,2,0.002,0.01282051282051282,0.008019194960462614,True,80889
TF-IDF Reverse,1262,100,6,0,0.0,0.0,0.0,True,80889
TF-IDF Reverse,1262,500,6,1,0.002,0.16666666666666666,0.03496419866778405,True,80889
TF-IDF Reverse,1262,1000,6,1,0.001,0.16666666666666666,0.03496419866778405,True,80889
User Activity,1262,100,6,0,0.0,0.0,0.0,True,80889
User Activity,1262,500,6,0,0.0,0.0,0.0,True,80889
User Activity,1262,1000,6,0,0.0,0.0,0.0,True,80889
Random Reverse,1262,100,6,0,0.0,0.0,0.0,True,80889
Random Reverse,1262,500,6,0,0.0,0.0,0.0,True,80889
Random Reverse,1262,1000,6,0,0.0,0.0,0.0,True,80889
TF-IDF Reverse,1263,100,48,0,0.0,0.0,0.0,True,80889
TF-IDF Reverse,1263,500,48,0,0.0,0.0,0.0,True,80889
TF-IDF Reverse,1263,1000,48,0,0.0,0.0,0.0,True,80889
User Activity,1263,100,48,0,0.0,0.0,0.0,True,80889
User Activity,1263,500,48,0,0.0,0.0,0.0,True,80889
User Activity,1263,1000,48,0,0.0,0.0,0.0,True,80889
Random Reverse,1263,100,48,0,0.0,0.0,0.0,True,80889
Random Reverse,1263,500,48,0,0.0,0.0,0.0,True,80889
Random Reverse,1263,1000,48,1,0.001,0.020833333333333332,0.00815133326114799,True,80889
TF-IDF Reverse,1264,100,85,0,0.0,0.0,0.0,True,80889
TF-IDF Reverse,1264,500,85,0,0.0,0.0,0.0,True,80889
TF-IDF Reverse,1264,1000,85,1,0.001,0.011764705882352941,0.005798157852774017,True,80889
User Activity,1264,100,85,0,0.0,0.0,0.0,True,80889
User Activity,1264,500,85,0,0.0,0.0,0.0,True,80889
User Activity,1264,1000,85,0,0.0,0.0,0.0,True,80889
Random Reverse,1264,100,85,0,0.0,0.0,0.0,True,80889
Random Reverse,1264,500,85,0,0.0,0.0,0.0,True,80889
Random Reverse,1264,1000,85,0,0.0,0.0,0.0,True,80889
TF-IDF Reverse,1267,100,11,0,0.0,0.0,0.0,True,80889
TF-IDF Reverse,1267,500,11,0,0.0,0.0,0.0,True,80889
TF-IDF Reverse,1267,1000,11,0,0.0,0.0,0.0,True,80889
User Activity,1267,100,11,0,0.0,0.0,0.0,True,80889
User Activity,1267,500,11,0,0.0,0.0,0.0,True,80889
User Activity,1267,1000,11,0,0.0,0.0,0.0,True,80889
Random Reverse,1267,100,11,0,0.0,0.0,0.0,True,80889
Random Reverse,1267,500,11,0,0.0,0.0,0.0,True,80889
Random Reverse,1267,1000,11,0,0.0,0.0,0.0,True,80889
TF-IDF Reverse,1268,100,16,0,0.0,0.0,0.0,True,80889
TF-IDF Reverse,1268,500,16,0,0.0,0.0,0.0,True,80889
TF-IDF Reverse,1268,1000,16,0,0.0,0.0,0.0,True,80889
User Activity,1268,100,16,0,0.0,0.0,0.0,True,80889
User Activity,1268,500,16,0,0.0,0.0,0.0,True,80889
User Activity,1268,1000,16,0,0.0,0.0,0.0,True,80889
Random Reverse,1268,100,16,0,0.0,0.0,0.0,True,80889
Random Reverse,1268,500,16,0,0.0,0.0,0.0,True,80889
Random Reverse,1268,1000,16,0,0.0,0.0,0.0,True,80889
TF-IDF Reverse,1270,100,9,0,0.0,0.0,0.0,True,80889
TF-IDF Reverse,1270,500,9,0,0.0,0.0,0.0,True,80889
TF-IDF Reverse,1270,1000,9,0,0.0,0.0,0.0,True,80889
User Activity,1270,100,9,0,0.0,0.0,0.0,True,80889
User Activity,1270,500,9,0,0.0,0.0,0.0,True,80889
User Activity,1270,1000,9,0,0.0,0.0,0.0,True,80889
Random Reverse,1270,100,9,0,0.0,0.0,0.0,True,80889
Random Reverse,1270,500,9,0,0.0,0.0,0.0,True,80889
Random Reverse,1270,1000,9,0,0.0,0.0,0.0,True,80889
TF-IDF Reverse,1271,100,52,0,0.0,0.0,0.0,True,80889
TF-IDF Reverse,1271,500,52,0,0.0,0.0,0.0,True,80889
TF-IDF Reverse,1271,1000,52,4,0.004,0.07692307692307693,0.031787271870734546,True,80889
User Activity,1271,100,52,0,0.0,0.0,0.0,True,80889
User Activity,1271,500,52,0,0.0,0.0,0.0,True,80889
User Activity,1271,1000,52,0,0.0,0.0,0.0,True,80889
Random Reverse,1271,100,52,0,0.0,0.0,0.0,True,80889
Random Reverse,1271,500,52,1,0.002,0.019230769230769232,0.00930329863349329,True,80889
Random Reverse,1271,1000,52,4,0.004,0.07692307692307693,0.03305795460173293,True,80889
TF-IDF Reverse,1273,100,7,1,0.01,0.14285714285714285,0.13743816645714543,True,80889
TF-IDF Reverse,1273,500,7,1,0.002,0.14285714285714285,0.13743816645714543,True,80889
TF-IDF Reverse,1273,1000,7,1,0.001,0.14285714285714285,0.13743816645714543,True,80889
User Activity,1273,100,7,0,0.0,0.0,0.0,True,80889
User Activity,1273,500,7,0,0.0,0.0,0.0,True,80889
User Activity,1273,1000,7,0,0.0,0.0,0.0,True,80889
Random Reverse,1273,100,7,0,0.0,0.0,0.0,True,80889
Random Reverse,1273,500,7,0,0.0,0.0,0.0,True,80889
Random Reverse,1273,1000,7,0,0.0,0.0,0.0,True,80889
TF-IDF Reverse,1278,100,34,0,0.0,0.0,0.0,True,80889
TF-IDF Reverse,1278,500,34,0,0.0,0.0,0.0,True,80889
TF-IDF Reverse,1278,1000,34,0,0.0,0.0,0.0,True,80889
User Activity,1278,100,34,0,0.0,0.0,0.0,True,80889
User Activity,1278,500,34,0,0.0,0.0,0.0,True,80889
User Activity,1278,1000,34,0,0.0,0.0,0.0,True,80889
Random Reverse,1278,100,34,0,0.0,0.0,0.0,True,80889
Random Reverse,1278,500,34,2,0.004,0.058823529411764705,0.02378466387324783,True,80889
Random Reverse,1278,1000,34,2,0.002,0.058823529411764705,0.02378466387324783,True,80889
TF-IDF Reverse,1282,100,114,0,0.0,0.0,0.0,True,80889
TF-IDF Reverse,1282,500,114,4,0.008,0.03508771929824561,0.023340307473462142,True,80889
TF-IDF Reverse,1282,1000,114,7,0.007,0.06140350877192982,0.03716247607899125,True,80889
User Activity,1282,100,114,0,0.0,0.0,0.0,True,80889
User Activity,1282,500,114,0,0.0,0.0,0.0,True,80889
User Activity,1282,1000,114,0,0.0,0.0,0.0,True,80889
Random Reverse,1282,100,114,0,0.0,0.0,0.0,True,80889
Random Reverse,1282,500,114,1,0.002,0.008771929824561403,0.004859936226653155,True,80889
Random Reverse,1282,1000,114,1,0.001,0.008771929824561403,0.004859936226653155,True,80889
TF-IDF Reverse,1283,100,25,0,0.0,0.0,0.0,True,80889
TF-IDF Reverse,1283,500,25,0,0.0,0.0,0.0,True,80889
TF-IDF Reverse,1283,1000,25,0,0.0,0.0,0.0,True,80889
User Activity,1283,100,25,0,0.0,0.0,0.0,True,80889
User Activity,1283,500,25,0,0.0,0.0,0.0,True,80889
User Activity,1283,1000,25,0,0.0,0.0,0.0,True,80889
Random Reverse,1283,100,25,0,0.0,0.0,0.0,True,80889
Random Reverse,1283,500,25,0,0.0,0.0,0.0,True,80889
Random Reverse,1283,1000,25,1,0.001,0.04,0.012433896675898245,True,80889
TF-IDF Reverse,1284,100,8,0,0.0,0.0,0.0,True,80889
TF-IDF Reverse,1284,500,8,1,0.002,0.125,0.0317307057354402,True,80889
TF-IDF Reverse,1284,1000,8,2,0.002,0.25,0.057543077757908186,True,80889
User Activity,1284,100,8,0,0.0,0.0,0.0,True,80889
User Activity,1284,500,8,0,0.0,0.0,0.0,True,80889
User Activity,1284,1000,8,0,0.0,0.0,0.0,True,80889
Random Reverse,1284,100,8,0,0.0,0.0,0.0,True,80889
Random Reverse,1284,500,8,0,0.0,0.0,0.0,True,80889
Random Reverse,1284,1000,8,0,0.0,0.0,0.0,True,80889
TF-IDF Reverse,1289,100,5,0,0.0,0.0,0.0,True,80889
TF-IDF Reverse,1289,500,5,0,0.0,0.0,0.0,True,80889
TF-IDF Reverse,1289,1000,5,0,0.0,0.0,0.0,True,80889
User Activity,1289,100,5,0,0.0,0.0,0.0,True,80889
User Activity,1289,500,5,0,0.0,0.0,0.0,True,80889
User Activity,1289,1000,5,0,0.0,0.0,0.0,True,80889
Random Reverse,1289,100,5,0,0.0,0.0,0.0,True,80889
Random Reverse,1289,500,5,0,0.0,0.0,0.0,True,80889
Random Reverse,1289,1000,5,0,0.0,0.0,0.0,True,80889
TF-IDF Reverse,1290,100,6,0,0.0,0.0,0.0,True,80889
TF-IDF Reverse,1290,500,6,0,0.0,0.0,0.0,True,80889
TF-IDF Reverse,1290,1000,6,0,0.0,0.0,0.0,True,80889
User Activity,1290,100,6,0,0.0,0.0,0.0,True,80889
User Activity,1290,500,6,0,0.0,0.0,0.0,True,80889
User Activity,1290,1000,6,0,0.0,0.0,0.0,True,80889
Random Reverse,1290,100,6,0,0.0,0.0,0.0,True,80889
Random Reverse,1290,500,6,0,0.0,0.0,0.0,True,80889
Random Reverse,1290,1000,6,1,0.001,0.16666666666666666,0.03104724453567184,True,80889
TF-IDF Reverse,1291,100,35,3,0.03,0.08571428571428572,0.08339206100674755,True,80889
TF-IDF Reverse,1291,500,35,6,0.012,0.17142857142857143,0.12207555456362437,True,80889
TF-IDF Reverse,1291,1000,35,6,0.006,0.17142857142857143,0.12207555456362437,True,80889
User Activity,1291,100,35,0,0.0,0.0,0.0,True,80889
User Activity,1291,500,35,0,0.0,0.0,0.0,True,80889
User Activity,1291,1000,35,0,0.0,0.0,0.0,True,80889
Random Reverse,1291,100,35,0,0.0,0.0,0.0,True,80889
Random Reverse,1291,500,35,0,0.0,0.0,0.0,True,80889
Random Reverse,1291,1000,35,0,0.0,0.0,0.0,True,80889
TF-IDF Reverse,1292,100,68,0,0.0,0.0,0.0,True,80889
TF-IDF Reverse,1292,500,68,2,0.004,0.029411764705882353,0.014559190113438548,True,80889
TF-IDF Reverse,1292,1000,68,4,0.004,0.058823529411764705,0.028072195813522688,True,80889
User Activity,1292,100,68,0,0.0,0.0,0.0,True,80889
User Activity,1292,500,68,0,0.0,0.0,0.0,True,80889
User Activity,1292,1000,68,0,0.0,0.0,0.0,True,80889
Random Reverse,1292,100,68,1,0.01,0.014705882352941176,0.011559265584144933,True,80889
Random Reverse,1292,500,68,1,0.002,0.014705882352941176,0.011559265584144933,True,80889
Random Reverse,1292,1000,68,4,0.004,0.058823529411764705,0.031101074609404547,True,80889
TF-IDF Reverse,1293,100,148,1,0.01,0.006756756756756757,0.03013227331188588,True,80889
TF-IDF Reverse,1293,500,148,2,0.004,0.013513513513513514,0.026906262734806206,True,80889
TF-IDF Reverse,1293,1000,148,3,0.003,0.02027027027027027,0.030725049042878764,True,80889
User Activity,1293,100,148,0,0.0,0.0,0.0,True,80889
User Activity,1293,500,148,0,0.0,0.0,0.0,True,80889
User Activity,1293,1000,148,0,0.0,0.0,0.0,True,80889
Random Reverse,1293,100,148,0,0.0,0.0,0.0,True,80889
Random Reverse,1293,500,148,0,0.0,0.0,0.0,True,80889
Random Reverse,1293,1000,148,0,0.0,0.0,0.0,True,80889
TF-IDF Reverse,1294,100,44,1,0.01,0.022727272727272728,0.03012061160233491,True,80889
TF-IDF Reverse,1294,500,44,2,0.004,0.045454545454545456,0.041683663787669974,True,80889
TF-IDF Reverse,1294,1000,44,4,0.004,0.09090909090909091,0.05970810883166768,True,80889
User Activity,1294,100,44,0,0.0,0.0,0.0,True,80889
User Activity,1294,500,44,0,0.0,0.0,0.0,True,80889
User Activity,1294,1000,44,0,0.0,0.0,0.0,True,80889
Random Reverse,1294,100,44,0,0.0,0.0,0.0,True,80889
Random Reverse,1294,500,44,1,0.002,0.022727272727272728,0.009643871992774465,True,80889
Random Reverse,1294,1000,44,1,0.001,0.022727272727272728,0.009643871992774465,True,80889
TF-IDF Reverse,1296,100,6,0,0.0,0.0,0.0,True,80889
TF-IDF Reverse,1296,500,6,0,0.0,0.0,0.0,True,80889
TF-IDF Reverse,1296,1000,6,0,0.0,0.0,0.0,True,80889
User Activity,1296,100,6,0,0.0,0.0,0.0,True,80889
User Activity,1296,500,6,0,0.0,0.0,0.0,True,80889
User Activity,1296,1000,6,0,0.0,0.0,0.0,True,80889
Random Reverse,1296,100,6,0,0.0,0.0,0.0,True,80889
Random Reverse,1296,500,6,0,0.0,0.0,0.0,True,80889
Random Reverse,1296,1000,6,1,0.001,0.16666666666666666,0.031527480548133965,True,80889
TF-IDF Reverse,1297,100,28,0,0.0,0.0,0.0,True,80889
TF-IDF Reverse,1297,500,28,0,0.0,0.0,0.0,True,80889
TF-IDF Reverse,1297,1000,28,0,0.0,0.0,0.0,True,80889
User Activity,1297,100,28,0,0.0,0.0,0.0,True,80889
User Activity,1297,500,28,0,0.0,0.0,0.0,True,80889
User Activity,1297,1000,28,0,0.0,0.0,0.0,True,80889
Random Reverse,1297,100,28,0,0.0,0.0,0.0,True,80889
Random Reverse,1297,500,28,1,0.002,0.03571428571428571,0.01645055598879367,True,80889
Random Reverse,1297,1000,28,1,0.001,0.03571428571428571,0.01645055598879367,True,80889
TF-IDF Reverse,1298,100,20,0,0.0,0.0,0.0,True,80889
TF-IDF Reverse,1298,500,20,0,0.0,0.0,0.0,True,80889
TF-IDF Reverse,1298,1000,20,1,0.001,0.05,0.014357193014949176,True,80889
User Activity,1298,100,20,0,0.0,0.0,0.0,True,80889
User Activity,1298,500,20,0,0.0,0.0,0.0,True,80889
User Activity,1298,1000,20,0,0.0,0.0,0.0,True,80889
Random Reverse,1298,100,20,0,0.0,0.0,0.0,True,80889
Random Reverse,1298,500,20,1,0.002,0.05,0.01921454822759284,True,80889
Random Reverse,1298,1000,20,1,0.001,0.05,0.01921454822759284,True,80889
TF-IDF Reverse,1300,100,25,0,0.0,0.0,0.0,True,80889
TF-IDF Reverse,1300,500,25,0,0.0,0.0,0.0,True,80889
TF-IDF Reverse,1300,1000,25,1,0.001,0.04,0.012690872018809508,True,80889
User Activity,1300,100,25,0,0.0,0.0,0.0,True,80889
User Activity,1300,500,25,0,0.0,0.0,0.0,True,80889
User Activity,1300,1000,25,0,0.0,0.0,0.0,True,80889
Random Reverse,1300,100,25,0,0.0,0.0,0.0,True,80889
Random Reverse,1300,500,25,0,0.0,0.0,0.0,True,80889
Random Reverse,1300,1000,25,0,0.0,0.0,0.0,True,80889
TF-IDF Reverse,1301,100,22,1,0.01,0.045454545454545456,0.03861623877555839,True,80889
TF-IDF Reverse,1301,500,22,1,0.002,0.045454545454545456,0.03861623877555839,True,80889
TF-IDF Reverse,1301,1000,22,1,0.001,0.045454545454545456,0.03861623877555839,True,80889
User Activity,1301,100,22,0,0.0,0.0,0.0,True,80889
User Activity,1301,500,22,0,0.0,0.0,0.0,True,80889
User Activity,1301,1000,22,0,0.0,0.0,0.0,True,80889
Random Reverse,1301,100,22,0,0.0,0.0,0.0,True,80889
Random Reverse,1301,500,22,0,0.0,0.0,0.0,True,80889
Random Reverse,1301,1000,22,0,0.0,0.0,0.0,True,80889
TF-IDF Reverse,1303,100,8,0,0.0,0.0,0.0,True,80889
TF-IDF Reverse,1303,500,8,0,0.0,0.0,0.0,True,80889
TF-IDF Reverse,1303,1000,8,0,0.0,0.0,0.0,True,80889
User Activity,1303,100,8,0,0.0,0.0,0.0,True,80889
User Activity,1303,500,8,0,0.0,0.0,0.0,True,80889
User Activity,1303,1000,8,0,0.0,0.0,0.0,True,80889
Random Reverse,1303,100,8,0,0.0,0.0,0.0,True,80889
Random Reverse,1303,500,8,0,0.0,0.0,0.0,True,80889
Random Reverse,1303,1000,8,0,0.0,0.0,0.0,True,80889
TF-IDF Reverse,1305,100,7,0,0.0,0.0,0.0,True,80889
TF-IDF Reverse,1305,500,7,0,0.0,0.0,0.0,True,80889
TF-IDF Reverse,1305,1000,7,0,0.0,0.0,0.0,True,80889
User Activity,1305,100,7,0,0.0,0.0,0.0,True,80889
User Activity,1305,500,7,0,0.0,0.0,0.0,True,80889
User Activity,1305,1000,7,0,0.0,0.0,0.0,True,80889
Random Reverse,1305,100,7,0,0.0,0.0,0.0,True,80889
Random Reverse,1305,500,7,0,0.0,0.0,0.0,True,80889
Random Reverse,1305,1000,7,0,0.0,0.0,0.0,True,80889
TF-IDF Reverse,1307,100,6,0,0.0,0.0,0.0,True,80889
TF-IDF Reverse,1307,500,6,0,0.0,0.0,0.0,True,80889
TF-IDF Reverse,1307,1000,6,0,0.0,0.0,0.0,True,80889
User Activity,1307,100,6,0,0.0,0.0,0.0,True,80889
User Activity,1307,500,6,0,0.0,0.0,0.0,True,80889
User Activity,1307,1000,6,0,0.0,0.0,0.0,True,80889
Random Reverse,1307,100,6,0,0.0,0.0,0.0,True,80889
Random Reverse,1307,500,6,0,0.0,0.0,0.0,True,80889
Random Reverse,1307,1000,6,0,0.0,0.0,0.0,True,80889
TF-IDF Reverse,1308,100,8,0,0.0,0.0,0.0,True,80889
TF-IDF Reverse,1308,500,8,0,0.0,0.0,0.0,True,80889
TF-IDF Reverse,1308,1000,8,0,0.0,0.0,0.0,True,80889
User Activity,1308,100,8,0,0.0,0.0,0.0,True,80889
User Activity,1308,500,8,0,0.0,0.0,0.0,True,80889
User Activity,1308,1000,8,0,0.0,0.0,0.0,True,80889
Random Reverse,1308,100,8,0,0.0,0.0,0.0,True,80889
Random Reverse,1308,500,8,0,0.0,0.0,0.0,True,80889
Random Reverse,1308,1000,8,0,0.0,0.0,0.0,True,80889
TF-IDF Reverse,1309,100,15,0,0.0,0.0,0.0,True,80889
TF-IDF Reverse,1309,500,15,0,0.0,0.0,0.0,True,80889
TF-IDF Reverse,1309,1000,15,0,0.0,0.0,0.0,True,80889
User Activity,1309,100,15,0,0.0,0.0,0.0,True,80889
User Activity,1309,500,15,0,0.0,0.0,0.0,True,80889
User Activity,1309,1000,15,0,0.0,0.0,0.0,True,80889
Random Reverse,1309,100,15,1,0.01,0.06666666666666667,0.10764243204553911,True,80889
Random Reverse,1309,500,15,1,0.002,0.06666666666666667,0.10764243204553911,True,80889
Random Reverse,1309,1000,15,1,0.001,0.06666666666666667,0.10764243204553911,True,80889
TF-IDF Reverse,1310,100,14,0,0.0,0.0,0.0,True,80889
TF-IDF Reverse,1310,500,14,0,0.0,0.0,0.0,True,80889
TF-IDF Reverse,1310,1000,14,0,0.0,0.0,0.0,True,80889
User Activity,1310,100,14,0,0.0,0.0,0.0,True,80889
User Activity,1310,500,14,0,0.0,0.0,0.0,True,80889
User Activity,1310,1000,14,0,0.0,0.0,0.0,True,80889
Random Reverse,1310,100,14,0,0.0,0.0,0.0,True,80889
Random Reverse,1310,500,14,0,0.0,0.0,0.0,True,80889
Random Reverse,1310,1000,14,1,0.001,0.07142857142857142,0.01844147841537566,True,80889
TF-IDF Reverse,1312,100,37,0,0.0,0.0,0.0,True,80889
TF-IDF Reverse,1312,500,37,3,0.006,0.08108108108108109,0.03840328404779058,True,80889
TF-IDF Reverse,1312,1000,37,5,0.005,0.13513513513513514,0.057958512584839986,True,80889
User Activity,1312,100,37,0,0.0,0.0,0.0,True,80889
User Activity,1312,500,37,0,0.0,0.0,0.0,True,80889
User Activity,1312,1000,37,0,0.0,0.0,0.0,True,80889
Random Reverse,1312,100,37,0,0.0,0.0,0.0,True,80889
Random Reverse,1312,500,37,0,0.0,0.0,0.0,True,80889
Random Reverse,1312,1000,37,0,0.0,0.0,0.0,True,80889
TF-IDF Reverse,1314,100,18,0,0.0,0.0,0.0,True,80889
TF-IDF Reverse,1314,500,18,2,0.004,0.1111111111111111,0.039189655561052465,True,80889
TF-IDF Reverse,1314,1000,18,2,0.002,0.1111111111111111,0.039189655561052465,True,80889
User Activity,1314,100,18,0,0.0,0.0,0.0,True,80889
User Activity,1314,500,18,0,0.0,0.0,0.0,True,80889
User Activity,1314,1000,18,0,0.0,0.0,0.0,True,80889
Random Reverse,1314,100,18,0,0.0,0.0,0.0,True,80889
Random Reverse,1314,500,18,0,0.0,0.0,0.0,True,80889
Random Reverse,1314,1000,18,0,0.0,0.0,0.0,True,80889
TF-IDF Reverse,1315,100,11,0,0.0,0.0,0.0,True,80889
TF-IDF Reverse,1315,500,11,0,0.0,0.0,0.0,True,80889
TF-IDF Reverse,1315,1000,11,1,0.001,0.09090909090909091,0.022393842141149718,True,80889
User Activity,1315,100,11,0,0.0,0.0,0.0,True,80889
User Activity,1315,500,11,0,0.0,0.0,0.0,True,80889
User Activity,1315,1000,11,0,0.0,0.0,0.0,True,80889
Random Reverse,1315,100,11,0,0.0,0.0,0.0,True,80889
Random Reverse,1315,500,11,0,0.0,0.0,0.0,True,80889
Random Reverse,1315,1000,11,0,0.0,0.0,0.0,True,80889
TF-IDF Reverse,1316,100,10,0,0.0,0.0,0.0,True,80889
TF-IDF Reverse,1316,500,10,0,0.0,0.0,0.0,True,80889
TF-IDF Reverse,1316,1000,10,0,0.0,0.0,0.0,True,80889
User Activity,1316,100,10,0,0.0,0.0,0.0,True,80889
User Activity,1316,500,10,0,0.0,0.0,0.0,True,80889
User Activity,1316,1000,10,0,0.0,0.0,0.0,True,80889
Random Reverse,1316,100,10,0,0.0,0.0,0.0,True,80889
Random Reverse,1316,500,10,0,0.0,0.0,0.0,True,80889
Random Reverse,1316,1000,10,0,0.0,0.0,0.0,True,80889
TF-IDF Reverse,1318,100,10,0,0.0,0.0,0.0,True,80889
TF-IDF Reverse,1318,500,10,0,0.0,0.0,0.0,True,80889
TF-IDF Reverse,1318,1000,10,0,0.0,0.0,0.0,True,80889
User Activity,1318,100,10,0,0.0,0.0,0.0,True,80889
User Activity,1318,500,10,0,0.0,0.0,0.0,True,80889
User Activity,1318,1000,10,0,0.0,0.0,0.0,True,80889
Random Reverse,1318,100,10,0,0.0,0.0,0.0,True,80889
Random Reverse,1318,500,10,0,0.0,0.0,0.0,True,80889
Random Reverse,1318,1000,10,0,0.0,0.0,0.0,True,80889
TF-IDF Reverse,1319,100,29,0,0.0,0.0,0.0,True,80889
TF-IDF Reverse,1319,500,29,0,0.0,0.0,0.0,True,80889
TF-IDF Reverse,1319,1000,29,0,0.0,0.0,0.0,True,80889
User Activity,1319,100,29,1,0.01,0.034482758620689655,0.018894963425710173,True,80889
User Activity,1319,500,29,1,0.002,0.034482758620689655,0.018894963425710173,True,80889
User Activity,1319,1000,29,1,0.001,0.034482758620689655,0.018894963425710173,True,80889
Random Reverse,1319,100,29,0,0.0,0.0,0.0,True,80889
Random Reverse,1319,500,29,0,0.0,0.0,0.0,True,80889
Random Reverse,1319,1000,29,1,0.001,0.034482758620689655,0.011888610594903815,True,80889
TF-IDF Reverse,1320,100,7,0,0.0,0.0,0.0,True,80889
TF-IDF Reverse,1320,500,7,2,0.004,0.2857142857142857,0.06999686451326281,True,80889
TF-IDF Reverse,1320,1000,7,2,0.002,0.2857142857142857,0.06999686451326281,True,80889
User Activity,1320,100,7,0,0.0,0.0,0.0,True,80889
User Activity,1320,500,7,0,0.0,0.0,0.0,True,80889
User Activity,1320,1000,7,0,0.0,0.0,0.0,True,80889
Random Reverse,1320,100,7,0,0.0,0.0,0.0,True,80889
Random Reverse,1320,500,7,0,0.0,0.0,0.0,True,80889
Random Reverse,1320,1000,7,0,0.0,0.0,0.0,True,80889
TF-IDF Reverse,1322,100,7,0,0.0,0.0,0.0,True,80889
TF-IDF Reverse,1322,500,7,0,0.0,0.0,0.0,True,80889
TF-IDF Reverse,1322,1000,7,1,0.001,0.14285714285714285,0.03057061280836005,True,80889
User Activity,1322,100,7,0,0.0,0.0,0.0,True,80889
User Activity,1322,500,7,0,0.0,0.0,0.0,True,80889
User Activity,1322,1000,7,0,0.0,0.0,0.0,True,80889
Random Reverse,1322,100,7,0,0.0,0.0,0.0,True,80889
Random Reverse,1322,500,7,0,0.0,0.0,0.0,True,80889
Random Reverse,1322,1000,7,0,0.0,0.0,0.0,True,80889
TF-IDF Reverse,1325,100,21,0,0.0,0.0,0.0,True,80889
TF-IDF Reverse,1325,500,21,0,0.0,0.0,0.0,True,80889
TF-IDF Reverse,1325,1000,21,0,0.0,0.0,0.0,True,80889
User Activity,1325,100,21,0,0.0,0.0,0.0,True,80889
User Activity,1325,500,21,0,0.0,0.0,0.0,True,80889
User Activity,1325,1000,21,0,0.0,0.0,0.0,True,80889
Random Reverse,1325,100,21,0,0.0,0.0,0.0,True,80889
Random Reverse,1325,500,21,0,0.0,0.0,0.0,True,80889
Random Reverse,1325,1000,21,0,0.0,0.0,0.0,True,80889
TF-IDF Reverse,1331,100,21,0,0.0,0.0,0.0,True,80889
TF-IDF Reverse,1331,500,21,0,0.0,0.0,0.0,True,80889
TF-IDF Reverse,1331,1000,21,0,0.0,0.0,0.0,True,80889
User Activity,1331,100,21,0,0.0,0.0,0.0,True,80889
User Activity,1331,500,21,0,0.0,0.0,0.0,True,80889
User Activity,1331,1000,21,0,0.0,0.0,0.0,True,80889
Random Reverse,1331,100,21,0,0.0,0.0,0.0,True,80889
Random Reverse,1331,500,21,0,0.0,0.0,0.0,True,80889
Random Reverse,1331,1000,21,0,0.0,0.0,0.0,True,80889
TF-IDF Reverse,1332,100,21,0,0.0,0.0,0.0,True,80889
TF-IDF Reverse,1332,500,21,0,0.0,0.0,0.0,True,80889
TF-IDF Reverse,1332,1000,21,0,0.0,0.0,0.0,True,80889
User Activity,1332,100,21,0,0.0,0.0,0.0,True,80889
User Activity,1332,500,21,0,0.0,0.0,0.0,True,80889
User Activity,1332,1000,21,0,0.0,0.0,0.0,True,80889
Random Reverse,1332,100,21,0,0.0,0.0,0.0,True,80889
Random Reverse,1332,500,21,0,0.0,0.0,0.0,True,80889
Random Reverse,1332,1000,21,0,0.0,0.0,0.0,True,80889
TF-IDF Reverse,1333,100,101,1,0.01,0.009900990099009901,0.007765932864027521,True,80889
TF-IDF Reverse,1333,500,101,2,0.004,0.019801980198019802,0.013292183818053738,True,80889
TF-IDF Reverse,1333,1000,101,3,0.003,0.0297029702970297,0.018281660445905675,True,80889
User Activity,1333,100,101,0,0.0,0.0,0.0,True,80889
User Activity,1333,500,101,0,0.0,0.0,0.0,True,80889
User Activity,1333,1000,101,1,0.001,0.009900990099009901,0.005088067024195815,True,80889
Random Reverse,1333,100,101,0,0.0,0.0,0.0,True,80889
Random Reverse,1333,500,101,0,0.0,0.0,0.0,True,80889
Random Reverse,1333,1000,101,1,0.001,0.009900990099009901,0.005206015158648472,True,80889
TF-IDF Reverse,1334,100,22,0,0.0,0.0,0.0,True,80889
TF-IDF Reverse,1334,500,22,0,0.0,0.0,0.0,True,80889
TF-IDF Reverse,1334,1000,22,0,0.0,0.0,0.0,True,80889
User Activity,1334,100,22,0,0.0,0.0,0.0,True,80889
User Activity,1334,500,22,0,0.0,0.0,0.0,True,80889
User Activity,1334,1000,22,0,0.0,0.0,0.0,True,80889
Random Reverse,1334,100,22,0,0.0,0.0,0.0,True,80889
Random Reverse,1334,500,22,1,0.002,0.045454545454545456,0.01730197140951152,True,80889
Random Reverse,1334,1000,22,1,0.001,0.045454545454545456,0.01730197140951152,True,80889
TF-IDF Reverse,1335,100,20,0,0.0,0.0,0.0,True,80889
TF-IDF Reverse,1335,500,20,0,0.0,0.0,0.0,True,80889
TF-IDF Reverse,1335,1000,20,1,0.001,0.05,0.014863176857845195,True,80889
User Activity,1335,100,20,0,0.0,0.0,0.0,True,80889
User Activity,1335,500,20,0,0.0,0.0,0.0,True,80889
User Activity,1335,1000,20,0,0.0,0.0,0.0,True,80889
Random Reverse,1335,100,20,0,0.0,0.0,0.0,True,80889
Random Reverse,1335,500,20,0,0.0,0.0,0.0,True,80889
Random Reverse,1335,1000,20,0,0.0,0.0,0.0,True,80889
TF-IDF Reverse,1339,100,12,0,0.0,0.0,0.0,True,80889
TF-IDF Reverse,1339,500,12,0,0.0,0.0,0.0,True,80889
TF-IDF Reverse,1339,1000,12,0,0.0,0.0,0.0,True,80889
User Activity,1339,100,12,0,0.0,0.0,0.0,True,80889
User Activity,1339,500,12,0,0.0,0.0,0.0,True,80889
User Activity,1339,1000,12,0,0.0,0.0,0.0,True,80889
Random Reverse,1339,100,12,0,0.0,0.0,0.0,True,80889
Random Reverse,1339,500,12,0,0.0,0.0,0.0,True,80889
Random Reverse,1339,1000,12,0,0.0,0.0,0.0,True,80889
TF-IDF Reverse,1340,100,58,0,0.0,0.0,0.0,True,80889
TF-IDF Reverse,1340,500,58,0,0.0,0.0,0.0,True,80889
TF-IDF Reverse,1340,1000,58,0,0.0,0.0,0.0,True,80889
User Activity,1340,100,58,0,0.0,0.0,0.0,True,80889
User Activity,1340,500,58,0,0.0,0.0,0.0,True,80889
User Activity,1340,1000,58,0,0.0,0.0,0.0,True,80889
Random Reverse,1340,100,58,0,0.0,0.0,0.0,True,80889
Random Reverse,1340,500,58,1,0.002,0.017241379310344827,0.007813750904478004,True,80889
Random Reverse,1340,1000,58,1,0.001,0.017241379310344827,0.007813750904478004,True,80889
TF-IDF Reverse,1341,100,28,0,0.0,0.0,0.0,True,80889
TF-IDF Reverse,1341,500,28,0,0.0,0.0,0.0,True,80889
TF-IDF Reverse,1341,1000,28,0,0.0,0.0,0.0,True,80889
User Activity,1341,100,28,0,0.0,0.0,0.0,True,80889
User Activity,1341,500,28,0,0.0,0.0,0.0,True,80889
User Activity,1341,1000,28,1,0.001,0.03571428571428571,0.011899103862077485,True,80889
Random Reverse,1341,100,28,0,0.0,0.0,0.0,True,80889
Random Reverse,1341,500,28,0,0.0,0.0,0.0,True,80889
Random Reverse,1341,1000,28,1,0.001,0.03571428571428571,0.012401194624573206,True,80889
TF-IDF Reverse,1342,100,36,0,0.0,0.0,0.0,True,80889
TF-IDF Reverse,1342,500,36,0,0.0,0.0,0.0,True,80889
TF-IDF Reverse,1342,1000,36,0,0.0,0.0,0.0,True,80889
User Activity,1342,100,36,0,0.0,0.0,0.0,True,80889
User Activity,1342,500,36,0,0.0,0.0,0.0,True,80889
User Activity,1342,1000,36,0,0.0,0.0,0.0,True,80889
Random Reverse,1342,100,36,0,0.0,0.0,0.0,True,80889
Random Reverse,1342,500,36,1,0.002,0.027777777777777776,0.012092803054225772,True,80889
Random Reverse,1342,1000,36,1,0.001,0.027777777777777776,0.012092803054225772,True,80889
TF-IDF Reverse,1343,100,10,0,0.0,0.0,0.0,True,80889
TF-IDF Reverse,1343,500,10,1,0.002,0.1,0.03221064086233275,True,80889
TF-IDF Reverse,1343,1000,10,1,0.001,0.1,0.03221064086233275,True,80889
User Activity,1343,100,10,0,0.0,0.0,0.0,True,80889
User Activity,1343,500,10,0,0.0,0.0,0.0,True,80889
User Activity,1343,1000,10,0,0.0,0.0,0.0,True,80889
Random Reverse,1343,100,10,0,0.0,0.0,0.0,True,80889
Random Reverse,1343,500,10,0,0.0,0.0,0.0,True,80889
Random Reverse,1343,1000,10,0,0.0,0.0,0.0,True,80889
TF-IDF Reverse,1344,100,12,0,0.0,0.0,0.0,True,80889
TF-IDF Reverse,1344,500,12,1,0.002,0.08333333333333333,0.022352430038522265,True,80889
TF-IDF Reverse,1344,1000,12,2,0.002,0.16666666666666666,0.04245081231897406,True,80889
User Activity,1344,100,12,0,0.0,0.0,0.0,True,80889
User Activity,1344,500,12,0,0.0,0.0,0.0,True,80889
User Activity,1344,1000,12,0,0.0,0.0,0.0,True,80889
Random Reverse,1344,100,12,0,0.0,0.0,0.0,True,80889
Random Reverse,1344,500,12,0,0.0,0.0,0.0,True,80889
Random Reverse,1344,1000,12,0,0.0,0.0,0.0,True,80889
TF-IDF Reverse,1345,100,52,0,0.0,0.0,0.0,True,80889
TF-IDF Reverse,1345,500,52,0,0.0,0.0,0.0,True,80889
TF-IDF Reverse,1345,1000,52,1,0.001,0.019230769230769232,0.007911518921680792,True,80889
User Activity,1345,100,52,0,0.0,0.0,0.0,True,80889
User Activity,1345,500,52,0,0.0,0.0,0.0,True,80889
User Activity,1345,1000,52,0,0.0,0.0,0.0,True,80889
Random Reverse,1345,100,52,1,0.01,0.019230769230769232,0.04762545888093689,True,80889
Random Reverse,1345,500,52,1,0.002,0.019230769230769232,0.04762545888093689,True,80889
Random Reverse,1345,1000,52,2,0.002,0.038461538461538464,0.05542955803261218,True,80889
TF-IDF Reverse,1350,100,656,6,0.06,0.009146341463414634,0.04532831731046497,True,80889
TF-IDF Reverse,1350,500,656,76,0.152,0.11585365853658537,0.13779054210119765,True,80889
TF-IDF Reverse,1350,1000,656,102,0.102,0.15548780487804878,0.14230435318382084,True,80889
User Activity,1350,100,656,0,0.0,0.0,0.0,True,80889
User Activity,1350,500,656,0,0.0,0.0,0.0,True,80889
User Activity,1350,1000,656,1,0.001,0.001524390243902439,0.0012198636351858974,True,80889
Random Reverse,1350,100,656,0,0.0,0.0,0.0,True,80889
Random Reverse,1350,500,656,6,0.012,0.009146341463414634,0.010923071200740831,True,80889
Random Reverse,1350,1000,656,9,0.009,0.013719512195121951,0.012312697564876069,True,80889
TF-IDF Reverse,1352,100,33,0,0.0,0.0,0.0,True,80889
TF-IDF Reverse,1352,500,33,0,0.0,0.0,0.0,True,80889
TF-IDF Reverse,1352,1000,33,0,0.0,0.0,0.0,True,80889
User Activity,1352,100,33,0,0.0,0.0,0.0,True,80889
User Activity,1352,500,33,0,0.0,0.0,0.0,True,80889
User Activity,1352,1000,33,0,0.0,0.0,0.0,True,80889
Random Reverse,1352,100,33,0,0.0,0.0,0.0,True,80889
Random Reverse,1352,500,33,0,0.0,0.0,0.0,True,80889
Random Reverse,1352,1000,33,1,0.001,0.030303030303030304,0.01050544912234095,True,80889
TF-IDF Reverse,1353,100,62,0,0.0,0.0,0.0,True,80889
TF-IDF Reverse,1353,500,62,1,0.002,0.016129032258064516,0.008602271339256569,True,80889
TF-IDF Reverse,1353,1000,62,1,0.001,0.016129032258064516,0.008602271339256569,True,80889
User Activity,1353,100,62,0,0.0,0.0,0.0,True,80889
User Activity,1353,500,62,0,0.0,0.0,0.0,True,80889
User Activity,1353,1000,62,0,0.0,0.0,0.0,True,80889
Random Reverse,1353,100,62,0,0.0,0.0,0.0,True,80889
Random Reverse,1353,500,62,0,0.0,0.0,0.0,True,80889
Random Reverse,1353,1000,62,0,0.0,0.0,0.0,True,80889
TF-IDF Reverse,1355,100,48,2,0.02,0.041666666666666664,0.030086096766283082,True,80889
TF-IDF Reverse,1355,500,48,2,0.004,0.041666666666666664,0.030086096766283082,True,80889
TF-IDF Reverse,1355,1000,48,2,0.002,0.041666666666666664,0.030086096766283082,True,80889
User Activity,1355,100,48,0,0.0,0.0,0.0,True,80889
User Activity,1355,500,48,0,0.0,0.0,0.0,True,80889
User Activity,1355,1000,48,0,0.0,0.0,0.0,True,80889
Random Reverse,1355,100,48,0,0.0,0.0,0.0,True,80889
Random Reverse,1355,500,48,0,0.0,0.0,0.0,True,80889
Random Reverse,1355,1000,48,0,0.0,0.0,0.0,True,80889
TF-IDF Reverse,1357,100,129,0,0.0,0.0,0.0,True,80889
TF-IDF Reverse,1357,500,129,0,0.0,0.0,0.0,True,80889
TF-IDF Reverse,1357,1000,129,0,0.0,0.0,0.0,True,80889
User Activity,1357,100,129,0,0.0,0.0,0.0,True,80889
User Activity,1357,500,129,0,0.0,0.0,0.0,True,80889
User Activity,1357,1000,129,0,0.0,0.0,0.0,True,80889
Random Reverse,1357,100,129,0,0.0,0.0,0.0,True,80889
Random Reverse,1357,500,129,1,0.002,0.007751937984496124,0.004529315321218641,True,80889
Random Reverse,1357,1000,129,1,0.001,0.007751937984496124,0.004529315321218641,True,80889
TF-IDF Reverse,1358,100,6,0,0.0,0.0,0.0,True,80889
TF-IDF Reverse,1358,500,6,0,0.0,0.0,0.0,True,80889
TF-IDF Reverse,1358,1000,6,0,0.0,0.0,0.0,True,80889
User Activity,1358,100,6,0,0.0,0.0,0.0,True,80889
User Activity,1358,500,6,0,0.0,0.0,0.0,True,80889
User Activity,1358,1000,6,0,0.0,0.0,0.0,True,80889
Random Reverse,1358,100,6,0,0.0,0.0,0.0,True,80889
Random Reverse,1358,500,6,0,0.0,0.0,0.0,True,80889
Random Reverse,1358,1000,6,0,0.0,0.0,0.0,True,80889
TF-IDF Reverse,1359,100,63,0,0.0,0.0,0.0,True,80889
TF-IDF Reverse,1359,500,63,0,0.0,0.0,0.0,True,80889
TF-IDF Reverse,1359,1000,63,0,0.0,0.0,0.0,True,80889
User Activity,1359,100,63,0,0.0,0.0,0.0,True,80889
User Activity,1359,500,63,0,0.0,0.0,0.0,True,80889
User Activity,1359,1000,63,0,0.0,0.0,0.0,True,80889
Random Reverse,1359,100,63,0,0.0,0.0,0.0,True,80889
Random Reverse,1359,500,63,0,0.0,0.0,0.0,True,80889
Random Reverse,1359,1000,63,0,0.0,0.0,0.0,True,80889
TF-IDF Reverse,1361,100,6,0,0.0,0.0,0.0,True,80889
TF-IDF Reverse,1361,500,6,0,0.0,0.0,0.0,True,80889
TF-IDF Reverse,1361,1000,6,0,0.0,0.0,0.0,True,80889
User Activity,1361,100,6,0,0.0,0.0,0.0,True,80889
User Activity,1361,500,6,0,0.0,0.0,0.0,True,80889
User Activity,1361,1000,6,0,0.0,0.0,0.0,True,80889
Random Reverse,1361,100,6,0,0.0,0.0,0.0,True,80889
Random Reverse,1361,500,6,0,0.0,0.0,0.0,True,80889
Random Reverse,1361,1000,6,0,0.0,0.0,0.0,True,80889
TF-IDF Reverse,1363,100,10,0,0.0,0.0,0.0,True,80889
TF-IDF Reverse,1363,500,10,0,0.0,0.0,0.0,True,80889
TF-IDF Reverse,1363,1000,10,0,0.0,0.0,0.0,True,80889
User Activity,1363,100,10,0,0.0,0.0,0.0,True,80889
User Activity,1363,500,10,0,0.0,0.0,0.0,True,80889
User Activity,1363,1000,10,0,0.0,0.0,0.0,True,80889
Random Reverse,1363,100,10,0,0.0,0.0,0.0,True,80889
Random Reverse,1363,500,10,0,0.0,0.0,0.0,True,80889
Random Reverse,1363,1000,10,0,0.0,0.0,0.0,True,80889
TF-IDF Reverse,1364,100,59,0,0.0,0.0,0.0,True,80889
TF-IDF Reverse,1364,500,59,0,0.0,0.0,0.0,True,80889
TF-IDF Reverse,1364,1000,59,1,0.001,0.01694915254237288,0.007415844028344603,True,80889
User Activity,1364,100,59,0,0.0,0.0,0.0,True,80889
User Activity,1364,500,59,0,0.0,0.0,0.0,True,80889
User Activity,1364,1000,59,0,0.0,0.0,0.0,True,80889
Random Reverse,1364,100,59,0,0.0,0.0,0.0,True,80889
Random Reverse,1364,500,59,0,0.0,0.0,0.0,True,80889
Random Reverse,1364,1000,59,0,0.0,0.0,0.0,True,80889
TF-IDF Reverse,1365,100,12,1,0.01,0.08333333333333333,0.029887709487906613,True,80889
TF-IDF Reverse,1365,500,12,1,0.002,0.08333333333333333,0.029887709487906613,True,80889
TF-IDF Reverse,1365,1000,12,1,0.001,0.08333333333333333,0.029887709487906613,True,80889
User Activity,1365,100,12,0,0.0,0.0,0.0,True,80889
User Activity,1365,500,12,0,0.0,0.0,0.0,True,80889
User Activity,1365,1000,12,0,0.0,0.0,0.0,True,80889
Random Reverse,1365,100,12,0,0.0,0.0,0.0,True,80889
Random Reverse,1365,500,12,0,0.0,0.0,0.0,True,80889
Random Reverse,1365,1000,12,0,0.0,0.0,0.0,True,80889
TF-IDF Reverse,1366,100,7,0,0.0,0.0,0.0,True,80889
TF-IDF Reverse,1366,500,7,0,0.0,0.0,0.0,True,80889
TF-IDF Reverse,1366,1000,7,0,0.0,0.0,0.0,True,80889
User Activity,1366,100,7,0,0.0,0.0,0.0,True,80889
User Activity,1366,500,7,0,0.0,0.0,0.0,True,80889
User Activity,1366,1000,7,0,0.0,0.0,0.0,True,80889
Random Reverse,1366,100,7,0,0.0,0.0,0.0,True,80889
Random Reverse,1366,500,7,0,0.0,0.0,0.0,True,80889
Random Reverse,1366,1000,7,0,0.0,0.0,0.0,True,80889
TF-IDF Reverse,1368,100,63,0,0.0,0.0,0.0,True,80889
TF-IDF Reverse,1368,500,63,0,0.0,0.0,0.0,True,80889
TF-IDF Reverse,1368,1000,63,0,0.0,0.0,0.0,True,80889
User Activity,1368,100,63,0,0.0,0.0,0.0,True,80889
User Activity,1368,500,63,0,0.0,0.0,0.0,True,80889
User Activity,1368,1000,63,0,0.0,0.0,0.0,True,80889
Random Reverse,1368,100,63,0,0.0,0.0,0.0,True,80889
Random Reverse,1368,500,63,0,0.0,0.0,0.0,True,80889
Random Reverse,1368,1000,63,0,0.0,0.0,0.0,True,80889
TF-IDF Reverse,1369,100,24,0,0.0,0.0,0.0,True,80889
TF-IDF Reverse,1369,500,24,3,0.006,0.125,0.050010188509383505,True,80889
TF-IDF Reverse,1369,1000,24,4,0.004,0.16666666666666666,0.06378864370589095,True,80889
User Activity,1369,100,24,0,0.0,0.0,0.0,True,80889
User Activity,1369,500,24,0,0.0,0.0,0.0,True,80889
User Activity,1369,1000,24,0,0.0,0.0,0.0,True,80889
Random Reverse,1369,100,24,0,0.0,0.0,0.0,True,80889
Random Reverse,1369,500,24,0,0.0,0.0,0.0,True,80889
Random Reverse,1369,1000,24,0,0.0,0.0,0.0,True,80889
TF-IDF Reverse,1370,100,23,0,0.0,0.0,0.0,True,80889
TF-IDF Reverse,1370,500,23,0,0.0,0.0,0.0,True,80889
TF-IDF Reverse,1370,1000,23,1,0.001,0.043478260869565216,0.013136987545013062,True,80889
User Activity,1370,100,23,0,0.0,0.0,0.0,True,80889
User Activity,1370,500,23,0,0.0,0.0,0.0,True,80889
User Activity,1370,1000,23,0,0.0,0.0,0.0,True,80889
Random Reverse,1370,100,23,0,0.0,0.0,0.0,True,80889
Random Reverse,1370,500,23,1,0.002,0.043478260869565216,0.01570236153954591,True,80889
Random Reverse,1370,1000,23,2,0.002,0.08695652173913043,0.029535712099873407,True,80889
TF-IDF Reverse,1371,100,18,0,0.0,0.0,0.0,True,80889
TF-IDF Reverse,1371,500,18,0,0.0,0.0,0.0,True,80889
TF-IDF Reverse,1371,1000,18,0,0.0,0.0,0.0,True,80889
User Activity,1371,100,18,0,0.0,0.0,0.0,True,80889
User Activity,1371,500,18,0,0.0,0.0,0.0,True,80889
User Activity,1371,1000,18,0,0.0,0.0,0.0,True,80889
Random Reverse,1371,100,18,0,0.0,0.0,0.0,True,80889
Random Reverse,1371,500,18,0,0.0,0.0,0.0,True,80889
Random Reverse,1371,1000,18,0,0.0,0.0,0.0,True,80889
TF-IDF Reverse,1372,100,12,0,0.0,0.0,0.0,True,80889
TF-IDF Reverse,1372,500,12,0,0.0,0.0,0.0,True,80889
TF-IDF Reverse,1372,1000,12,0,0.0,0.0,0.0,True,80889
User Activity,1372,100,12,0,0.0,0.0,0.0,True,80889
User Activity,1372,500,12,0,0.0,0.0,0.0,True,80889
User Activity,1372,1000,12,0,0.0,0.0,0.0,True,80889
Random Reverse,1372,100,12,0,0.0,0.0,0.0,True,80889
Random Reverse,1372,500,12,0,0.0,0.0,0.0,True,80889
Random Reverse,1372,1000,12,1,0.001,0.08333333333333333,0.02027496463720716,True,80889
TF-IDF Reverse,1374,100,8,2,0.02,0.25,0.08368113368967546,True,80889
TF-IDF Reverse,1374,500,8,2,0.004,0.25,0.08368113368967546,True,80889
TF-IDF Reverse,1374,1000,8,2,0.002,0.25,0.08368113368967546,True,80889
User Activity,1374,100,8,0,0.0,0.0,0.0,True,80889
User Activity,1374,500,8,0,0.0,0.0,0.0,True,80889
User Activity,1374,1000,8,0,0.0,0.0,0.0,True,80889
Random Reverse,1374,100,8,0,0.0,0.0,0.0,True,80889
Random Reverse,1374,500,8,0,0.0,0.0,0.0,True,80889
Random Reverse,1374,1000,8,0,0.0,0.0,0.0,True,80889
TF-IDF Reverse,1375,100,50,40,0.4,0.8,0.6382597967768613,True,80889
TF-IDF Reverse,1375,500,50,43,0.086,0.86,0.6705523538547815,True,80889
TF-IDF Reverse,1375,1000,50,44,0.044,0.88,0.6791043331462066,True,80889
User Activity,1375,100,50,0,0.0,0.0,0.0,True,80889
User Activity,1375,500,50,0,0.0,0.0,0.0,True,80889
User Activity,1375,1000,50,0,0.0,0.0,0.0,True,80889
Random Reverse,1375,100,50,0,0.0,0.0,0.0,True,80889
Random Reverse,1375,500,50,0,0.0,0.0,0.0,True,80889
Random Reverse,1375,1000,50,0,0.0,0.0,0.0,True,80889
TF-IDF Reverse,1376,100,35,1,0.01,0.02857142857142857,0.018165899291663363,True,80889
TF-IDF Reverse,1376,500,35,3,0.006,0.08571428571428572,0.04129587045992994,True,80889
TF-IDF Reverse,1376,1000,35,3,0.003,0.08571428571428572,0.04129587045992994,True,80889
User Activity,1376,100,35,1,0.01,0.02857142857142857,0.015260317762233078,True,80889
User Activity,1376,500,35,1,0.002,0.02857142857142857,0.015260317762233078,True,80889
User Activity,1376,1000,35,2,0.002,0.05714285714285714,0.026088601030694932,True,80889
Random Reverse,1376,100,35,0,0.0,0.0,0.0,True,80889
Random Reverse,1376,500,35,0,0.0,0.0,0.0,True,80889
Random Reverse,1376,1000,35,0,0.0,0.0,0.0,True,80889
TF-IDF Reverse,1377,100,6,0,0.0,0.0,0.0,True,80889
TF-IDF Reverse,1377,500,6,0,0.0,0.0,0.0,True,80889
TF-IDF Reverse,1377,1000,6,0,0.0,0.0,0.0,True,80889
User Activity,1377,100,6,0,0.0,0.0,0.0,True,80889
User Activity,1377,500,6,0,0.0,0.0,0.0,True,80889
User Activity,1377,1000,6,0,0.0,0.0,0.0,True,80889
Random Reverse,1377,100,6,0,0.0,0.0,0.0,True,80889
Random Reverse,1377,500,6,0,0.0,0.0,0.0,True,80889
Random Reverse,1377,1000,6,0,0.0,0.0,0.0,True,80889
TF-IDF Reverse,1378,100,66,0,0.0,0.0,0.0,True,80889
TF-IDF Reverse,1378,500,66,1,0.002,0.015151515151515152,0.008402079547217927,True,80889
TF-IDF Reverse,1378,1000,66,3,0.003,0.045454545454545456,0.021816940600095744,True,80889
User Activity,1378,100,66,0,0.0,0.0,0.0,True,80889
User Activity,1378,500,66,1,0.002,0.015151515151515152,0.00778709541135083,True,80889
User Activity,1378,1000,66,2,0.002,0.030303030303030304,0.01446981821087193,True,80889
Random Reverse,1378,100,66,0,0.0,0.0,0.0,True,80889
Random Reverse,1378,500,66,1,0.002,0.015151515151515152,0.0072072106686244895,True,80889
Random Reverse,1378,1000,66,1,0.001,0.015151515151515152,0.0072072106686244895,True,80889
TF-IDF Reverse,1379,100,6,0,0.0,0.0,0.0,True,80889
TF-IDF Reverse,1379,500,6,0,0.0,0.0,0.0,True,80889
TF-IDF Reverse,1379,1000,6,0,0.0,0.0,0.0,True,80889
User Activity,1379,100,6,0,0.0,0.0,0.0,True,80889
User Activity,1379,500,6,0,0.0,0.0,0.0,True,80889
User Activity,1379,1000,6,0,0.0,0.0,0.0,True,80889
Random Reverse,1379,100,6,0,0.0,0.0,0.0,True,80889
Random Reverse,1379,500,6,0,0.0,0.0,0.0,True,80889
Random Reverse,1379,1000,6,0,0.0,0.0,0.0,True,80889
TF-IDF Reverse,1381,100,146,4,0.04,0.0273972602739726,0.03223946270621519,True,80889
TF-IDF Reverse,1381,500,146,10,0.02,0.0684931506849315,0.05338036410000011,True,80889
TF-IDF Reverse,1381,1000,146,12,0.012,0.0821917808219178,0.06128159246350126,True,80889
User Activity,1381,100,146,0,0.0,0.0,0.0,True,80889
User Activity,1381,500,146,0,0.0,0.0,0.0,True,80889
User Activity,1381,1000,146,0,0.0,0.0,0.0,True,80889
Random Reverse,1381,100,146,0,0.0,0.0,0.0,True,80889
Random Reverse,1381,500,146,2,0.004,0.0136986301369863,0.00902108105470135,True,80889
Random Reverse,1381,1000,146,3,0.003,0.02054794520547945,0.012668485803481053,True,80889
TF-IDF Reverse,1382,100,6,0,0.0,0.0,0.0,True,80889
TF-IDF Reverse,1382,500,6,0,0.0,0.0,0.0,True,80889
TF-IDF Reverse,1382,1000,6,0,0.0,0.0,0.0,True,80889
User Activity,1382,100,6,0,0.0,0.0,0.0,True,80889
User Activity,1382,500,6,0,0.0,0.0,0.0,True,80889
User Activity,1382,1000,6,0,0.0,0.0,0.0,True,80889
Random Reverse,1382,100,6,0,0.0,0.0,0.0,True,80889
Random Reverse,1382,500,6,1,0.002,0.16666666666666666,0.037987774045233264,True,80889
Random Reverse,1382,1000,6,1,0.001,0.16666666666666666,0.037987774045233264,True,80889
TF-IDF Reverse,1383,100,5,0,0.0,0.0,0.0,True,80889
TF-IDF Reverse,1383,500,5,0,0.0,0.0,0.0,True,80889
TF-IDF Reverse,1383,1000,5,0,0.0,0.0,0.0,True,80889
User Activity,1383,100,5,0,0.0,0.0,0.0,True,80889
User Activity,1383,500,5,0,0.0,0.0,0.0,True,80889
User Activity,1383,1000,5,0,0.0,0.0,0.0,True,80889
Random Reverse,1383,100,5,0,0.0,0.0,0.0,True,80889
Random Reverse,1383,500,5,0,0.0,0.0,0.0,True,80889
Random Reverse,1383,1000,5,0,0.0,0.0,0.0,True,80889
TF-IDF Reverse,1384,100,7,0,0.0,0.0,0.0,True,80889
TF-IDF Reverse,1384,500,7,2,0.004,0.2857142857142857,0.06811810670794817,True,80889
TF-IDF Reverse,1384,1000,7,2,0.002,0.2857142857142857,0.06811810670794817,True,80889
User Activity,1384,100,7,1,0.01,0.14285714285714285,0.04335691424705986,True,80889
User Activity,1384,500,7,2,0.004,0.2857142857142857,0.074729935487455,True,80889
User Activity,1384,1000,7,2,0.002,0.2857142857142857,0.074729935487455,True,80889
Random Reverse,1384,100,7,0,0.0,0.0,0.0,True,80889
Random Reverse,1384,500,7,0,0.0,0.0,0.0,True,80889
Random Reverse,1384,1000,7,0,0.0,0.0,0.0,True,80889
TF-IDF Reverse,1385,100,19,0,0.0,0.0,0.0,True,80889
TF-IDF Reverse,1385,500,19,0,0.0,0.0,0.0,True,80889
TF-IDF Reverse,1385,1000,19,0,0.0,0.0,0.0,True,80889
User Activity,1385,100,19,0,0.0,0.0,0.0,True,80889
User Activity,1385,500,19,0,0.0,0.0,0.0,True,80889
User Activity,1385,1000,19,0,0.0,0.0,0.0,True,80889
Random Reverse,1385,100,19,0,0.0,0.0,0.0,True,80889
Random Reverse,1385,500,19,0,0.0,0.0,0.0,True,80889
Random Reverse,1385,1000,19,0,0.0,0.0,0.0,True,80889
TF-IDF Reverse,1386,100,105,0,0.0,0.0,0.0,True,80889
TF-IDF Reverse,1386,500,105,6,0.012,0.05714285714285714,0.03240012533514622,True,80889
TF-IDF Reverse,1386,1000,105,6,0.006,0.05714285714285714,0.03240012533514622,True,80889
User Activity,1386,100,105,0,0.0,0.0,0.0,True,80889
User Activity,1386,500,105,0,0.0,0.0,0.0,True,80889
User Activity,1386,1000,105,0,0.0,0.0,0.0,True,80889
Random Reverse,1386,100,105,1,0.01,0.009523809523809525,0.007576171375349716,True,80889
Random Reverse,1386,500,105,1,0.002,0.009523809523809525,0.007315453264380575,True,80889
Random Reverse,1386,1000,105,1,0.001,0.009523809523809525,0.007315453264380575,True,80889
TF-IDF Reverse,1387,100,30,0,0.0,0.0,0.0,True,80889
TF-IDF Reverse,1387,500,30,1,0.002,0.03333333333333333,0.013653570196518559,True,80889
TF-IDF Reverse,1387,1000,30,1,0.001,0.03333333333333333,0.013653570196518559,True,80889
User Activity,1387,100,30,0,0.0,0.0,0.0,True,80889
User Activity,1387,500,30,0,0.0,0.0,0.0,True,80889
User Activity,1387,1000,30,0,0.0,0.0,0.0,True,80889
Random Reverse,1387,100,30,0,0.0,0.0,0.0,True,80889
Random Reverse,1387,500,30,0,0.0,0.0,0.0,True,80889
Random Reverse,1387,1000,30,0,0.0,0.0,0.0,True,80889
TF-IDF Reverse,1388,100,15,1,0.01,0.06666666666666667,0.025679246119321805,True,80889
TF-IDF Reverse,1388,500,15,4,0.008,0.26666666666666666,0.09661013786251664,True,80889
TF-IDF Reverse,1388,1000,15,5,0.005,0.3333333333333333,0.1138951342254277,True,80889
User Activity,1388,100,15,0,0.0,0.0,0.0,True,80889
User Activity,1388,500,15,0,0.0,0.0,0.0,True,80889
User Activity,1388,1000,15,0,0.0,0.0,0.0,True,80889
Random Reverse,1388,100,15,0,0.0,0.0,0.0,True,80889
Random Reverse,1388,500,15,0,0.0,0.0,0.0,True,80889
Random Reverse,1388,1000,15,0,0.0,0.0,0.0,True,80889
TF-IDF Reverse,1389,100,125,1,0.01,0.008,0.008914243523843216,True,80889
TF-IDF Reverse,1389,500,125,1,0.002,0.008,0.007587602928749642,True,80889
TF-IDF Reverse,1389,1000,125,1,0.001,0.008,0.007587602928749642,True,80889
User Activity,1389,100,125,0,0.0,0.0,0.0,True,80889
User Activity,1389,500,125,0,0.0,0.0,0.0,True,80889
User Activity,1389,1000,125,0,0.0,0.0,0.0,True,80889
Random Reverse,1389,100,125,0,0.0,0.0,0.0,True,80889
Random Reverse,1389,500,125,2,0.004,0.016,0.010324409121309237,True,80889
Random Reverse,1389,1000,125,2,0.002,0.016,0.010324409121309237,True,80889
TF-IDF Reverse,1390,100,278,1,0.01,0.0035971223021582736,0.007393610781949152,True,80889
TF-IDF Reverse,1390,500,278,2,0.004,0.007194244604316547,0.0062419884590543245,True,80889
TF-IDF Reverse,1390,1000,278,8,0.008,0.02877697841726619,0.020400447946721585,True,80889
User Activity,1390,100,278,0,0.0,0.0,0.0,True,80889
User Activity,1390,500,278,0,0.0,0.0,0.0,True,80889
User Activity,1390,1000,278,0,0.0,0.0,0.0,True,80889
Random Reverse,1390,100,278,3,0.03,0.01079136690647482,0.023264663899020217,True,80889
Random Reverse,1390,500,278,6,0.012,0.02158273381294964,0.018703047435604667,True,80889
Random Reverse,1390,1000,278,9,0.009,0.03237410071942446,0.025935683228267115,True,80889
TF-IDF Reverse,1392,100,879,0,0.0,0.0,0.0,True,80889
TF-IDF Reverse,1392,500,879,186,0.372,0.21160409556313994,0.3269120079471669,True,80889
TF-IDF Reverse,1392,1000,879,320,0.32,0.3640500568828214,0.33510304205944635,True,80889
User Activity,1392,100,879,0,0.0,0.0,0.0,True,80889
User Activity,1392,500,879,0,0.0,0.0,0.0,True,80889
User Activity,1392,1000,879,0,0.0,0.0,0.0,True,80889
Random Reverse,1392,100,879,0,0.0,0.0,0.0,True,80889
Random Reverse,1392,500,879,3,0.006,0.0034129692832764505,0.005037041586652129,True,80889
Random Reverse,1392,1000,879,7,0.007,0.007963594994311717,0.006958558937120211,True,80889
TF-IDF Reverse,1394,100,6,0,0.0,0.0,0.0,True,80889
TF-IDF Reverse,1394,500,6,0,0.0,0.0,0.0,True,80889
TF-IDF Reverse,1394,1000,6,0,0.0,0.0,0.0,True,80889
User Activity,1394,100,6,0,0.0,0.0,0.0,True,80889
User Activity,1394,500,6,0,0.0,0.0,0.0,True,80889
User Activity,1394,1000,6,0,0.0,0.0,0.0,True,80889
Random Reverse,1394,100,6,0,0.0,0.0,0.0,True,80889
Random Reverse,1394,500,6,0,0.0,0.0,0.0,True,80889
Random Reverse,1394,1000,6,0,0.0,0.0,0.0,True,80889
TF-IDF Reverse,1395,100,13,0,0.0,0.0,0.0,True,80889
TF-IDF Reverse,1395,500,13,1,0.002,0.07692307692307693,0.02401709056388313,True,80889
TF-IDF Reverse,1395,1000,13,1,0.001,0.07692307692307693,0.02401709056388313,True,80889
User Activity,1395,100,13,0,0.0,0.0,0.0,True,80889
User Activity,1395,500,13,0,0.0,0.0,0.0,True,80889
User Activity,1395,1000,13,0,0.0,0.0,0.0,True,80889
Random Reverse,1395,100,13,0,0.0,0.0,0.0,True,80889
Random Reverse,1395,500,13,0,0.0,0.0,0.0,True,80889
Random Reverse,1395,1000,13,0,0.0,0.0,0.0,True,80889
TF-IDF Reverse,1396,100,19,0,0.0,0.0,0.0,True,80889
TF-IDF Reverse,1396,500,19,0,0.0,0.0,0.0,True,80889
TF-IDF Reverse,1396,1000,19,1,0.001,0.05263157894736842,0.01499926754153992,True,80889
User Activity,1396,100,19,0,0.0,0.0,0.0,True,80889
User Activity,1396,500,19,0,0.0,0.0,0.0,True,80889
User Activity,1396,1000,19,0,0.0,0.0,0.0,True,80889
Random Reverse,1396,100,19,0,0.0,0.0,0.0,True,80889
Random Reverse,1396,500,19,0,0.0,0.0,0.0,True,80889
Random Reverse,1396,1000,19,0,0.0,0.0,0.0,True,80889
TF-IDF Reverse,1398,100,109,12,0.12,0.11009174311926606,0.104420874572408,True,80889
TF-IDF Reverse,1398,500,109,31,0.062,0.28440366972477066,0.21722378395973854,True,80889
TF-IDF Reverse,1398,1000,109,31,0.031,0.28440366972477066,0.21722378395973854,True,80889
User Activity,1398,100,109,0,0.0,0.0,0.0,True,80889
User Activity,1398,500,109,0,0.0,0.0,0.0,True,80889
User Activity,1398,1000,109,0,0.0,0.0,0.0,True,80889
Random Reverse,1398,100,109,0,0.0,0.0,0.0,True,80889
Random Reverse,1398,500,109,1,0.002,0.009174311926605505,0.005018236423124944,True,80889
Random Reverse,1398,1000,109,1,0.001,0.009174311926605505,0.005018236423124944,True,80889
TF-IDF Reverse,1399,100,7,0,0.0,0.0,0.0,True,80889
TF-IDF Reverse,1399,500,7,0,0.0,0.0,0.0,True,80889
TF-IDF Reverse,1399,1000,7,0,0.0,0.0,0.0,True,80889
User Activity,1399,100,7,0,0.0,0.0,0.0,True,80889
User Activity,1399,500,7,0,0.0,0.0,0.0,True,80889
User Activity,1399,1000,7,0,0.0,0.0,0.0,True,80889
Random Reverse,1399,100,7,0,0.0,0.0,0.0,True,80889
Random Reverse,1399,500,7,0,0.0,0.0,0.0,True,80889
Random Reverse,1399,1000,7,0,0.0,0.0,0.0,True,80889
TF-IDF Reverse,1400,100,24,0,0.0,0.0,0.0,True,80889
TF-IDF Reverse,1400,500,24,0,0.0,0.0,0.0,True,80889
TF-IDF Reverse,1400,1000,24,0,0.0,0.0,0.0,True,80889
User Activity,1400,100,24,0,0.0,0.0,0.0,True,80889
User Activity,1400,500,24,0,0.0,0.0,0.0,True,80889
User Activity,1400,1000,24,1,0.001,0.041666666666666664,0.01349797117904206,True,80889
Random Reverse,1400,100,24,0,0.0,0.0,0.0,True,80889
Random Reverse,1400,500,24,0,0.0,0.0,0.0,True,80889
Random Reverse,1400,1000,24,0,0.0,0.0,0.0,True,80889
TF-IDF Reverse,1402,100,6,0,0.0,0.0,0.0,True,80889
TF-IDF Reverse,1402,500,6,0,0.0,0.0,0.0,True,80889
TF-IDF Reverse,1402,1000,6,0,0.0,0.0,0.0,True,80889
User Activity,1402,100,6,0,0.0,0.0,0.0,True,80889
User Activity,1402,500,6,0,0.0,0.0,0.0,True,80889
User Activity,1402,1000,6,0,0.0,0.0,0.0,True,80889
Random Reverse,1402,100,6,0,0.0,0.0,0.0,True,80889
Random Reverse,1402,500,6,0,0.0,0.0,0.0,True,80889
Random Reverse,1402,1000,6,0,0.0,0.0,0.0,True,80889
TF-IDF Reverse,1403,100,8,0,0.0,0.0,0.0,True,80889
TF-IDF Reverse,1403,500,8,0,0.0,0.0,0.0,True,80889
TF-IDF Reverse,1403,1000,8,0,0.0,0.0,0.0,True,80889
User Activity,1403,100,8,0,0.0,0.0,0.0,True,80889
User Activity,1403,500,8,0,0.0,0.0,0.0,True,80889
User Activity,1403,1000,8,0,0.0,0.0,0.0,True,80889
Random Reverse,1403,100,8,0,0.0,0.0,0.0,True,80889
Random Reverse,1403,500,8,0,0.0,0.0,0.0,True,80889
Random Reverse,1403,1000,8,0,0.0,0.0,0.0,True,80889
TF-IDF Reverse,1404,100,14,0,0.0,0.0,0.0,True,80889
TF-IDF Reverse,1404,500,14,0,0.0,0.0,0.0,True,80889
TF-IDF Reverse,1404,1000,14,3,0.003,0.21428571428571427,0.054522221253065724,True,80889
User Activity,1404,100,14,0,0.0,0.0,0.0,True,80889
User Activity,1404,500,14,0,0.0,0.0,0.0,True,80889
User Activity,1404,1000,14,0,0.0,0.0,0.0,True,80889
Random Reverse,1404,100,14,0,0.0,0.0,0.0,True,80889
Random Reverse,1404,500,14,0,0.0,0.0,0.0,True,80889
Random Reverse,1404,1000,14,0,0.0,0.0,0.0,True,80889
TF-IDF Reverse,1405,100,186,1,0.01,0.005376344086021506,0.007554423673284582,True,80889
TF-IDF Reverse,1405,500,186,4,0.008,0.021505376344086023,0.016022119601719034,True,80889
TF-IDF Reverse,1405,1000,186,8,0.008,0.043010752688172046,0.02885337119141815,True,80889
User Activity,1405,100,186,0,0.0,0.0,0.0,True,80889
User Activity,1405,500,186,0,0.0,0.0,0.0,True,80889
User Activity,1405,1000,186,0,0.0,0.0,0.0,True,80889
Random Reverse,1405,100,186,0,0.0,0.0,0.0,True,80889
Random Reverse,1405,500,186,1,0.002,0.005376344086021506,0.004346164968152676,True,80889
Random Reverse,1405,1000,186,3,0.003,0.016129032258064516,0.010639112245606857,True,80889
TF-IDF Reverse,1406,100,6,2,0.02,0.3333333333333333,0.4539036202482202,True,80889
TF-IDF Reverse,1406,500,6,3,0.006,0.5,0.49180950237971127,True,80889
TF-IDF Reverse,1406,1000,6,3,0.003,0.5,0.49180950237971127,True,80889
User Activity,1406,100,6,0,0.0,0.0,0.0,True,80889
User Activity,1406,500,6,0,0.0,0.0,0.0,True,80889
User Activity,1406,1000,6,0,0.0,0.0,0.0,True,80889
Random Reverse,1406,100,6,0,0.0,0.0,0.0,True,80889
Random Reverse,1406,500,6,0,0.0,0.0,0.0,True,80889
Random Reverse,1406,1000,6,0,0.0,0.0,0.0,True,80889
TF-IDF Reverse,1407,100,98,0,0.0,0.0,0.0,True,80889
TF-IDF Reverse,1407,500,98,0,0.0,0.0,0.0,True,80889
TF-IDF Reverse,1407,1000,98,0,0.0,0.0,0.0,True,80889
User Activity,1407,100,98,0,0.0,0.0,0.0,True,80889
User Activity,1407,500,98,0,0.0,0.0,0.0,True,80889
User Activity,1407,1000,98,0,0.0,0.0,0.0,True,80889
Random Reverse,1407,100,98,0,0.0,0.0,0.0,True,80889
Random Reverse,1407,500,98,1,0.002,0.01020408163265306,0.005806887647954791,True,80889
Random Reverse,1407,1000,98,1,0.001,0.01020408163265306,0.005806887647954791,True,80889
TF-IDF Reverse,1408,100,33,0,0.0,0.0,0.0,True,80889
TF-IDF Reverse,1408,500,33,0,0.0,0.0,0.0,True,80889
TF-IDF Reverse,1408,1000,33,1,0.001,0.030303030303030304,0.010283403164914275,True,80889
User Activity,1408,100,33,0,0.0,0.0,0.0,True,80889
User Activity,1408,500,33,0,0.0,0.0,0.0,True,80889
User Activity,1408,1000,33,0,0.0,0.0,0.0,True,80889
Random Reverse,1408,100,33,0,0.0,0.0,0.0,True,80889
Random Reverse,1408,500,33,0,0.0,0.0,0.0,True,80889
Random Reverse,1408,1000,33,0,0.0,0.0,0.0,True,80889
TF-IDF Reverse,1409,100,7,0,0.0,0.0,0.0,True,80889
TF-IDF Reverse,1409,500,7,0,0.0,0.0,0.0,True,80889
TF-IDF Reverse,1409,1000,7,0,0.0,0.0,0.0,True,80889
User Activity,1409,100,7,0,0.0,0.0,0.0,True,80889
User Activity,1409,500,7,0,0.0,0.0,0.0,True,80889
User Activity,1409,1000,7,0,0.0,0.0,0.0,True,80889
Random Reverse,1409,100,7,0,0.0,0.0,0.0,True,80889
Random Reverse,1409,500,7,0,0.0,0.0,0.0,True,80889
Random Reverse,1409,1000,7,0,0.0,0.0,0.0,True,80889
TF-IDF Reverse,1410,100,21,11,0.11,0.5238095238095238,0.3153948845858576,True,80889
TF-IDF Reverse,1410,500,21,13,0.026,0.6190476190476191,0.3518667008451296,True,80889
TF-IDF Reverse,1410,1000,21,13,0.013,0.6190476190476191,0.3518667008451296,True,80889
User Activity,1410,100,21,0,0.0,0.0,0.0,True,80889
User Activity,1410,500,21,0,0.0,0.0,0.0,True,80889
User Activity,1410,1000,21,1,0.001,0.047619047619047616,0.013830912340921413,True,80889
Random Reverse,1410,100,21,0,0.0,0.0,0.0,True,80889
Random Reverse,1410,500,21,0,0.0,0.0,0.0,True,80889
Random Reverse,1410,1000,21,0,0.0,0.0,0.0,True,80889
TF-IDF Reverse,1414,100,7,1,0.01,0.14285714285714285,0.06591877139737895,True,80889
TF-IDF Reverse,1414,500,7,2,0.004,0.2857142857142857,0.09988449261300997,True,80889
TF-IDF Reverse,1414,1000,7,2,0.002,0.2857142857142857,0.09988449261300997,True,80889
User Activity,1414,100,7,0,0.0,0.0,0.0,True,80889
User Activity,1414,500,7,0,0.0,0.0,0.0,True,80889
User Activity,1414,1000,7,0,0.0,0.0,0.0,True,80889
Random Reverse,1414,100,7,0,0.0,0.0,0.0,True,80889
Random Reverse,1414,500,7,0,0.0,0.0,0.0,True,80889
Random Reverse,1414,1000,7,0,0.0,0.0,0.0,True,80889
TF-IDF Reverse,1415,100,21,0,0.0,0.0,0.0,True,80889
TF-IDF Reverse,1415,500,21,0,0.0,0.0,0.0,True,80889
TF-IDF Reverse,1415,1000,21,0,0.0,0.0,0.0,True,80889
User Activity,1415,100,21,0,0.0,0.0,0.0,True,80889
User Activity,1415,500,21,0,0.0,0.0,0.0,True,80889
User Activity,1415,1000,21,0,0.0,0.0,0.0,True,80889
Random Reverse,1415,100,21,0,0.0,0.0,0.0,True,80889
Random Reverse,1415,500,21,0,0.0,0.0,0.0,True,80889
Random Reverse,1415,1000,21,0,0.0,0.0,0.0,True,80889
TF-IDF Reverse,1416,100,10,0,0.0,0.0,0.0,True,80889
TF-IDF Reverse,1416,500,10,0,0.0,0.0,0.0,True,80889
TF-IDF Reverse,1416,1000,10,0,0.0,0.0,0.0,True,80889
User Activity,1416,100,10,0,0.0,0.0,0.0,True,80889
User Activity,1416,500,10,0,0.0,0.0,0.0,True,80889
User Activity,1416,1000,10,0,0.0,0.0,0.0,True,80889
Random Reverse,1416,100,10,0,0.0,0.0,0.0,True,80889
Random Reverse,1416,500,10,0,0.0,0.0,0.0,True,80889
Random Reverse,1416,1000,10,0,0.0,0.0,0.0,True,80889
TF-IDF Reverse,1417,100,31,0,0.0,0.0,0.0,True,80889
TF-IDF Reverse,1417,500,31,0,0.0,0.0,0.0,True,80889
TF-IDF Reverse,1417,1000,31,1,0.001,0.03225806451612903,0.011524231692780808,True,80889
User Activity,1417,100,31,0,0.0,0.0,0.0,True,80889
User Activity,1417,500,31,0,0.0,0.0,0.0,True,80889
User Activity,1417,1000,31,0,0.0,0.0,0.0,True,80889
Random Reverse,1417,100,31,0,0.0,0.0,0.0,True,80889
Random Reverse,1417,500,31,0,0.0,0.0,0.0,True,80889
Random Reverse,1417,1000,31,0,0.0,0.0,0.0,True,80889
TF-IDF Reverse,1418,100,110,1,0.01,0.00909090909090909,0.008085222248119186,True,80889
TF-IDF Reverse,1418,500,110,4,0.008,0.03636363636363636,0.023558647341452025,True,80889
TF-IDF Reverse,1418,1000,110,5,0.005,0.045454545454545456,0.028433984770497956,True,80889
User Activity,1418,100,110,0,0.0,0.0,0.0,True,80889
User Activity,1418,500,110,0,0.0,0.0,0.0,True,80889
User Activity,1418,1000,110,0,0.0,0.0,0.0,True,80889
Random Reverse,1418,100,110,0,0.0,0.0,0.0,True,80889
Random Reverse,1418,500,110,0,0.0,0.0,0.0,True,80889
Random Reverse,1418,1000,110,2,0.002,0.01818181818181818,0.009196009974308845,True,80889
TF-IDF Reverse,1419,100,25,5,0.05,0.2,0.15643056849021567,True,80889
TF-IDF Reverse,1419,500,25,6,0.012,0.24,0.17175952460191318,True,80889
TF-IDF Reverse,1419,1000,25,7,0.007,0.28,0.18534809721126075,True,80889
User Activity,1419,100,25,0,0.0,0.0,0.0,True,80889
User Activity,1419,500,25,0,0.0,0.0,0.0,True,80889
User Activity,1419,1000,25,0,0.0,0.0,0.0,True,80889
Random Reverse,1419,100,25,0,0.0,0.0,0.0,True,80889
Random Reverse,1419,500,25,0,0.0,0.0,0.0,True,80889
Random Reverse,1419,1000,25,0,0.0,0.0,0.0,True,80889
TF-IDF Reverse,1421,100,13,0,0.0,0.0,0.0,True,80889
TF-IDF Reverse,1421,500,13,1,0.002,0.07692307692307693,0.027926082435233077,True,80889
TF-IDF Reverse,1421,1000,13,1,0.001,0.07692307692307693,0.027926082435233077,True,80889
User Activity,1421,100,13,0,0.0,0.0,0.0,True,80889
User Activity,1421,500,13,0,0.0,0.0,0.0,True,80889
User Activity,1421,1000,13,0,0.0,0.0,0.0,True,80889
Random Reverse,1421,100,13,0,0.0,0.0,0.0,True,80889
Random Reverse,1421,500,13,0,0.0,0.0,0.0,True,80889
Random Reverse,1421,1000,13,0,0.0,0.0,0.0,True,80889
TF-IDF Reverse,1422,100,114,2,0.02,0.017543859649122806,0.02076404424484983,True,80889
TF-IDF Reverse,1422,500,114,4,0.008,0.03508771929824561,0.030015447919779854,True,80889
TF-IDF Reverse,1422,1000,114,4,0.004,0.03508771929824561,0.030015447919779854,True,80889
User Activity,1422,100,114,0,0.0,0.0,0.0,True,80889
User Activity,1422,500,114,0,0.0,0.0,0.0,True,80889
User Activity,1422,1000,114,0,0.0,0.0,0.0,True,80889
Random Reverse,1422,100,114,0,0.0,0.0,0.0,True,80889
Random Reverse,1422,500,114,1,0.002,0.008771929824561403,0.00489607021126541,True,80889
Random Reverse,1422,1000,114,1,0.001,0.008771929824561403,0.00489607021126541,True,80889
TF-IDF Reverse,1423,100,38,1,0.01,0.02631578947368421,0.026973863432810948,True,80889
TF-IDF Reverse,1423,500,38,1,0.002,0.02631578947368421,0.026973863432810948,True,80889
TF-IDF Reverse,1423,1000,38,1,0.001,0.02631578947368421,0.026973863432810948,True,80889
User Activity,1423,100,38,0,0.0,0.0,0.0,True,80889
User Activity,1423,500,38,0,0.0,0.0,0.0,True,80889
User Activity,1423,1000,38,0,0.0,0.0,0.0,True,80889
Random Reverse,1423,100,38,0,0.0,0.0,0.0,True,80889
Random Reverse,1423,500,38,0,0.0,0.0,0.0,True,80889
Random Reverse,1423,1000,38,0,0.0,0.0,0.0,True,80889
TF-IDF Reverse,1425,100,53,0,0.0,0.0,0.0,True,80889
TF-IDF Reverse,1425,500,53,0,0.0,0.0,0.0,True,80889
TF-IDF Reverse,1425,1000,53,0,0.0,0.0,0.0,True,80889
User Activity,1425,100,53,0,0.0,0.0,0.0,True,80889
User Activity,1425,500,53,0,0.0,0.0,0.0,True,80889
User Activity,1425,1000,53,0,0.0,0.0,0.0,True,80889
Random Reverse,1425,100,53,0,0.0,0.0,0.0,True,80889
Random Reverse,1425,500,53,1,0.002,0.018867924528301886,0.008587788501560212,True,80889
Random Reverse,1425,1000,53,1,0.001,0.018867924528301886,0.008587788501560212,True,80889
TF-IDF Reverse,1426,100,11,0,0.0,0.0,0.0,True,80889
TF-IDF Reverse,1426,500,11,0,0.0,0.0,0.0,True,80889
TF-IDF Reverse,1426,1000,11,0,0.0,0.0,0.0,True,80889
User Activity,1426,100,11,0,0.0,0.0,0.0,True,80889
User Activity,1426,500,11,0,0.0,0.0,0.0,True,80889
User Activity,1426,1000,11,0,0.0,0.0,0.0,True,80889
Random Reverse,1426,100,11,0,0.0,0.0,0.0,True,80889
Random Reverse,1426,500,11,0,0.0,0.0,0.0,True,80889
Random Reverse,1426,1000,11,0,0.0,0.0,0.0,True,80889
TF-IDF Reverse,1427,100,98,0,0.0,0.0,0.0,True,80889
TF-IDF Reverse,1427,500,98,0,0.0,0.0,0.0,True,80889
TF-IDF Reverse,1427,1000,98,0,0.0,0.0,0.0,True,80889
User Activity,1427,100,98,0,0.0,0.0,0.0,True,80889
User Activity,1427,500,98,0,0.0,0.0,0.0,True,80889
User Activity,1427,1000,98,0,0.0,0.0,0.0,True,80889
Random Reverse,1427,100,98,0,0.0,0.0,0.0,True,80889
Random Reverse,1427,500,98,1,0.002,0.01020408163265306,0.005764851079671835,True,80889
Random Reverse,1427,1000,98,3,0.003,0.030612244897959183,0.01567499291790372,True,80889
TF-IDF Reverse,1428,100,9,1,0.01,0.1111111111111111,0.03677000591004918,True,80889
TF-IDF Reverse,1428,500,9,1,0.002,0.1111111111111111,0.03677000591004918,True,80889
TF-IDF Reverse,1428,1000,9,1,0.001,0.1111111111111111,0.03677000591004918,True,80889
User Activity,1428,100,9,0,0.0,0.0,0.0,True,80889
User Activity,1428,500,9,0,0.0,0.0,0.0,True,80889
User Activity,1428,1000,9,0,0.0,0.0,0.0,True,80889
Random Reverse,1428,100,9,0,0.0,0.0,0.0,True,80889
Random Reverse,1428,500,9,0,0.0,0.0,0.0,True,80889
Random Reverse,1428,1000,9,1,0.001,0.1111111111111111,0.024695704360936228,True,80889
TF-IDF Reverse,1429,100,22,10,0.1,0.45454545454545453,0.2872206143915868,True,80889
TF-IDF Reverse,1429,500,22,10,0.02,0.45454545454545453,0.2872206143915868,True,80889
TF-IDF Reverse,1429,1000,22,10,0.01,0.45454545454545453,0.2872206143915868,True,80889
User Activity,1429,100,22,0,0.0,0.0,0.0,True,80889
User Activity,1429,500,22,0,0.0,0.0,0.0,True,80889
User Activity,1429,1000,22,0,0.0,0.0,0.0,True,80889
Random Reverse,1429,100,22,0,0.0,0.0,0.0,True,80889
Random Reverse,1429,500,22,0,0.0,0.0,0.0,True,80889
Random Reverse,1429,1000,22,0,0.0,0.0,0.0,True,80889
TF-IDF Reverse,1430,100,7,4,0.04,0.5714285714285714,0.28287516390608336,True,80889
TF-IDF Reverse,1430,500,7,4,0.008,0.5714285714285714,0.28287516390608336,True,80889
TF-IDF Reverse,1430,1000,7,4,0.004,0.5714285714285714,0.28287516390608336,True,80889
User Activity,1430,100,7,0,0.0,0.0,0.0,True,80889
User Activity,1430,500,7,0,0.0,0.0,0.0,True,80889
User Activity,1430,1000,7,0,0.0,0.0,0.0,True,80889
Random Reverse,1430,100,7,0,0.0,0.0,0.0,True,80889
Random Reverse,1430,500,7,0,0.0,0.0,0.0,True,80889
Random Reverse,1430,1000,7,0,0.0,0.0,0.0,True,80889
TF-IDF Reverse,1431,100,807,63,0.63,0.07806691449814127,0.5662553183717662,True,80889
TF-IDF Reverse,1431,500,807,311,0.622,0.3853779429987608,0.6043552283482685,True,80889
TF-IDF Reverse,1431,1000,807,367,0.367,0.4547707558859975,0.46899051856630064,True,80889
User Activity,1431,100,807,0,0.0,0.0,0.0,True,80889
User Activity,1431,500,807,0,0.0,0.0,0.0,True,80889
User Activity,1431,1000,807,0,0.0,0.0,0.0,True,80889
Random Reverse,1431,100,807,1,0.01,0.0012391573729863693,0.009167664994550535,True,80889
Random Reverse,1431,500,807,4,0.008,0.004956629491945477,0.00773531918709274,True,80889
Random Reverse,1431,1000,807,5,0.005,0.006195786864931847,0.006318567255992067,True,80889
TF-IDF Reverse,1432,100,22,0,0.0,0.0,0.0,True,80889
TF-IDF Reverse,1432,500,22,0,0.0,0.0,0.0,True,80889
TF-IDF Reverse,1432,1000,22,0,0.0,0.0,0.0,True,80889
User Activity,1432,100,22,0,0.0,0.0,0.0,True,80889
User Activity,1432,500,22,0,0.0,0.0,0.0,True,80889
User Activity,1432,1000,22,0,0.0,0.0,0.0,True,80889
Random Reverse,1432,100,22,0,0.0,0.0,0.0,True,80889
Random Reverse,1432,500,22,0,0.0,0.0,0.0,True,80889
Random Reverse,1432,1000,22,0,0.0,0.0,0.0,True,80889
TF-IDF Reverse,1434,100,60,0,0.0,0.0,0.0,True,80889
TF-IDF Reverse,1434,500,60,2,0.004,0.03333333333333333,0.017435325600107274,True,80889
TF-IDF Reverse,1434,1000,60,11,0.011,0.18333333333333332,0.08195994677314965,True,80889
User Activity,1434,100,60,0,0.0,0.0,0.0,True,80889
User Activity,1434,500,60,0,0.0,0.0,0.0,True,80889
User Activity,1434,1000,60,0,0.0,0.0,0.0,True,80889
Random Reverse,1434,100,60,0,0.0,0.0,0.0,True,80889
Random Reverse,1434,500,60,0,0.0,0.0,0.0,True,80889
Random Reverse,1434,1000,60,1,0.001,0.016666666666666666,0.007115639178172833,True,80889
TF-IDF Reverse,1435,100,23,1,0.01,0.043478260869565216,0.028695986104143322,True,80889
TF-IDF Reverse,1435,500,23,2,0.004,0.08695652173913043,0.04802921880924774,True,80889
TF-IDF Reverse,1435,1000,23,3,0.003,0.13043478260869565,0.06144719391603406,True,80889
User Activity,1435,100,23,0,0.0,0.0,0.0,True,80889
User Activity,1435,500,23,0,0.0,0.0,0.0,True,80889
User Activity,1435,1000,23,1,0.001,0.043478260869565216,0.014361017195310286,True,80889
Random Reverse,1435,100,23,0,0.0,0.0,0.0,True,80889
Random Reverse,1435,500,23,0,0.0,0.0,0.0,True,80889
Random Reverse,1435,1000,23,0,0.0,0.0,0.0,True,80889
TF-IDF Reverse,1436,100,189,0,0.0,0.0,0.0,True,80889
TF-IDF Reverse,1436,500,189,1,0.002,0.005291005291005291,0.003837912443503653,True,80889
TF-IDF Reverse,1436,1000,189,2,0.002,0.010582010582010581,0.006929054437874718,True,80889
User Activity,1436,100,189,0,0.0,0.0,0.0,True,80889
User Activity,1436,500,189,0,0.0,0.0,0.0,True,80889
User Activity,1436,1000,189,0,0.0,0.0,0.0,True,80889
Random Reverse,1436,100,189,1,0.01,0.005291005291005291,0.007901292059672813,True,80889
Random Reverse,1436,500,189,4,0.008,0.021164021164021163,0.016788634661338984,True,80889
Random Reverse,1436,1000,189,7,0.007,0.037037037037037035,0.02610115590317597,True,80889
TF-IDF Reverse,1437,100,6,0,0.0,0.0,0.0,True,80889
TF-IDF Reverse,1437,500,6,0,0.0,0.0,0.0,True,80889
TF-IDF Reverse,1437,1000,6,1,0.001,0.16666666666666666,0.031948140814521846,True,80889
User Activity,1437,100,6,0,0.0,0.0,0.0,True,80889
User Activity,1437,500,6,0,0.0,0.0,0.0,True,80889
User Activity,1437,1000,6,0,0.0,0.0,0.0,True,80889
Random Reverse,1437,100,6,0,0.0,0.0,0.0,True,80889
Random Reverse,1437,500,6,0,0.0,0.0,0.0,True,80889
Random Reverse,1437,1000,6,0,0.0,0.0,0.0,True,80889
TF-IDF Reverse,1438,100,13,0,0.0,0.0,0.0,True,80889
TF-IDF Reverse,1438,500,13,0,0.0,0.0,0.0,True,80889
TF-IDF Reverse,1438,1000,13,0,0.0,0.0,0.0,True,80889
User Activity,1438,100,13,0,0.0,0.0,0.0,True,80889
User Activity,1438,500,13,0,0.0,0.0,0.0,True,80889
User Activity,1438,1000,13,0,0.0,0.0,0.0,True,80889
Random Reverse,1438,100,13,0,0.0,0.0,0.0,True,80889
Random Reverse,1438,500,13,0,0.0,0.0,0.0,True,80889
Random Reverse,1438,1000,13,0,0.0,0.0,0.0,True,80889
TF-IDF Reverse,1440,100,21,1,0.01,0.047619047619047616,0.02120434484562443,True,80889
TF-IDF Reverse,1440,500,21,2,0.004,0.09523809523809523,0.040869415094440024,True,80889
TF-IDF Reverse,1440,1000,21,2,0.002,0.09523809523809523,0.040869415094440024,True,80889
User Activity,1440,100,21,0,0.0,0.0,0.0,True,80889
User Activity,1440,500,21,0,0.0,0.0,0.0,True,80889
User Activity,1440,1000,21,0,0.0,0.0,0.0,True,80889
Random Reverse,1440,100,21,0,0.0,0.0,0.0,True,80889
Random Reverse,1440,500,21,0,0.0,0.0,0.0,True,80889
Random Reverse,1440,1000,21,0,0.0,0.0,0.0,True,80889
TF-IDF Reverse,1441,100,16,3,0.03,0.1875,0.08471137956967968,True,80889
TF-IDF Reverse,1441,500,16,4,0.008,0.25,0.10702428470975978,True,80889
TF-IDF Reverse,1441,1000,16,4,0.004,0.25,0.10702428470975978,True,80889
User Activity,1441,100,16,0,0.0,0.0,0.0,True,80889
User Activity,1441,500,16,0,0.0,0.0,0.0,True,80889
User Activity,1441,1000,16,0,0.0,0.0,0.0,True,80889
Random Reverse,1441,100,16,0,0.0,0.0,0.0,True,80889
Random Reverse,1441,500,16,0,0.0,0.0,0.0,True,80889
Random Reverse,1441,1000,16,0,0.0,0.0,0.0,True,80889
TF-IDF Reverse,1442,100,14,0,0.0,0.0,0.0,True,80889
TF-IDF Reverse,1442,500,14,0,0.0,0.0,0.0,True,80889
TF-IDF Reverse,1442,1000,14,0,0.0,0.0,0.0,True,80889
User Activity,1442,100,14,0,0.0,0.0,0.0,True,80889
User Activity,1442,500,14,0,0.0,0.0,0.0,True,80889
User Activity,1442,1000,14,0,0.0,0.0,0.0,True,80889
Random Reverse,1442,100,14,0,0.0,0.0,0.0,True,80889
Random Reverse,1442,500,14,0,0.0,0.0,0.0,True,80889
Random Reverse,1442,1000,14,0,0.0,0.0,0.0,True,80889
TF-IDF Reverse,1443,100,71,0,0.0,0.0,0.0,True,80889
TF-IDF Reverse,1443,500,71,0,0.0,0.0,0.0,True,80889
TF-IDF Reverse,1443,1000,71,2,0.002,0.028169014084507043,0.012247203857255518,True,80889
User Activity,1443,100,71,0,0.0,0.0,0.0,True,80889
User Activity,1443,500,71,0,0.0,0.0,0.0,True,80889
User Activity,1443,1000,71,0,0.0,0.0,0.0,True,80889
Random Reverse,1443,100,71,0,0.0,0.0,0.0,True,80889
Random Reverse,1443,500,71,0,0.0,0.0,0.0,True,80889
Random Reverse,1443,1000,71,0,0.0,0.0,0.0,True,80889
TF-IDF Reverse,1444,100,46,0,0.0,0.0,0.0,True,80889
TF-IDF Reverse,1444,500,46,0,0.0,0.0,0.0,True,80889
TF-IDF Reverse,1444,1000,46,1,0.001,0.021739130434782608,0.008605306186024207,True,80889
User Activity,1444,100,46,0,0.0,0.0,0.0,True,80889
User Activity,1444,500,46,1,0.002,0.021739130434782608,0.009434778724465118,True,80889
User Activity,1444,1000,46,1,0.001,0.021739130434782608,0.009434778724465118,True,80889
Random Reverse,1444,100,46,0,0.0,0.0,0.0,True,80889
Random Reverse,1444,500,46,0,0.0,0.0,0.0,True,80889
Random Reverse,1444,1000,46,1,0.001,0.021739130434782608,0.008309277890775431,True,80889
TF-IDF Reverse,1447,100,108,28,0.28,0.25925925925925924,0.23148999677037513,True,80889
TF-IDF Reverse,1447,500,108,42,0.084,0.3888888888888889,0.30810925239779363,True,80889
TF-IDF Reverse,1447,1000,108,43,0.043,0.39814814814814814,0.31304267229692084,True,80889
User Activity,1447,100,108,0,0.0,0.0,0.0,True,80889
User Activity,1447,500,108,1,0.002,0.009259259259259259,0.005165580172187026,True,80889
User Activity,1447,1000,108,1,0.001,0.009259259259259259,0.005165580172187026,True,80889
Random Reverse,1447,100,108,0,0.0,0.0,0.0,True,80889
Random Reverse,1447,500,108,0,0.0,0.0,0.0,True,80889
Random Reverse,1447,1000,108,0,0.0,0.0,0.0,True,80889
TF-IDF Reverse,1450,100,64,14,0.14,0.21875,0.16901256772881526,True,80889
TF-IDF Reverse,1450,500,64,23,0.046,0.359375,0.24172554473909844,True,80889
TF-IDF Reverse,1450,1000,64,24,0.024,0.375,0.2487221657591995,True,80889
User Activity,1450,100,64,0,0.0,0.0,0.0,True,80889
User Activity,1450,500,64,0,0.0,0.0,0.0,True,80889
User Activity,1450,1000,64,0,0.0,0.0,0.0,True,80889
Random Reverse,1450,100,64,0,0.0,0.0,0.0,True,80889
Random Reverse,1450,500,64,0,0.0,0.0,0.0,True,80889
Random Reverse,1450,1000,64,0,0.0,0.0,0.0,True,80889
TF-IDF Reverse,1451,100,50,0,0.0,0.0,0.0,True,80889
TF-IDF Reverse,1451,500,50,0,0.0,0.0,0.0,True,80889
TF-IDF Reverse,1451,1000,50,0,0.0,0.0,0.0,True,80889
User Activity,1451,100,50,0,0.0,0.0,0.0,True,80889
User Activity,1451,500,50,0,0.0,0.0,0.0,True,80889
User Activity,1451,1000,50,0,0.0,0.0,0.0,True,80889
Random Reverse,1451,100,50,0,0.0,0.0,0.0,True,80889
Random Reverse,1451,500,50,0,0.0,0.0,0.0,True,80889
Random Reverse,1451,1000,50,0,0.0,0.0,0.0,True,80889
TF-IDF Reverse,1455,100,5,0,0.0,0.0,0.0,True,80889
TF-IDF Reverse,1455,500,5,0,0.0,0.0,0.0,True,80889
TF-IDF Reverse,1455,1000,5,0,0.0,0.0,0.0,True,80889
User Activity,1455,100,5,0,0.0,0.0,0.0,True,80889
User Activity,1455,500,5,0,0.0,0.0,0.0,True,80889
User Activity,1455,1000,5,0,0.0,0.0,0.0,True,80889
Random Reverse,1455,100,5,0,0.0,0.0,0.0,True,80889
Random Reverse,1455,500,5,0,0.0,0.0,0.0,True,80889
Random Reverse,1455,1000,5,0,0.0,0.0,0.0,True,80889
TF-IDF Reverse,1461,100,5,0,0.0,0.0,0.0,True,80889
TF-IDF Reverse,1461,500,5,1,0.002,0.2,0.04954505853482718,True,80889
TF-IDF Reverse,1461,1000,5,1,0.001,0.2,0.04954505853482718,True,80889
User Activity,1461,100,5,0,0.0,0.0,0.0,True,80889
User Activity,1461,500,5,0,0.0,0.0,0.0,True,80889
User Activity,1461,1000,5,0,0.0,0.0,0.0,True,80889
Random Reverse,1461,100,5,0,0.0,0.0,0.0,True,80889
Random Reverse,1461,500,5,0,0.0,0.0,0.0,True,80889
Random Reverse,1461,1000,5,0,0.0,0.0,0.0,True,80889
TF-IDF Reverse,1466,100,51,0,0.0,0.0,0.0,True,80889
TF-IDF Reverse,1466,500,51,1,0.002,0.0196078431372549,0.009123963645658805,True,80889
TF-IDF Reverse,1466,1000,51,2,0.002,0.0392156862745098,0.017578873064779718,True,80889
User Activity,1466,100,51,0,0.0,0.0,0.0,True,80889
User Activity,1466,500,51,0,0.0,0.0,0.0,True,80889
User Activity,1466,1000,51,0,0.0,0.0,0.0,True,80889
Random Reverse,1466,100,51,0,0.0,0.0,0.0,True,80889
Random Reverse,1466,500,51,1,0.002,0.0196078431372549,0.008623389860352819,True,80889
Random Reverse,1466,1000,51,1,0.001,0.0196078431372549,0.008623389860352819,True,80889
TF-IDF Reverse,1468,100,18,0,0.0,0.0,0.0,True,80889
TF-IDF Reverse,1468,500,18,0,0.0,0.0,0.0,True,80889
TF-IDF Reverse,1468,1000,18,0,0.0,0.0,0.0,True,80889
User Activity,1468,100,18,0,0.0,0.0,0.0,True,80889
User Activity,1468,500,18,0,0.0,0.0,0.0,True,80889
User Activity,1468,1000,18,0,0.0,0.0,0.0,True,80889
Random Reverse,1468,100,18,0,0.0,0.0,0.0,True,80889
Random Reverse,1468,500,18,0,0.0,0.0,0.0,True,80889
Random Reverse,1468,1000,18,0,0.0,0.0,0.0,True,80889
TF-IDF Reverse,1469,100,10,1,0.01,0.1,0.04865452677250924,True,80889
TF-IDF Reverse,1469,500,10,3,0.006,0.3,0.10975482423065618,True,80889
TF-IDF Reverse,1469,1000,10,3,0.003,0.3,0.10975482423065618,True,80889
User Activity,1469,100,10,0,0.0,0.0,0.0,True,80889
User Activity,1469,500,10,0,0.0,0.0,0.0,True,80889
User Activity,1469,1000,10,0,0.0,0.0,0.0,True,80889
Random Reverse,1469,100,10,0,0.0,0.0,0.0,True,80889
Random Reverse,1469,500,10,0,0.0,0.0,0.0,True,80889
Random Reverse,1469,1000,10,0,0.0,0.0,0.0,True,80889
TF-IDF Reverse,1470,100,15,1,0.01,0.06666666666666667,0.0475902379018706,True,80889
TF-IDF Reverse,1470,500,15,1,0.002,0.06666666666666667,0.0475902379018706,True,80889
TF-IDF Reverse,1470,1000,15,1,0.001,0.06666666666666667,0.0475902379018706,True,80889
User Activity,1470,100,15,0,0.0,0.0,0.0,True,80889
User Activity,1470,500,15,0,0.0,0.0,0.0,True,80889
User Activity,1470,1000,15,0,0.0,0.0,0.0,True,80889
Random Reverse,1470,100,15,0,0.0,0.0,0.0,True,80889
Random Reverse,1470,500,15,0,0.0,0.0,0.0,True,80889
Random Reverse,1470,1000,15,0,0.0,0.0,0.0,True,80889
TF-IDF Reverse,1471,100,32,0,0.0,0.0,0.0,True,80889
TF-IDF Reverse,1471,500,32,1,0.002,0.03125,0.01360885486548979,True,80889
TF-IDF Reverse,1471,1000,32,2,0.002,0.0625,0.02459487247462424,True,80889
User Activity,1471,100,32,0,0.0,0.0,0.0,True,80889
User Activity,1471,500,32,0,0.0,0.0,0.0,True,80889
User Activity,1471,1000,32,0,0.0,0.0,0.0,True,80889
Random Reverse,1471,100,32,0,0.0,0.0,0.0,True,80889
Random Reverse,1471,500,32,0,0.0,0.0,0.0,True,80889
Random Reverse,1471,1000,32,0,0.0,0.0,0.0,True,80889
TF-IDF Reverse,1472,100,53,0,0.0,0.0,0.0,True,80889
TF-IDF Reverse,1472,500,53,0,0.0,0.0,0.0,True,80889
TF-IDF Reverse,1472,1000,53,0,0.0,0.0,0.0,True,80889
User Activity,1472,100,53,0,0.0,0.0,0.0,True,80889
User Activity,1472,500,53,0,0.0,0.0,0.0,True,80889
User Activity,1472,1000,53,0,0.0,0.0,0.0,True,80889
Random Reverse,1472,100,53,0,0.0,0.0,0.0,True,80889
Random Reverse,1472,500,53,0,0.0,0.0,0.0,True,80889
Random Reverse,1472,1000,53,0,0.0,0.0,0.0,True,80889
TF-IDF Reverse,1473,100,40,0,0.0,0.0,0.0,True,80889
TF-IDF Reverse,1473,500,40,1,0.002,0.025,0.010189487136695062,True,80889
TF-IDF Reverse,1473,1000,40,2,0.002,0.05,0.02013751751828044,True,80889
User Activity,1473,100,40,0,0.0,0.0,0.0,True,80889
User Activity,1473,500,40,0,0.0,0.0,0.0,True,80889
User Activity,1473,1000,40,0,0.0,0.0,0.0,True,80889
Random Reverse,1473,100,40,0,0.0,0.0,0.0,True,80889
Random Reverse,1473,500,40,0,0.0,0.0,0.0,True,80889
Random Reverse,1473,1000,40,1,0.001,0.025,0.00947517588419735,True,80889
TF-IDF Reverse,1474,100,66,0,0.0,0.0,0.0,True,80889
TF-IDF Reverse,1474,500,66,0,0.0,0.0,0.0,True,80889
TF-IDF Reverse,1474,1000,66,2,0.002,0.030303030303030304,0.013985945984046948,True,80889
User Activity,1474,100,66,0,0.0,0.0,0.0,True,80889
User Activity,1474,500,66,0,0.0,0.0,0.0,True,80889
User Activity,1474,1000,66,0,0.0,0.0,0.0,True,80889
Random Reverse,1474,100,66,0,0.0,0.0,0.0,True,80889
Random Reverse,1474,500,66,0,0.0,0.0,0.0,True,80889
Random Reverse,1474,1000,66,0,0.0,0.0,0.0,True,80889
TF-IDF Reverse,1476,100,18,0,0.0,0.0,0.0,True,80889
TF-IDF Reverse,1476,500,18,0,0.0,0.0,0.0,True,80889
TF-IDF Reverse,1476,1000,18,0,0.0,0.0,0.0,True,80889
User Activity,1476,100,18,0,0.0,0.0,0.0,True,80889
User Activity,1476,500,18,0,0.0,0.0,0.0,True,80889
User Activity,1476,1000,18,0,0.0,0.0,0.0,True,80889
Random Reverse,1476,100,18,0,0.0,0.0,0.0,True,80889
Random Reverse,1476,500,18,0,0.0,0.0,0.0,True,80889
Random Reverse,1476,1000,18,1,0.001,0.05555555555555555,0.015791591642643984,True,80889
TF-IDF Reverse,1479,100,7,0,0.0,0.0,0.0,True,80889
TF-IDF Reverse,1479,500,7,0,0.0,0.0,0.0,True,80889
TF-IDF Reverse,1479,1000,7,0,0.0,0.0,0.0,True,80889
User Activity,1479,100,7,0,0.0,0.0,0.0,True,80889
User Activity,1479,500,7,0,0.0,0.0,0.0,True,80889
User Activity,1479,1000,7,0,0.0,0.0,0.0,True,80889
Random Reverse,1479,100,7,0,0.0,0.0,0.0,True,80889
Random Reverse,1479,500,7,0,0.0,0.0,0.0,True,80889
Random Reverse,1479,1000,7,0,0.0,0.0,0.0,True,80889
TF-IDF Reverse,1480,100,26,0,0.0,0.0,0.0,True,80889
TF-IDF Reverse,1480,500,26,0,0.0,0.0,0.0,True,80889
TF-IDF Reverse,1480,1000,26,0,0.0,0.0,0.0,True,80889
User Activity,1480,100,26,0,0.0,0.0,0.0,True,80889
User Activity,1480,500,26,0,0.0,0.0,0.0,True,80889
User Activity,1480,1000,26,0,0.0,0.0,0.0,True,80889
Random Reverse,1480,100,26,0,0.0,0.0,0.0,True,80889
Random Reverse,1480,500,26,0,0.0,0.0,0.0,True,80889
Random Reverse,1480,1000,26,0,0.0,0.0,0.0,True,80889
TF-IDF Reverse,1481,100,10,0,0.0,0.0,0.0,True,80889
TF-IDF Reverse,1481,500,10,0,0.0,0.0,0.0,True,80889
TF-IDF Reverse,1481,1000,10,0,0.0,0.0,0.0,True,80889
User Activity,1481,100,10,0,0.0,0.0,0.0,True,80889
User Activity,1481,500,10,0,0.0,0.0,0.0,True,80889
User Activity,1481,1000,10,0,0.0,0.0,0.0,True,80889
Random Reverse,1481,100,10,0,0.0,0.0,0.0,True,80889
Random Reverse,1481,500,10,0,0.0,0.0,0.0,True,80889
Random Reverse,1481,1000,10,0,0.0,0.0,0.0,True,80889
TF-IDF Reverse,1482,100,21,0,0.0,0.0,0.0,True,80889
TF-IDF Reverse,1482,500,21,0,0.0,0.0,0.0,True,80889
TF-IDF Reverse,1482,1000,21,0,0.0,0.0,0.0,True,80889
User Activity,1482,100,21,0,0.0,0.0,0.0,True,80889
User Activity,1482,500,21,0,0.0,0.0,0.0,True,80889
User Activity,1482,1000,21,0,0.0,0.0,0.0,True,80889
Random Reverse,1482,100,21,1,0.01,0.047619047619047616,0.025368369949590942,True,80889
Random Reverse,1482,500,21,1,0.002,0.047619047619047616,0.025368369949590942,True,80889
Random Reverse,1482,1000,21,1,0.001,0.047619047619047616,0.025368369949590942,True,80889
TF-IDF Reverse,1483,100,23,0,0.0,0.0,0.0,True,80889
TF-IDF Reverse,1483,500,23,0,0.0,0.0,0.0,True,80889
TF-IDF Reverse,1483,1000,23,0,0.0,0.0,0.0,True,80889
User Activity,1483,100,23,0,0.0,0.0,0.0,True,80889
User Activity,1483,500,23,0,0.0,0.0,0.0,True,80889
User Activity,1483,1000,23,0,0.0,0.0,0.0,True,80889
Random Reverse,1483,100,23,0,0.0,0.0,0.0,True,80889
Random Reverse,1483,500,23,0,0.0,0.0,0.0,True,80889
Random Reverse,1483,1000,23,0,0.0,0.0,0.0,True,80889
TF-IDF Reverse,1484,100,22,0,0.0,0.0,0.0,True,80889
TF-IDF Reverse,1484,500,22,0,0.0,0.0,0.0,True,80889
TF-IDF Reverse,1484,1000,22,1,0.001,0.045454545454545456,0.014077173624900756,True,80889
User Activity,1484,100,22,0,0.0,0.0,0.0,True,80889
User Activity,1484,500,22,0,0.0,0.0,0.0,True,80889
User Activity,1484,1000,22,0,0.0,0.0,0.0,True,80889
Random Reverse,1484,100,22,0,0.0,0.0,0.0,True,80889
Random Reverse,1484,500,22,0,0.0,0.0,0.0,True,80889
Random Reverse,1484,1000,22,0,0.0,0.0,0.0,True,80889
TF-IDF Reverse,1485,100,26,0,0.0,0.0,0.0,True,80889
TF-IDF Reverse,1485,500,26,0,0.0,0.0,0.0,True,80889
TF-IDF Reverse,1485,1000,26,0,0.0,0.0,0.0,True,80889
User Activity,1485,100,26,0,0.0,0.0,0.0,True,80889
User Activity,1485,500,26,0,0.0,0.0,0.0,True,80889
User Activity,1485,1000,26,0,0.0,0.0,0.0,True,80889
Random Reverse,1485,100,26,1,0.01,0.038461538461538464,0.05162702725569553,True,80889
Random Reverse,1485,500,26,1,0.002,0.038461538461538464,0.05162702725569553,True,80889
Random Reverse,1485,1000,26,1,0.001,0.038461538461538464,0.05162702725569553,True,80889
TF-IDF Reverse,1488,100,103,2,0.02,0.019417475728155338,0.0151753188403193,True,80889
TF-IDF Reverse,1488,500,103,4,0.008,0.038834951456310676,0.028126155588453355,True,80889
TF-IDF Reverse,1488,1000,103,6,0.006,0.05825242718446602,0.03807313383965713,True,80889
User Activity,1488,100,103,0,0.0,0.0,0.0,True,80889
User Activity,1488,500,103,0,0.0,0.0,0.0,True,80889
User Activity,1488,1000,103,0,0.0,0.0,0.0,True,80889
Random Reverse,1488,100,103,0,0.0,0.0,0.0,True,80889
Random Reverse,1488,500,103,0,0.0,0.0,0.0,True,80889
Random Reverse,1488,1000,103,0,0.0,0.0,0.0,True,80889
TF-IDF Reverse,1489,100,18,0,0.0,0.0,0.0,True,80889
TF-IDF Reverse,1489,500,18,1,0.002,0.05555555555555555,0.022321079896225934,True,80889
TF-IDF Reverse,1489,1000,18,1,0.001,0.05555555555555555,0.022321079896225934,True,80889
User Activity,1489,100,18,0,0.0,0.0,0.0,True,80889
User Activity,1489,500,18,0,0.0,0.0,0.0,True,80889
User Activity,1489,1000,18,0,0.0,0.0,0.0,True,80889
Random Reverse,1489,100,18,0,0.0,0.0,0.0,True,80889
Random Reverse,1489,500,18,0,0.0,0.0,0.0,True,80889
Random Reverse,1489,1000,18,0,0.0,0.0,0.0,True,80889
TF-IDF Reverse,1490,100,20,3,0.03,0.15,0.07663235968760193,True,80889
TF-IDF Reverse,1490,500,20,5,0.01,0.25,0.11543518801083605,True,80889
TF-IDF Reverse,1490,1000,20,7,0.007,0.35,0.1459848604555333,True,80889
User Activity,1490,100,20,0,0.0,0.0,0.0,True,80889
User Activity,1490,500,20,0,0.0,0.0,0.0,True,80889
User Activity,1490,1000,20,0,0.0,0.0,0.0,True,80889
Random Reverse,1490,100,20,0,0.0,0.0,0.0,True,80889
Random Reverse,1490,500,20,0,0.0,0.0,0.0,True,80889
Random Reverse,1490,1000,20,0,0.0,0.0,0.0,True,80889
TF-IDF Reverse,1491,100,11,0,0.0,0.0,0.0,True,80889
TF-IDF Reverse,1491,500,11,2,0.004,0.18181818181818182,0.05077127285248593,True,80889
TF-IDF Reverse,1491,1000,11,4,0.004,0.36363636363636365,0.09275625088091574,True,80889
User Activity,1491,100,11,0,0.0,0.0,0.0,True,80889
User Activity,1491,500,11,0,0.0,0.0,0.0,True,80889
User Activity,1491,1000,11,0,0.0,0.0,0.0,True,80889
Random Reverse,1491,100,11,0,0.0,0.0,0.0,True,80889
Random Reverse,1491,500,11,0,0.0,0.0,0.0,True,80889
Random Reverse,1491,1000,11,1,0.001,0.09090909090909091,0.02267566741241617,True,80889
TF-IDF Reverse,1492,100,67,1,0.01,0.014925373134328358,0.012355406569816372,True,80889
TF-IDF Reverse,1492,500,67,1,0.002,0.014925373134328358,0.012355406569816372,True,80889
TF-IDF Reverse,1492,1000,67,3,0.003,0.04477611940298507,0.02572469105531384,True,80889
User Activity,1492,100,67,0,0.0,0.0,0.0,True,80889
User Activity,1492,500,67,0,0.0,0.0,0.0,True,80889
User Activity,1492,1000,67,0,0.0,0.0,0.0,True,80889
Random Reverse,1492,100,67,0,0.0,0.0,0.0,True,80889
Random Reverse,1492,500,67,1,0.002,0.014925373134328358,0.007950075999346504,True,80889
Random Reverse,1492,1000,67,1,0.001,0.014925373134328358,0.007950075999346504,True,80889
TF-IDF Reverse,1493,100,150,5,0.05,0.03333333333333333,0.05005239195515644,True,80889
TF-IDF Reverse,1493,500,150,14,0.028,0.09333333333333334,0.07630529778050674,True,80889
TF-IDF Reverse,1493,1000,150,15,0.015,0.1,0.08004654726163503,True,80889
User Activity,1493,100,150,0,0.0,0.0,0.0,True,80889
User Activity,1493,500,150,0,0.0,0.0,0.0,True,80889
User Activity,1493,1000,150,2,0.002,0.013333333333333334,0.007763560362569482,True,80889
Random Reverse,1493,100,150,0,0.0,0.0,0.0,True,80889
Random Reverse,1493,500,150,0,0.0,0.0,0.0,True,80889
Random Reverse,1493,1000,150,0,0.0,0.0,0.0,True,80889
TF-IDF Reverse,1494,100,71,7,0.07,0.09859154929577464,0.09427073769618018,True,80889
TF-IDF Reverse,1494,500,71,15,0.03,0.2112676056338028,0.1558962735191353,True,80889
TF-IDF Reverse,1494,1000,71,18,0.018,0.2535211267605634,0.17475541960423135,True,80889
User Activity,1494,100,71,0,0.0,0.0,0.0,True,80889
User Activity,1494,500,71,0,0.0,0.0,0.0,True,80889
User Activity,1494,1000,71,0,0.0,0.0,0.0,True,80889
Random Reverse,1494,100,71,0,0.0,0.0,0.0,True,80889
Random Reverse,1494,500,71,0,0.0,0.0,0.0,True,80889
Random Reverse,1494,1000,71,0,0.0,0.0,0.0,True,80889
TF-IDF Reverse,1495,100,15,1,0.01,0.06666666666666667,0.06077222973772036,True,80889
TF-IDF Reverse,1495,500,15,1,0.002,0.06666666666666667,0.06077222973772036,True,80889
TF-IDF Reverse,1495,1000,15,1,0.001,0.06666666666666667,0.06077222973772036,True,80889
User Activity,1495,100,15,0,0.0,0.0,0.0,True,80889
User Activity,1495,500,15,0,0.0,0.0,0.0,True,80889
User Activity,1495,1000,15,1,0.001,0.06666666666666667,0.01752891705599942,True,80889
Random Reverse,1495,100,15,0,0.0,0.0,0.0,True,80889
Random Reverse,1495,500,15,0,0.0,0.0,0.0,True,80889
Random Reverse,1495,1000,15,1,0.001,0.06666666666666667,0.017195318828494528,True,80889
TF-IDF Reverse,1502,100,5,0,0.0,0.0,0.0,True,80889
TF-IDF Reverse,1502,500,5,0,0.0,0.0,0.0,True,80889
TF-IDF Reverse,1502,1000,5,0,0.0,0.0,0.0,True,80889
User Activity,1502,100,5,0,0.0,0.0,0.0,True,80889
User Activity,1502,500,5,0,0.0,0.0,0.0,True,80889
User Activity,1502,1000,5,1,0.001,0.2,0.03452026763985895,True,80889
Random Reverse,1502,100,5,0,0.0,0.0,0.0,True,80889
Random Reverse,1502,500,5,0,0.0,0.0,0.0,True,80889
Random Reverse,1502,1000,5,0,0.0,0.0,0.0,True,80889
TF-IDF Reverse,1506,100,29,0,0.0,0.0,0.0,True,80889
TF-IDF Reverse,1506,500,29,0,0.0,0.0,0.0,True,80889
TF-IDF Reverse,1506,1000,29,1,0.001,0.034482758620689655,0.011621701819122034,True,80889
User Activity,1506,100,29,0,0.0,0.0,0.0,True,80889
User Activity,1506,500,29,0,0.0,0.0,0.0,True,80889
User Activity,1506,1000,29,0,0.0,0.0,0.0,True,80889
Random Reverse,1506,100,29,0,0.0,0.0,0.0,True,80889
Random Reverse,1506,500,29,0,0.0,0.0,0.0,True,80889
Random Reverse,1506,1000,29,0,0.0,0.0,0.0,True,80889
TF-IDF Reverse,1507,100,6,0,0.0,0.0,0.0,True,80889
TF-IDF Reverse,1507,500,6,0,0.0,0.0,0.0,True,80889
TF-IDF Reverse,1507,1000,6,0,0.0,0.0,0.0,True,80889
User Activity,1507,100,6,0,0.0,0.0,0.0,True,80889
User Activity,1507,500,6,0,0.0,0.0,0.0,True,80889
User Activity,1507,1000,6,0,0.0,0.0,0.0,True,80889
Random Reverse,1507,100,6,0,0.0,0.0,0.0,True,80889
Random Reverse,1507,500,6,0,0.0,0.0,0.0,True,80889
Random Reverse,1507,1000,6,0,0.0,0.0,0.0,True,80889
TF-IDF Reverse,1509,100,23,0,0.0,0.0,0.0,True,80889
TF-IDF Reverse,1509,500,23,0,0.0,0.0,0.0,True,80889
TF-IDF Reverse,1509,1000,23,0,0.0,0.0,0.0,True,80889
User Activity,1509,100,23,0,0.0,0.0,0.0,True,80889
User Activity,1509,500,23,0,0.0,0.0,0.0,True,80889
User Activity,1509,1000,23,0,0.0,0.0,0.0,True,80889
Random Reverse,1509,100,23,0,0.0,0.0,0.0,True,80889
Random Reverse,1509,500,23,0,0.0,0.0,0.0,True,80889
Random Reverse,1509,1000,23,1,0.001,0.043478260869565216,0.014271842197427076,True,80889
TF-IDF Reverse,1510,100,7,0,0.0,0.0,0.0,True,80889
TF-IDF Reverse,1510,500,7,0,0.0,0.0,0.0,True,80889
TF-IDF Reverse,1510,1000,7,0,0.0,0.0,0.0,True,80889
User Activity,1510,100,7,0,0.0,0.0,0.0,True,80889
User Activity,1510,500,7,0,0.0,0.0,0.0,True,80889
User Activity,1510,1000,7,0,0.0,0.0,0.0,True,80889
Random Reverse,1510,100,7,0,0.0,0.0,0.0,True,80889
Random Reverse,1510,500,7,0,0.0,0.0,0.0,True,80889
Random Reverse,1510,1000,7,0,0.0,0.0,0.0,True,80889
TF-IDF Reverse,1511,100,5,0,0.0,0.0,0.0,True,80889
TF-IDF Reverse,1511,500,5,0,0.0,0.0,0.0,True,80889
TF-IDF Reverse,1511,1000,5,0,0.0,0.0,0.0,True,80889
User Activity,1511,100,5,0,0.0,0.0,0.0,True,80889
User Activity,1511,500,5,0,0.0,0.0,0.0,True,80889
User Activity,1511,1000,5,0,0.0,0.0,0.0,True,80889
Random Reverse,1511,100,5,0,0.0,0.0,0.0,True,80889
Random Reverse,1511,500,5,0,0.0,0.0,0.0,True,80889
Random Reverse,1511,1000,5,0,0.0,0.0,0.0,True,80889
TF-IDF Reverse,1512,100,9,1,0.01,0.1111111111111111,0.05750402108673014,True,80889
TF-IDF Reverse,1512,500,9,2,0.004,0.2222222222222222,0.0852091900325697,True,80889
TF-IDF Reverse,1512,1000,9,2,0.002,0.2222222222222222,0.0852091900325697,True,80889
User Activity,1512,100,9,0,0.0,0.0,0.0,True,80889
User Activity,1512,500,9,0,0.0,0.0,0.0,True,80889
User Activity,1512,1000,9,0,0.0,0.0,0.0,True,80889
Random Reverse,1512,100,9,0,0.0,0.0,0.0,True,80889
Random Reverse,1512,500,9,0,0.0,0.0,0.0,True,80889
Random Reverse,1512,1000,9,0,0.0,0.0,0.0,True,80889
TF-IDF Reverse,1513,100,75,36,0.36,0.48,0.5480752752070092,True,80889
TF-IDF Reverse,1513,500,75,54,0.108,0.72,0.6933066733673079,True,80889
TF-IDF Reverse,1513,1000,75,55,0.055,0.7333333333333333,0.6997460435871852,True,80889
User Activity,1513,100,75,0,0.0,0.0,0.0,True,80889
User Activity,1513,500,75,0,0.0,0.0,0.0,True,80889
User Activity,1513,1000,75,0,0.0,0.0,0.0,True,80889
Random Reverse,1513,100,75,0,0.0,0.0,0.0,True,80889
Random Reverse,1513,500,75,0,0.0,0.0,0.0,True,80889
Random Reverse,1513,1000,75,1,0.001,0.013333333333333334,0.005977817111969202,True,80889
TF-IDF Reverse,1515,100,37,0,0.0,0.0,0.0,True,80889
TF-IDF Reverse,1515,500,37,0,0.0,0.0,0.0,True,80889
TF-IDF Reverse,1515,1000,37,0,0.0,0.0,0.0,True,80889
User Activity,1515,100,37,0,0.0,0.0,0.0,True,80889
User Activity,1515,500,37,0,0.0,0.0,0.0,True,80889
User Activity,1515,1000,37,0,0.0,0.0,0.0,True,80889
Random Reverse,1515,100,37,0,0.0,0.0,0.0,True,80889
Random Reverse,1515,500,37,0,0.0,0.0,0.0,True,80889
Random Reverse,1515,1000,37,1,0.001,0.02702702702702703,0.009747864106134495,True,80889
TF-IDF Reverse,1517,100,13,0,0.0,0.0,0.0,True,80889
TF-IDF Reverse,1517,500,13,0,0.0,0.0,0.0,True,80889
TF-IDF Reverse,1517,1000,13,0,0.0,0.0,0.0,True,80889
User Activity,1517,100,13,0,0.0,0.0,0.0,True,80889
User Activity,1517,500,13,0,0.0,0.0,0.0,True,80889
User Activity,1517,1000,13,0,0.0,0.0,0.0,True,80889
Random Reverse,1517,100,13,0,0.0,0.0,0.0,True,80889
Random Reverse,1517,500,13,0,0.0,0.0,0.0,True,80889
Random Reverse,1517,1000,13,0,0.0,0.0,0.0,True,80889
TF-IDF Reverse,1518,100,32,0,0.0,0.0,0.0,True,80889
TF-IDF Reverse,1518,500,32,0,0.0,0.0,0.0,True,80889
TF-IDF Reverse,1518,1000,32,0,0.0,0.0,0.0,True,80889
User Activity,1518,100,32,0,0.0,0.0,0.0,True,80889
User Activity,1518,500,32,0,0.0,0.0,0.0,True,80889
User Activity,1518,1000,32,0,0.0,0.0,0.0,True,80889
Random Reverse,1518,100,32,0,0.0,0.0,0.0,True,80889
Random Reverse,1518,500,32,0,0.0,0.0,0.0,True,80889
Random Reverse,1518,1000,32,1,0.001,0.03125,0.010641650117411106,True,80889
TF-IDF Reverse,1520,100,7,0,0.0,0.0,0.0,True,80889
TF-IDF Reverse,1520,500,7,0,0.0,0.0,0.0,True,80889
TF-IDF Reverse,1520,1000,7,0,0.0,0.0,0.0,True,80889
User Activity,1520,100,7,0,0.0,0.0,0.0,True,80889
User Activity,1520,500,7,0,0.0,0.0,0.0,True,80889
User Activity,1520,1000,7,0,0.0,0.0,0.0,True,80889
Random Reverse,1520,100,7,0,0.0,0.0,0.0,True,80889
Random Reverse,1520,500,7,0,0.0,0.0,0.0,True,80889
Random Reverse,1520,1000,7,0,0.0,0.0,0.0,True,80889
TF-IDF Reverse,1521,100,7,2,0.02,0.2857142857142857,0.09380287165208122,True,80889
TF-IDF Reverse,1521,500,7,2,0.004,0.2857142857142857,0.09380287165208122,True,80889
TF-IDF Reverse,1521,1000,7,2,0.002,0.2857142857142857,0.09380287165208122,True,80889
User Activity,1521,100,7,0,0.0,0.0,0.0,True,80889
User Activity,1521,500,7,0,0.0,0.0,0.0,True,80889
User Activity,1521,1000,7,0,0.0,0.0,0.0,True,80889
Random Reverse,1521,100,7,0,0.0,0.0,0.0,True,80889
Random Reverse,1521,500,7,0,0.0,0.0,0.0,True,80889
Random Reverse,1521,1000,7,0,0.0,0.0,0.0,True,80889
TF-IDF Reverse,1523,100,7,0,0.0,0.0,0.0,True,80889
TF-IDF Reverse,1523,500,7,1,0.002,0.14285714285714285,0.03541512832708821,True,80889
TF-IDF Reverse,1523,1000,7,1,0.001,0.14285714285714285,0.03541512832708821,True,80889
User Activity,1523,100,7,0,0.0,0.0,0.0,True,80889
User Activity,1523,500,7,0,0.0,0.0,0.0,True,80889
User Activity,1523,1000,7,0,0.0,0.0,0.0,True,80889
Random Reverse,1523,100,7,0,0.0,0.0,0.0,True,80889
Random Reverse,1523,500,7,0,0.0,0.0,0.0,True,80889
Random Reverse,1523,1000,7,0,0.0,0.0,0.0,True,80889
TF-IDF Reverse,1525,100,15,0,0.0,0.0,0.0,True,80889
TF-IDF Reverse,1525,500,15,0,0.0,0.0,0.0,True,80889
TF-IDF Reverse,1525,1000,15,0,0.0,0.0,0.0,True,80889
User Activity,1525,100,15,0,0.0,0.0,0.0,True,80889
User Activity,1525,500,15,0,0.0,0.0,0.0,True,80889
User Activity,1525,1000,15,0,0.0,0.0,0.0,True,80889
Random Reverse,1525,100,15,0,0.0,0.0,0.0,True,80889
Random Reverse,1525,500,15,0,0.0,0.0,0.0,True,80889
Random Reverse,1525,1000,15,0,0.0,0.0,0.0,True,80889
TF-IDF Reverse,1526,100,12,0,0.0,0.0,0.0,True,80889
TF-IDF Reverse,1526,500,12,0,0.0,0.0,0.0,True,80889
TF-IDF Reverse,1526,1000,12,0,0.0,0.0,0.0,True,80889
User Activity,1526,100,12,0,0.0,0.0,0.0,True,80889
User Activity,1526,500,12,0,0.0,0.0,0.0,True,80889
User Activity,1526,1000,12,0,0.0,0.0,0.0,True,80889
Random Reverse,1526,100,12,0,0.0,0.0,0.0,True,80889
Random Reverse,1526,500,12,0,0.0,0.0,0.0,True,80889
Random Reverse,1526,1000,12,0,0.0,0.0,0.0,True,80889
TF-IDF Reverse,1527,100,47,0,0.0,0.0,0.0,True,80889
TF-IDF Reverse,1527,500,47,1,0.002,0.02127659574468085,0.011113868109241035,True,80889
TF-IDF Reverse,1527,1000,47,1,0.001,0.02127659574468085,0.011113868109241035,True,80889
User Activity,1527,100,47,0,0.0,0.0,0.0,True,80889
User Activity,1527,500,47,0,0.0,0.0,0.0,True,80889
User Activity,1527,1000,47,0,0.0,0.0,0.0,True,80889
Random Reverse,1527,100,47,0,0.0,0.0,0.0,True,80889
Random Reverse,1527,500,47,0,0.0,0.0,0.0,True,80889
Random Reverse,1527,1000,47,0,0.0,0.0,0.0,True,80889
TF-IDF Reverse,1528,100,8,0,0.0,0.0,0.0,True,80889
TF-IDF Reverse,1528,500,8,0,0.0,0.0,0.0,True,80889
TF-IDF Reverse,1528,1000,8,0,0.0,0.0,0.0,True,80889
User Activity,1528,100,8,0,0.0,0.0,0.0,True,80889
User Activity,1528,500,8,0,0.0,0.0,0.0,True,80889
User Activity,1528,1000,8,0,0.0,0.0,0.0,True,80889
Random Reverse,1528,100,8,0,0.0,0.0,0.0,True,80889
Random Reverse,1528,500,8,0,0.0,0.0,0.0,True,80889
Random Reverse,1528,1000,8,0,0.0,0.0,0.0,True,80889
TF-IDF Reverse,1530,100,41,0,0.0,0.0,0.0,True,80889
TF-IDF Reverse,1530,500,41,0,0.0,0.0,0.0,True,80889
TF-IDF Reverse,1530,1000,41,0,0.0,0.0,0.0,True,80889
User Activity,1530,100,41,0,0.0,0.0,0.0,True,80889
User Activity,1530,500,41,0,0.0,0.0,0.0,True,80889
User Activity,1530,1000,41,0,0.0,0.0,0.0,True,80889
Random Reverse,1530,100,41,0,0.0,0.0,0.0,True,80889
Random Reverse,1530,500,41,0,0.0,0.0,0.0,True,80889
Random Reverse,1530,1000,41,1,0.001,0.024390243902439025,0.009058668701277205,True,80889
TF-IDF Reverse,1533,100,6,1,0.01,0.16666666666666666,0.05725248542464807,True,80889
TF-IDF Reverse,1533,500,6,1,0.002,0.16666666666666666,0.05725248542464807,True,80889
TF-IDF Reverse,1533,1000,6,1,0.001,0.16666666666666666,0.05725248542464807,True,80889
User Activity,1533,100,6,0,0.0,0.0,0.0,True,80889
User Activity,1533,500,6,0,0.0,0.0,0.0,True,80889
User Activity,1533,1000,6,0,0.0,0.0,0.0,True,80889
Random Reverse,1533,100,6,0,0.0,0.0,0.0,True,80889
Random Reverse,1533,500,6,0,0.0,0.0,0.0,True,80889
Random Reverse,1533,1000,6,0,0.0,0.0,0.0,True,80889
TF-IDF Reverse,1534,100,5,0,0.0,0.0,0.0,True,80889
TF-IDF Reverse,1534,500,5,0,0.0,0.0,0.0,True,80889
TF-IDF Reverse,1534,1000,5,0,0.0,0.0,0.0,True,80889
User Activity,1534,100,5,0,0.0,0.0,0.0,True,80889
User Activity,1534,500,5,0,0.0,0.0,0.0,True,80889
User Activity,1534,1000,5,0,0.0,0.0,0.0,True,80889
Random Reverse,1534,100,5,0,0.0,0.0,0.0,True,80889
Random Reverse,1534,500,5,0,0.0,0.0,0.0,True,80889
Random Reverse,1534,1000,5,0,0.0,0.0,0.0,True,80889
TF-IDF Reverse,1535,100,24,2,0.02,0.08333333333333333,0.09927217828979328,True,80889
TF-IDF Reverse,1535,500,24,3,0.006,0.125,0.11375748989590402,True,80889
TF-IDF Reverse,1535,1000,24,3,0.003,0.125,0.11375748989590402,True,80889
User Activity,1535,100,24,0,0.0,0.0,0.0,True,80889
User Activity,1535,500,24,0,0.0,0.0,0.0,True,80889
User Activity,1535,1000,24,0,0.0,0.0,0.0,True,80889
Random Reverse,1535,100,24,0,0.0,0.0,0.0,True,80889
Random Reverse,1535,500,24,1,0.002,0.041666666666666664,0.01538205454678128,True,80889
Random Reverse,1535,1000,24,2,0.002,0.08333333333333333,0.02838364099937423,True,80889
TF-IDF Reverse,1536,100,147,60,0.6,0.40816326530612246,0.6242279166165395,True,80889
TF-IDF Reverse,1536,500,147,84,0.168,0.5714285714285714,0.5937210680195133,True,80889
TF-IDF Reverse,1536,1000,147,86,0.086,0.5850340136054422,0.601254864814633,True,80889
User Activity,1536,100,147,0,0.0,0.0,0.0,True,80889
User Activity,1536,500,147,0,0.0,0.0,0.0,True,80889
User Activity,1536,1000,147,0,0.0,0.0,0.0,True,80889
Random Reverse,1536,100,147,0,0.0,0.0,0.0,True,80889
Random Reverse,1536,500,147,0,0.0,0.0,0.0,True,80889
Random Reverse,1536,1000,147,1,0.001,0.006802721088435374,0.003792582692625731,True,80889
TF-IDF Reverse,1538,100,28,1,0.01,0.03571428571428571,0.01918113169595422,True,80889
TF-IDF Reverse,1538,500,28,1,0.002,0.03571428571428571,0.01918113169595422,True,80889
TF-IDF Reverse,1538,1000,28,1,0.001,0.03571428571428571,0.01918113169595422,True,80889
User Activity,1538,100,28,0,0.0,0.0,0.0,True,80889
User Activity,1538,500,28,0,0.0,0.0,0.0,True,80889
User Activity,1538,1000,28,0,0.0,0.0,0.0,True,80889
Random Reverse,1538,100,28,0,0.0,0.0,0.0,True,80889
Random Reverse,1538,500,28,0,0.0,0.0,0.0,True,80889
Random Reverse,1538,1000,28,0,0.0,0.0,0.0,True,80889
TF-IDF Reverse,1539,100,68,0,0.0,0.0,0.0,True,80889
TF-IDF Reverse,1539,500,68,0,0.0,0.0,0.0,True,80889
TF-IDF Reverse,1539,1000,68,0,0.0,0.0,0.0,True,80889
User Activity,1539,100,68,0,0.0,0.0,0.0,True,80889
User Activity,1539,500,68,0,0.0,0.0,0.0,True,80889
User Activity,1539,1000,68,0,0.0,0.0,0.0,True,80889
Random Reverse,1539,100,68,0,0.0,0.0,0.0,True,80889
Random Reverse,1539,500,68,0,0.0,0.0,0.0,True,80889
Random Reverse,1539,1000,68,0,0.0,0.0,0.0,True,80889
TF-IDF Reverse,1540,100,108,0,0.0,0.0,0.0,True,80889
TF-IDF Reverse,1540,500,108,1,0.002,0.009259259259259259,0.005250117037349034,True,80889
TF-IDF Reverse,1540,1000,108,1,0.001,0.009259259259259259,0.005250117037349034,True,80889
User Activity,1540,100,108,0,0.0,0.0,0.0,True,80889
User Activity,1540,500,108,0,0.0,0.0,0.0,True,80889
User Activity,1540,1000,108,0,0.0,0.0,0.0,True,80889
Random Reverse,1540,100,108,1,0.01,0.009259259259259259,0.00784539051921516,True,80889
Random Reverse,1540,500,108,3,0.006,0.027777777777777776,0.018871023832132586,True,80889
Random Reverse,1540,1000,108,3,0.003,0.027777777777777776,0.018871023832132586,True,80889
TF-IDF Reverse,1542,100,128,5,0.05,0.0390625,0.05198302364942038,True,80889
TF-IDF Reverse,1542,500,128,13,0.026,0.1015625,0.08274728553316583,True,80889
TF-IDF Reverse,1542,1000,128,13,0.013,0.1015625,0.08274728553316583,True,80889
User Activity,1542,100,128,0,0.0,0.0,0.0,True,80889
User Activity,1542,500,128,0,0.0,0.0,0.0,True,80889
User Activity,1542,1000,128,0,0.0,0.0,0.0,True,80889
Random Reverse,1542,100,128,0,0.0,0.0,0.0,True,80889
Random Reverse,1542,500,128,1,0.002,0.0078125,0.004487355732866797,True,80889
Random Reverse,1542,1000,128,2,0.002,0.015625,0.008904996618253927,True,80889
TF-IDF Reverse,1543,100,104,0,0.0,0.0,0.0,True,80889
TF-IDF Reverse,1543,500,104,1,0.002,0.009615384615384616,0.005923213779435244,True,80889
TF-IDF Reverse,1543,1000,104,24,0.024,0.23076923076923078,0.11578361985012985,True,80889
User Activity,1543,100,104,0,0.0,0.0,0.0,True,80889
User Activity,1543,500,104,0,0.0,0.0,0.0,True,80889
User Activity,1543,1000,104,1,0.001,0.009615384615384616,0.005043250535159528,True,80889
Random Reverse,1543,100,104,0,0.0,0.0,0.0,True,80889
Random Reverse,1543,500,104,0,0.0,0.0,0.0,True,80889
Random Reverse,1543,1000,104,1,0.001,0.009615384615384616,0.004730663948422831,True,80889
TF-IDF Reverse,1544,100,8,1,0.01,0.125,0.04605780568615433,True,80889
TF-IDF Reverse,1544,500,8,1,0.002,0.125,0.04605780568615433,True,80889
TF-IDF Reverse,1544,1000,8,1,0.001,0.125,0.04605780568615433,True,80889
User Activity,1544,100,8,0,0.0,0.0,0.0,True,80889
User Activity,1544,500,8,0,0.0,0.0,0.0,True,80889
User Activity,1544,1000,8,0,0.0,0.0,0.0,True,80889
Random Reverse,1544,100,8,0,0.0,0.0,0.0,True,80889
Random Reverse,1544,500,8,0,0.0,0.0,0.0,True,80889
Random Reverse,1544,1000,8,0,0.0,0.0,0.0,True,80889
TF-IDF Reverse,1545,100,9,0,0.0,0.0,0.0,True,80889
TF-IDF Reverse,1545,500,9,0,0.0,0.0,0.0,True,80889
TF-IDF Reverse,1545,1000,9,0,0.0,0.0,0.0,True,80889
User Activity,1545,100,9,0,0.0,0.0,0.0,True,80889
User Activity,1545,500,9,0,0.0,0.0,0.0,True,80889
User Activity,1545,1000,9,0,0.0,0.0,0.0,True,80889
Random Reverse,1545,100,9,0,0.0,0.0,0.0,True,80889
Random Reverse,1545,500,9,0,0.0,0.0,0.0,True,80889
Random Reverse,1545,1000,9,0,0.0,0.0,0.0,True,80889
TF-IDF Reverse,1546,100,359,1,0.01,0.002785515320334262,0.008337846804903295,True,80889
TF-IDF Reverse,1546,500,359,9,0.018,0.025069637883008356,0.02099847933586392,True,80889
TF-IDF Reverse,1546,1000,359,16,0.016,0.04456824512534819,0.03469326168526973,True,80889
User Activity,1546,100,359,0,0.0,0.0,0.0,True,80889
User Activity,1546,500,359,0,0.0,0.0,0.0,True,80889
User Activity,1546,1000,359,0,0.0,0.0,0.0,True,80889
Random Reverse,1546,100,359,0,0.0,0.0,0.0,True,80889
Random Reverse,1546,500,359,1,0.002,0.002785515320334262,0.0021159072745190613,True,80889
Random Reverse,1546,1000,359,3,0.003,0.008356545961002786,0.005980539491975212,True,80889
TF-IDF Reverse,1547,100,173,1,0.01,0.005780346820809248,0.0071728756865922965,True,80889
TF-IDF Reverse,1547,500,173,3,0.006,0.017341040462427744,0.012547589840610555,True,80889
TF-IDF Reverse,1547,1000,173,3,0.003,0.017341040462427744,0.012547589840610555,True,80889
User Activity,1547,100,173,0,0.0,0.0,0.0,True,80889
User Activity,1547,500,173,0,0.0,0.0,0.0,True,80889
User Activity,1547,1000,173,1,0.001,0.005780346820809248,0.0033036818142627307,True,80889
Random Reverse,1547,100,173,0,0.0,0.0,0.0,True,80889
Random Reverse,1547,500,173,1,0.002,0.005780346820809248,0.003896475884076487,True,80889
Random Reverse,1547,1000,173,2,0.002,0.011560693641618497,0.007302695162597945,True,80889
TF-IDF Reverse,1549,100,6,0,0.0,0.0,0.0,True,80889
TF-IDF Reverse,1549,500,6,1,0.002,0.16666666666666666,0.03391703748509532,True,80889
TF-IDF Reverse,1549,1000,6,1,0.001,0.16666666666666666,0.03391703748509532,True,80889
User Activity,1549,100,6,0,0.0,0.0,0.0,True,80889
User Activity,1549,500,6,0,0.0,0.0,0.0,True,80889
User Activity,1549,1000,6,0,0.0,0.0,0.0,True,80889
Random Reverse,1549,100,6,0,0.0,0.0,0.0,True,80889
Random Reverse,1549,500,6,0,0.0,0.0,0.0,True,80889
Random Reverse,1549,1000,6,0,0.0,0.0,0.0,True,80889
TF-IDF Reverse,1550,100,82,6,0.06,0.07317073170731707,0.08367340116573944,True,80889
TF-IDF Reverse,1550,500,82,16,0.032,0.1951219512195122,0.1534471418510471,True,80889
TF-IDF Reverse,1550,1000,82,25,0.025,0.3048780487804878,0.20579212665587968,True,80889
User Activity,1550,100,82,1,0.01,0.012195121951219513,0.008803141284393589,True,80889
User Activity,1550,500,82,10,0.02,0.12195121951219512,0.07177106615147161,True,80889
User Activity,1550,1000,82,18,0.018,0.21951219512195122,0.11723515750895964,True,80889
Random Reverse,1550,100,82,0,0.0,0.0,0.0,True,80889
Random Reverse,1550,500,82,0,0.0,0.0,0.0,True,80889
Random Reverse,1550,1000,82,1,0.001,0.012195121951219513,0.00588191063674503,True,80889
TF-IDF Reverse,1552,100,11,0,0.0,0.0,0.0,True,80889
TF-IDF Reverse,1552,500,11,0,0.0,0.0,0.0,True,80889
TF-IDF Reverse,1552,1000,11,0,0.0,0.0,0.0,True,80889
User Activity,1552,100,11,0,0.0,0.0,0.0,True,80889
User Activity,1552,500,11,0,0.0,0.0,0.0,True,80889
User Activity,1552,1000,11,0,0.0,0.0,0.0,True,80889
Random Reverse,1552,100,11,0,0.0,0.0,0.0,True,80889
Random Reverse,1552,500,11,0,0.0,0.0,0.0,True,80889
Random Reverse,1552,1000,11,0,0.0,0.0,0.0,True,80889
TF-IDF Reverse,1554,100,40,0,0.0,0.0,0.0,True,80889
TF-IDF Reverse,1554,500,40,0,0.0,0.0,0.0,True,80889
TF-IDF Reverse,1554,1000,40,1,0.001,0.025,0.009130440499555137,True,80889
User Activity,1554,100,40,1,0.01,0.025,0.015084274248975757,True,80889
User Activity,1554,500,40,1,0.002,0.025,0.015084274248975757,True,80889
User Activity,1554,1000,40,1,0.001,0.025,0.015084274248975757,True,80889
Random Reverse,1554,100,40,0,0.0,0.0,0.0,True,80889
Random Reverse,1554,500,40,0,0.0,0.0,0.0,True,80889
Random Reverse,1554,1000,40,0,0.0,0.0,0.0,True,80889
TF-IDF Reverse,1555,100,59,0,0.0,0.0,0.0,True,80889
TF-IDF Reverse,1555,500,59,0,0.0,0.0,0.0,True,80889
TF-IDF Reverse,1555,1000,59,1,0.001,0.01694915254237288,0.007176924148205309,True,80889
User Activity,1555,100,59,0,0.0,0.0,0.0,True,80889
User Activity,1555,500,59,0,0.0,0.0,0.0,True,80889
User Activity,1555,1000,59,0,0.0,0.0,0.0,True,80889
Random Reverse,1555,100,59,0,0.0,0.0,0.0,True,80889
Random Reverse,1555,500,59,1,0.002,0.01694915254237288,0.00864557461381109,True,80889
Random Reverse,1555,1000,59,1,0.001,0.01694915254237288,0.00864557461381109,True,80889
TF-IDF Reverse,1556,100,17,0,0.0,0.0,0.0,True,80889
TF-IDF Reverse,1556,500,17,0,0.0,0.0,0.0,True,80889
TF-IDF Reverse,1556,1000,17,1,0.001,0.058823529411764705,0.017088627880209827,True,80889
User Activity,1556,100,17,0,0.0,0.0,0.0,True,80889
User Activity,1556,500,17,0,0.0,0.0,0.0,True,80889
User Activity,1556,1000,17,0,0.0,0.0,0.0,True,80889
Random Reverse,1556,100,17,0,0.0,0.0,0.0,True,80889
Random Reverse,1556,500,17,0,0.0,0.0,0.0,True,80889
Random Reverse,1556,1000,17,0,0.0,0.0,0.0,True,80889
TF-IDF Reverse,1557,100,9,0,0.0,0.0,0.0,True,80889
TF-IDF Reverse,1557,500,9,0,0.0,0.0,0.0,True,80889
TF-IDF Reverse,1557,1000,9,0,0.0,0.0,0.0,True,80889
User Activity,1557,100,9,0,0.0,0.0,0.0,True,80889
User Activity,1557,500,9,0,0.0,0.0,0.0,True,80889
User Activity,1557,1000,9,0,0.0,0.0,0.0,True,80889
Random Reverse,1557,100,9,0,0.0,0.0,0.0,True,80889
Random Reverse,1557,500,9,0,0.0,0.0,0.0,True,80889
Random Reverse,1557,1000,9,0,0.0,0.0,0.0,True,80889
TF-IDF Reverse,1559,100,8,0,0.0,0.0,0.0,True,80889
TF-IDF Reverse,1559,500,8,0,0.0,0.0,0.0,True,80889
TF-IDF Reverse,1559,1000,8,0,0.0,0.0,0.0,True,80889
User Activity,1559,100,8,0,0.0,0.0,0.0,True,80889
User Activity,1559,500,8,0,0.0,0.0,0.0,True,80889
User Activity,1559,1000,8,0,0.0,0.0,0.0,True,80889
Random Reverse,1559,100,8,0,0.0,0.0,0.0,True,80889
Random Reverse,1559,500,8,0,0.0,0.0,0.0,True,80889
Random Reverse,1559,1000,8,0,0.0,0.0,0.0,True,80889
TF-IDF Reverse,1560,100,13,0,0.0,0.0,0.0,True,80889
TF-IDF Reverse,1560,500,13,0,0.0,0.0,0.0,True,80889
TF-IDF Reverse,1560,1000,13,0,0.0,0.0,0.0,True,80889
User Activity,1560,100,13,0,0.0,0.0,0.0,True,80889
User Activity,1560,500,13,0,0.0,0.0,0.0,True,80889
User Activity,1560,1000,13,1,0.001,0.07692307692307693,0.019566922592568047,True,80889
Random Reverse,1560,100,13,0,0.0,0.0,0.0,True,80889
Random Reverse,1560,500,13,0,0.0,0.0,0.0,True,80889
Random Reverse,1560,1000,13,0,0.0,0.0,0.0,True,80889
TF-IDF Reverse,1561,100,6,0,0.0,0.0,0.0,True,80889
TF-IDF Reverse,1561,500,6,0,0.0,0.0,0.0,True,80889
TF-IDF Reverse,1561,1000,6,0,0.0,0.0,0.0,True,80889
User Activity,1561,100,6,0,0.0,0.0,0.0,True,80889
User Activity,1561,500,6,0,0.0,0.0,0.0,True,80889
User Activity,1561,1000,6,0,0.0,0.0,0.0,True,80889
Random Reverse,1561,100,6,0,0.0,0.0,0.0,True,80889
Random Reverse,1561,500,6,0,0.0,0.0,0.0,True,80889
Random Reverse,1561,1000,6,0,0.0,0.0,0.0,True,80889
TF-IDF Reverse,1563,100,259,0,0.0,0.0,0.0,True,80889
TF-IDF Reverse,1563,500,259,4,0.008,0.015444015444015444,0.011003543642929135,True,80889
TF-IDF Reverse,1563,1000,259,13,0.013,0.05019305019305019,0.03358896470068437,True,80889
User Activity,1563,100,259,0,0.0,0.0,0.0,True,80889
User Activity,1563,500,259,0,0.0,0.0,0.0,True,80889
User Activity,1563,1000,259,0,0.0,0.0,0.0,True,80889
Random Reverse,1563,100,259,0,0.0,0.0,0.0,True,80889
Random Reverse,1563,500,259,1,0.002,0.003861003861003861,0.0029073585781775493,True,80889
Random Reverse,1563,1000,259,2,0.002,0.007722007722007722,0.0052900880715630386,True,80889
TF-IDF Reverse,1565,100,38,5,0.05,0.13157894736842105,0.07525851736615663,True,80889
TF-IDF Reverse,1565,500,38,20,0.04,0.5263157894736842,0.2645883132282236,True,80889
TF-IDF Reverse,1565,1000,38,21,0.021,0.5526315789473685,0.27432953448497277,True,80889
User Activity,1565,100,38,0,0.0,0.0,0.0,True,80889
User Activity,1565,500,38,0,0.0,0.0,0.0,True,80889
User Activity,1565,1000,38,0,0.0,0.0,0.0,True,80889
Random Reverse,1565,100,38,0,0.0,0.0,0.0,True,80889
Random Reverse,1565,500,38,0,0.0,0.0,0.0,True,80889
Random Reverse,1565,1000,38,0,0.0,0.0,0.0,True,80889
TF-IDF Reverse,1567,100,5,1,0.01,0.2,0.053057472406647495,True,80889
TF-IDF Reverse,1567,500,5,2,0.004,0.4,0.09207061028005788,True,80889
TF-IDF Reverse,1567,1000,5,2,0.002,0.4,0.09207061028005788,True,80889
User Activity,1567,100,5,0,0.0,0.0,0.0,True,80889
User Activity,1567,500,5,0,0.0,0.0,0.0,True,80889
User Activity,1567,1000,5,0,0.0,0.0,0.0,True,80889
Random Reverse,1567,100,5,0,0.0,0.0,0.0,True,80889
Random Reverse,1567,500,5,0,0.0,0.0,0.0,True,80889
Random Reverse,1567,1000,5,0,0.0,0.0,0.0,True,80889
TF-IDF Reverse,1568,100,29,5,0.05,0.1724137931034483,0.13517513543433865,True,80889
TF-IDF Reverse,1568,500,29,6,0.012,0.20689655172413793,0.15036286308207236,True,80889
TF-IDF Reverse,1568,1000,29,6,0.006,0.20689655172413793,0.15036286308207236,True,80889
User Activity,1568,100,29,0,0.0,0.0,0.0,True,80889
User Activity,1568,500,29,0,0.0,0.0,0.0,True,80889
User Activity,1568,1000,29,0,0.0,0.0,0.0,True,80889
Random Reverse,1568,100,29,0,0.0,0.0,0.0,True,80889
Random Reverse,1568,500,29,1,0.002,0.034482758620689655,0.012817948596203322,True,80889
Random Reverse,1568,1000,29,1,0.001,0.034482758620689655,0.012817948596203322,True,80889
TF-IDF Reverse,1571,100,5,0,0.0,0.0,0.0,True,80889
TF-IDF Reverse,1571,500,5,0,0.0,0.0,0.0,True,80889
TF-IDF Reverse,1571,1000,5,0,0.0,0.0,0.0,True,80889
User Activity,1571,100,5,0,0.0,0.0,0.0,True,80889
User Activity,1571,500,5,0,0.0,0.0,0.0,True,80889
User Activity,1571,1000,5,0,0.0,0.0,0.0,True,80889
Random Reverse,1571,100,5,0,0.0,0.0,0.0,True,80889
Random Reverse,1571,500,5,0,0.0,0.0,0.0,True,80889
Random Reverse,1571,1000,5,0,0.0,0.0,0.0,True,80889
TF-IDF Reverse,1572,100,5,0,0.0,0.0,0.0,True,80889
TF-IDF Reverse,1572,500,5,0,0.0,0.0,0.0,True,80889
TF-IDF Reverse,1572,1000,5,0,0.0,0.0,0.0,True,80889
User Activity,1572,100,5,0,0.0,0.0,0.0,True,80889
User Activity,1572,500,5,0,0.0,0.0,0.0,True,80889
User Activity,1572,1000,5,0,0.0,0.0,0.0,True,80889
Random Reverse,1572,100,5,0,0.0,0.0,0.0,True,80889
Random Reverse,1572,500,5,0,0.0,0.0,0.0,True,80889
Random Reverse,1572,1000,5,0,0.0,0.0,0.0,True,80889
TF-IDF Reverse,1575,100,8,0,0.0,0.0,0.0,True,80889
TF-IDF Reverse,1575,500,8,1,0.002,0.125,0.03675080938435562,True,80889
TF-IDF Reverse,1575,1000,8,1,0.001,0.125,0.03675080938435562,True,80889
User Activity,1575,100,8,0,0.0,0.0,0.0,True,80889
User Activity,1575,500,8,1,0.002,0.125,0.0302176739465816,True,80889
User Activity,1575,1000,8,1,0.001,0.125,0.0302176739465816,True,80889
Random Reverse,1575,100,8,0,0.0,0.0,0.0,True,80889
Random Reverse,1575,500,8,0,0.0,0.0,0.0,True,80889
Random Reverse,1575,1000,8,0,0.0,0.0,0.0,True,80889
TF-IDF Reverse,1577,100,9,0,0.0,0.0,0.0,True,80889
TF-IDF Reverse,1577,500,9,0,0.0,0.0,0.0,True,80889
TF-IDF Reverse,1577,1000,9,0,0.0,0.0,0.0,True,80889
User Activity,1577,100,9,0,0.0,0.0,0.0,True,80889
User Activity,1577,500,9,0,0.0,0.0,0.0,True,80889
User Activity,1577,1000,9,0,0.0,0.0,0.0,True,80889
Random Reverse,1577,100,9,0,0.0,0.0,0.0,True,80889
Random Reverse,1577,500,9,0,0.0,0.0,0.0,True,80889
Random Reverse,1577,1000,9,0,0.0,0.0,0.0,True,80889
TF-IDF Reverse,1579,100,11,0,0.0,0.0,0.0,True,80889
TF-IDF Reverse,1579,500,11,0,0.0,0.0,0.0,True,80889
TF-IDF Reverse,1579,1000,11,0,0.0,0.0,0.0,True,80889
User Activity,1579,100,11,0,0.0,0.0,0.0,True,80889
User Activity,1579,500,11,0,0.0,0.0,0.0,True,80889
User Activity,1579,1000,11,0,0.0,0.0,0.0,True,80889
Random Reverse,1579,100,11,0,0.0,0.0,0.0,True,80889
Random Reverse,1579,500,11,0,0.0,0.0,0.0,True,80889
Random Reverse,1579,1000,11,0,0.0,0.0,0.0,True,80889
TF-IDF Reverse,1581,100,54,6,0.06,0.1111111111111111,0.09413056041740323,True,80889
TF-IDF Reverse,1581,500,54,9,0.018,0.16666666666666666,0.12510949684013856,True,80889
TF-IDF Reverse,1581,1000,54,9,0.009,0.16666666666666666,0.12510949684013856,True,80889
User Activity,1581,100,54,0,0.0,0.0,0.0,True,80889
User Activity,1581,500,54,0,0.0,0.0,0.0,True,80889
User Activity,1581,1000,54,0,0.0,0.0,0.0,True,80889
Random Reverse,1581,100,54,0,0.0,0.0,0.0,True,80889
Random Reverse,1581,500,54,0,0.0,0.0,0.0,True,80889
Random Reverse,1581,1000,54,1,0.001,0.018518518518518517,0.007665468321134211,True,80889
TF-IDF Reverse,1582,100,51,14,0.14,0.27450980392156865,0.23803452808194547,True,80889
TF-IDF Reverse,1582,500,51,18,0.036,0.35294117647058826,0.28258406106055856,True,80889
TF-IDF Reverse,1582,1000,51,19,0.019,0.37254901960784315,0.2903484298907954,True,80889
User Activity,1582,100,51,0,0.0,0.0,0.0,True,80889
User Activity,1582,500,51,0,0.0,0.0,0.0,True,80889
User Activity,1582,1000,51,0,0.0,0.0,0.0,True,80889
Random Reverse,1582,100,51,0,0.0,0.0,0.0,True,80889
Random Reverse,1582,500,51,0,0.0,0.0,0.0,True,80889
Random Reverse,1582,1000,51,1,0.001,0.0196078431372549,0.007917032704169241,True,80889
TF-IDF Reverse,1583,100,18,0,0.0,0.0,0.0,True,80889
TF-IDF Reverse,1583,500,18,0,0.0,0.0,0.0,True,80889
TF-IDF Reverse,1583,1000,18,2,0.002,0.1111111111111111,0.03151622626818263,True,80889
User Activity,1583,100,18,0,0.0,0.0,0.0,True,80889
User Activity,1583,500,18,0,0.0,0.0,0.0,True,80889
User Activity,1583,1000,18,0,0.0,0.0,0.0,True,80889
Random Reverse,1583,100,18,0,0.0,0.0,0.0,True,80889
Random Reverse,1583,500,18,0,0.0,0.0,0.0,True,80889
Random Reverse,1583,1000,18,0,0.0,0.0,0.0,True,80889
TF-IDF Reverse,1585,100,55,1,0.01,0.01818181818181818,0.025874604685715265,True,80889
TF-IDF Reverse,1585,500,55,1,0.002,0.01818181818181818,0.025874604685715265,True,80889
TF-IDF Reverse,1585,1000,55,1,0.001,0.01818181818181818,0.025874604685715265,True,80889
User Activity,1585,100,55,0,0.0,0.0,0.0,True,80889
User Activity,1585,500,55,0,0.0,0.0,0.0,True,80889
User Activity,1585,1000,55,0,0.0,0.0,0.0,True,80889
Random Reverse,1585,100,55,0,0.0,0.0,0.0,True,80889
Random Reverse,1585,500,55,0,0.0,0.0,0.0,True,80889
Random Reverse,1585,1000,55,0,0.0,0.0,0.0,True,80889
TF-IDF Reverse,1587,100,45,0,0.0,0.0,0.0,True,80889
TF-IDF Reverse,1587,500,45,2,0.004,0.044444444444444446,0.024289526107511308,True,80889
TF-IDF Reverse,1587,1000,45,3,0.003,0.06666666666666667,0.032806974054420596,True,80889
User Activity,1587,100,45,0,0.0,0.0,0.0,True,80889
User Activity,1587,500,45,0,0.0,0.0,0.0,True,80889
User Activity,1587,1000,45,0,0.0,0.0,0.0,True,80889
Random Reverse,1587,100,45,1,0.01,0.022222222222222223,0.023231557639704182,True,80889
Random Reverse,1587,500,45,1,0.002,0.022222222222222223,0.023231557639704182,True,80889
Random Reverse,1587,1000,45,1,0.001,0.022222222222222223,0.023231557639704182,True,80889
TF-IDF Reverse,1588,100,6,0,0.0,0.0,0.0,True,80889
TF-IDF Reverse,1588,500,6,0,0.0,0.0,0.0,True,80889
TF-IDF Reverse,1588,1000,6,0,0.0,0.0,0.0,True,80889
User Activity,1588,100,6,0,0.0,0.0,0.0,True,80889
User Activity,1588,500,6,0,0.0,0.0,0.0,True,80889
User Activity,1588,1000,6,0,0.0,0.0,0.0,True,80889
Random Reverse,1588,100,6,0,0.0,0.0,0.0,True,80889
Random Reverse,1588,500,6,0,0.0,0.0,0.0,True,80889
Random Reverse,1588,1000,6,0,0.0,0.0,0.0,True,80889
TF-IDF Reverse,1589,100,6,0,0.0,0.0,0.0,True,80889
TF-IDF Reverse,1589,500,6,0,0.0,0.0,0.0,True,80889
TF-IDF Reverse,1589,1000,6,0,0.0,0.0,0.0,True,80889
User Activity,1589,100,6,0,0.0,0.0,0.0,True,80889
User Activity,1589,500,6,0,0.0,0.0,0.0,True,80889
User Activity,1589,1000,6,0,0.0,0.0,0.0,True,80889
Random Reverse,1589,100,6,0,0.0,0.0,0.0,True,80889
Random Reverse,1589,500,6,0,0.0,0.0,0.0,True,80889
Random Reverse,1589,1000,6,0,0.0,0.0,0.0,True,80889
TF-IDF Reverse,1591,100,35,0,0.0,0.0,0.0,True,80889
TF-IDF Reverse,1591,500,35,1,0.002,0.02857142857142857,0.01285957720950319,True,80889
TF-IDF Reverse,1591,1000,35,1,0.001,0.02857142857142857,0.01285957720950319,True,80889
User Activity,1591,100,35,0,0.0,0.0,0.0,True,80889
User Activity,1591,500,35,0,0.0,0.0,0.0,True,80889
User Activity,1591,1000,35,1,0.001,0.02857142857142857,0.009915753647628554,True,80889
Random Reverse,1591,100,35,0,0.0,0.0,0.0,True,80889
Random Reverse,1591,500,35,0,0.0,0.0,0.0,True,80889
Random Reverse,1591,1000,35,0,0.0,0.0,0.0,True,80889
TF-IDF Reverse,1592,100,5,0,0.0,0.0,0.0,True,80889
TF-IDF Reverse,1592,500,5,0,0.0,0.0,0.0,True,80889
TF-IDF Reverse,1592,1000,5,0,0.0,0.0,0.0,True,80889
User Activity,1592,100,5,0,0.0,0.0,0.0,True,80889
User Activity,1592,500,5,0,0.0,0.0,0.0,True,80889
User Activity,1592,1000,5,0,0.0,0.0,0.0,True,80889
Random Reverse,1592,100,5,0,0.0,0.0,0.0,True,80889
Random Reverse,1592,500,5,0,0.0,0.0,0.0,True,80889
Random Reverse,1592,1000,5,0,0.0,0.0,0.0,True,80889
TF-IDF Reverse,1598,100,52,1,0.01,0.019230769230769232,0.012156394767975932,True,80889
TF-IDF Reverse,1598,500,52,2,0.004,0.038461538461538464,0.020578289472653135,True,80889
TF-IDF Reverse,1598,1000,52,5,0.005,0.09615384615384616,0.044234922868656795,True,80889
User Activity,1598,100,52,0,0.0,0.0,0.0,True,80889
User Activity,1598,500,52,0,0.0,0.0,0.0,True,80889
User Activity,1598,1000,52,1,0.001,0.019230769230769232,0.007825755694634558,True,80889
Random Reverse,1598,100,52,0,0.0,0.0,0.0,True,80889
Random Reverse,1598,500,52,0,0.0,0.0,0.0,True,80889
Random Reverse,1598,1000,52,1,0.001,0.019230769230769232,0.00818993683533145,True,80889
TF-IDF Reverse,1599,100,18,0,0.0,0.0,0.0,True,80889
TF-IDF Reverse,1599,500,18,0,0.0,0.0,0.0,True,80889
TF-IDF Reverse,1599,1000,18,1,0.001,0.05555555555555555,0.016307908578905093,True,80889
User Activity,1599,100,18,0,0.0,0.0,0.0,True,80889
User Activity,1599,500,18,0,0.0,0.0,0.0,True,80889
User Activity,1599,1000,18,0,0.0,0.0,0.0,True,80889
Random Reverse,1599,100,18,0,0.0,0.0,0.0,True,80889
Random Reverse,1599,500,18,0,0.0,0.0,0.0,True,80889
Random Reverse,1599,1000,18,0,0.0,0.0,0.0,True,80889
TF-IDF Reverse,1600,100,72,1,0.01,0.013888888888888888,0.020089585517736163,True,80889
TF-IDF Reverse,1600,500,72,2,0.004,0.027777777777777776,0.027016678688388612,True,80889
TF-IDF Reverse,1600,1000,72,3,0.003,0.041666666666666664,0.033184495451771844,True,80889
User Activity,1600,100,72,0,0.0,0.0,0.0,True,80889
User Activity,1600,500,72,0,0.0,0.0,0.0,True,80889
User Activity,1600,1000,72,0,0.0,0.0,0.0,True,80889
Random Reverse,1600,100,72,0,0.0,0.0,0.0,True,80889
Random Reverse,1600,500,72,0,0.0,0.0,0.0,True,80889
Random Reverse,1600,1000,72,0,0.0,0.0,0.0,True,80889
TF-IDF Reverse,1602,100,11,9,0.09,0.8181818181818182,0.47620729218383145,True,80889
TF-IDF Reverse,1602,500,11,9,0.018,0.8181818181818182,0.47620729218383145,True,80889
TF-IDF Reverse,1602,1000,11,9,0.009,0.8181818181818182,0.47620729218383145,True,80889
User Activity,1602,100,11,0,0.0,0.0,0.0,True,80889
User Activity,1602,500,11,0,0.0,0.0,0.0,True,80889
User Activity,1602,1000,11,0,0.0,0.0,0.0,True,80889
Random Reverse,1602,100,11,0,0.0,0.0,0.0,True,80889
Random Reverse,1602,500,11,0,0.0,0.0,0.0,True,80889
Random Reverse,1602,1000,11,0,0.0,0.0,0.0,True,80889
TF-IDF Reverse,1603,100,93,3,0.03,0.03225806451612903,0.03359060306519011,True,80889
TF-IDF Reverse,1603,500,93,5,0.01,0.053763440860215055,0.04656983817565406,True,80889
TF-IDF Reverse,1603,1000,93,6,0.006,0.06451612903225806,0.05180350632162315,True,80889
User Activity,1603,100,93,0,0.0,0.0,0.0,True,80889
User Activity,1603,500,93,0,0.0,0.0,0.0,True,80889
User Activity,1603,1000,93,0,0.0,0.0,0.0,True,80889
Random Reverse,1603,100,93,0,0.0,0.0,0.0,True,80889
Random Reverse,1603,500,93,2,0.004,0.021505376344086023,0.011500709468593837,True,80889
Random Reverse,1603,1000,93,2,0.002,0.021505376344086023,0.011500709468593837,True,80889
TF-IDF Reverse,1604,100,524,21,0.21,0.04007633587786259,0.18745798931283572,True,80889
TF-IDF Reverse,1604,500,524,99,0.198,0.18893129770992367,0.1902675488569973,True,80889
TF-IDF Reverse,1604,1000,524,118,0.118,0.22519083969465647,0.21136753822926677,True,80889
User Activity,1604,100,524,0,0.0,0.0,0.0,True,80889
User Activity,1604,500,524,0,0.0,0.0,0.0,True,80889
User Activity,1604,1000,524,0,0.0,0.0,0.0,True,80889
Random Reverse,1604,100,524,0,0.0,0.0,0.0,True,80889
Random Reverse,1604,500,524,1,0.002,0.0019083969465648854,0.0015983458804159063,True,80889
Random Reverse,1604,1000,524,4,0.004,0.007633587786259542,0.005703541350962357,True,80889
TF-IDF Reverse,1605,100,15,0,0.0,0.0,0.0,True,80889
TF-IDF Reverse,1605,500,15,0,0.0,0.0,0.0,True,80889
TF-IDF Reverse,1605,1000,15,5,0.005,0.3333333333333333,0.08811848094675877,True,80889
User Activity,1605,100,15,0,0.0,0.0,0.0,True,80889
User Activity,1605,500,15,0,0.0,0.0,0.0,True,80889
User Activity,1605,1000,15,0,0.0,0.0,0.0,True,80889
Random Reverse,1605,100,15,0,0.0,0.0,0.0,True,80889
Random Reverse,1605,500,15,1,0.002,0.06666666666666667,0.025062483186499715,True,80889
Random Reverse,1605,1000,15,1,0.001,0.06666666666666667,0.025062483186499715,True,80889
TF-IDF Reverse,1609,100,30,0,0.0,0.0,0.0,True,80889
TF-IDF Reverse,1609,500,30,0,0.0,0.0,0.0,True,80889
TF-IDF Reverse,1609,1000,30,1,0.001,0.03333333333333333,0.011516591028955001,True,80889
User Activity,1609,100,30,0,0.0,0.0,0.0,True,80889
User Activity,1609,500,30,0,0.0,0.0,0.0,True,80889
User Activity,1609,1000,30,0,0.0,0.0,0.0,True,80889
Random Reverse,1609,100,30,0,0.0,0.0,0.0,True,80889
Random Reverse,1609,500,30,0,0.0,0.0,0.0,True,80889
Random Reverse,1609,1000,30,0,0.0,0.0,0.0,True,80889
TF-IDF Reverse,1610,100,173,6,0.06,0.03468208092485549,0.049458208196113324,True,80889
TF-IDF Reverse,1610,500,173,7,0.014,0.04046242774566474,0.03777202835259081,True,80889
TF-IDF Reverse,1610,1000,173,8,0.008,0.046242774566473986,0.04127306986935385,True,80889
User Activity,1610,100,173,0,0.0,0.0,0.0,True,80889
User Activity,1610,500,173,10,0.02,0.057803468208092484,0.04217279212818164,True,80889
User Activity,1610,1000,173,15,0.015,0.08670520231213873,0.058798288225750096,True,80889
Random Reverse,1610,100,173,0,0.0,0.0,0.0,True,80889
Random Reverse,1610,500,173,1,0.002,0.005780346820809248,0.003602069552403559,True,80889
Random Reverse,1610,1000,173,1,0.001,0.005780346820809248,0.003602069552403559,True,80889
TF-IDF Reverse,1611,100,103,0,0.0,0.0,0.0,True,80889
TF-IDF Reverse,1611,500,103,0,0.0,0.0,0.0,True,80889
TF-IDF Reverse,1611,1000,103,1,0.001,0.009708737864077669,0.004870526693836925,True,80889
User Activity,1611,100,103,0,0.0,0.0,0.0,True,80889
User Activity,1611,500,103,0,0.0,0.0,0.0,True,80889
User Activity,1611,1000,103,0,0.0,0.0,0.0,True,80889
Random Reverse,1611,100,103,0,0.0,0.0,0.0,True,80889
Random Reverse,1611,500,103,0,0.0,0.0,0.0,True,80889
Random Reverse,1611,1000,103,0,0.0,0.0,0.0,True,80889
TF-IDF Reverse,1612,100,5,0,0.0,0.0,0.0,True,80889
TF-IDF Reverse,1612,500,5,0,0.0,0.0,0.0,True,80889
TF-IDF Reverse,1612,1000,5,1,0.001,0.2,0.034840300173817396,True,80889
User Activity,1612,100,5,0,0.0,0.0,0.0,True,80889
User Activity,1612,500,5,0,0.0,0.0,0.0,True,80889
User Activity,1612,1000,5,1,0.001,0.2,0.03714033265486074,True,80889
Random Reverse,1612,100,5,0,0.0,0.0,0.0,True,80889
Random Reverse,1612,500,5,1,0.002,0.2,0.041168189231426545,True,80889
Random Reverse,1612,1000,5,1,0.001,0.2,0.041168189231426545,True,80889
TF-IDF Reverse,1613,100,118,0,0.0,0.0,0.0,True,80889
TF-IDF Reverse,1613,500,118,0,0.0,0.0,0.0,True,80889
TF-IDF Reverse,1613,1000,118,2,0.002,0.01694915254237288,0.008843914458541342,True,80889
User Activity,1613,100,118,1,0.01,0.00847457627118644,0.007269341384041909,True,80889
User Activity,1613,500,118,2,0.004,0.01694915254237288,0.01130108235171659,True,80889
User Activity,1613,1000,118,5,0.005,0.0423728813559322,0.02485414953949011,True,80889
Random Reverse,1613,100,118,0,0.0,0.0,0.0,True,80889
Random Reverse,1613,500,118,1,0.002,0.00847457627118644,0.005151218668461509,True,80889
Random Reverse,1613,1000,118,1,0.001,0.00847457627118644,0.005151218668461509,True,80889
TF-IDF Reverse,1614,100,36,0,0.0,0.0,0.0,True,80889
TF-IDF Reverse,1614,500,36,2,0.004,0.05555555555555555,0.024578994696640426,True,80889
TF-IDF Reverse,1614,1000,36,3,0.003,0.08333333333333333,0.034900537129327926,True,80889
User Activity,1614,100,36,0,0.0,0.0,0.0,True,80889
User Activity,1614,500,36,0,0.0,0.0,0.0,True,80889
User Activity,1614,1000,36,0,0.0,0.0,0.0,True,80889
Random Reverse,1614,100,36,0,0.0,0.0,0.0,True,80889
Random Reverse,1614,500,36,0,0.0,0.0,0.0,True,80889
Random Reverse,1614,1000,36,2,0.002,0.05555555555555555,0.020268425371886823,True,80889
TF-IDF Reverse,1615,100,127,0,0.0,0.0,0.0,True,80889
TF-IDF Reverse,1615,500,127,3,0.006,0.023622047244094488,0.015585647012231524,True,80889
TF-IDF Reverse,1615,1000,127,7,0.007,0.05511811023622047,0.03246855128266227,True,80889
User Activity,1615,100,127,0,0.0,0.0,0.0,True,80889
User Activity,1615,500,127,0,0.0,0.0,0.0,True,80889
User Activity,1615,1000,127,2,0.002,0.015748031496062992,0.008244427885062258,True,80889
Random Reverse,1615,100,127,0,0.0,0.0,0.0,True,80889
Random Reverse,1615,500,127,1,0.002,0.007874015748031496,0.005177300252364085,True,80889
Random Reverse,1615,1000,127,2,0.002,0.015748031496062992,0.00943932253602763,True,80889
TF-IDF Reverse,1616,100,42,1,0.01,0.023809523809523808,0.014832477064832528,True,80889
TF-IDF Reverse,1616,500,42,2,0.004,0.047619047619047616,0.026581878815559117,True,80889
TF-IDF Reverse,1616,1000,42,2,0.002,0.047619047619047616,0.026581878815559117,True,80889
User Activity,1616,100,42,0,0.0,0.0,0.0,True,80889
User Activity,1616,500,42,0,0.0,0.0,0.0,True,80889
User Activity,1616,1000,42,0,0.0,0.0,0.0,True,80889
Random Reverse,1616,100,42,0,0.0,0.0,0.0,True,80889
Random Reverse,1616,500,42,0,0.0,0.0,0.0,True,80889
Random Reverse,1616,1000,42,0,0.0,0.0,0.0,True,80889
TF-IDF Reverse,1617,100,43,1,0.01,0.023255813953488372,0.01316483005840337,True,80889
TF-IDF Reverse,1617,500,43,2,0.004,0.046511627906976744,0.02304367210956345,True,80889
TF-IDF Reverse,1617,1000,43,2,0.002,0.046511627906976744,0.02304367210956345,True,80889
User Activity,1617,100,43,0,0.0,0.0,0.0,True,80889
User Activity,1617,500,43,0,0.0,0.0,0.0,True,80889
User Activity,1617,1000,43,0,0.0,0.0,0.0,True,80889
Random Reverse,1617,100,43,0,0.0,0.0,0.0,True,80889
Random Reverse,1617,500,43,2,0.004,0.046511627906976744,0.023373455105158054,True,80889
Random Reverse,1617,1000,43,3,0.003,0.06976744186046512,0.032832316105722306,True,80889
TF-IDF Reverse,1618,100,113,1,0.01,0.008849557522123894,0.009100454062766161,True,80889
TF-IDF Reverse,1618,500,113,1,0.002,0.008849557522123894,0.008334285937786729,True,80889
TF-IDF Reverse,1618,1000,113,2,0.002,0.017699115044247787,0.013098791560766244,True,80889
User Activity,1618,100,113,0,0.0,0.0,0.0,True,80889
User Activity,1618,500,113,0,0.0,0.0,0.0,True,80889
User Activity,1618,1000,113,0,0.0,0.0,0.0,True,80889
Random Reverse,1618,100,113,0,0.0,0.0,0.0,True,80889
Random Reverse,1618,500,113,0,0.0,0.0,0.0,True,80889
Random Reverse,1618,1000,113,0,0.0,0.0,0.0,True,80889
TF-IDF Reverse,1619,100,36,5,0.05,0.1388888888888889,0.0921555475087973,True,80889
TF-IDF Reverse,1619,500,36,6,0.012,0.16666666666666666,0.10621154659809719,True,80889
TF-IDF Reverse,1619,1000,36,6,0.006,0.16666666666666666,0.10621154659809719,True,80889
User Activity,1619,100,36,1,0.01,0.027777777777777776,0.014529791473944467,True,80889
User Activity,1619,500,36,2,0.004,0.05555555555555555,0.026665762855027836,True,80889
User Activity,1619,1000,36,2,0.002,0.05555555555555555,0.026665762855027836,True,80889
Random Reverse,1619,100,36,0,0.0,0.0,0.0,True,80889
Random Reverse,1619,500,36,0,0.0,0.0,0.0,True,80889
Random Reverse,1619,1000,36,0,0.0,0.0,0.0,True,80889
TF-IDF Reverse,1620,100,15,0,0.0,0.0,0.0,True,80889
TF-IDF Reverse,1620,500,15,0,0.0,0.0,0.0,True,80889
TF-IDF Reverse,1620,1000,15,0,0.0,0.0,0.0,True,80889
User Activity,1620,100,15,0,0.0,0.0,0.0,True,80889
User Activity,1620,500,15,0,0.0,0.0,0.0,True,80889
User Activity,1620,1000,15,0,0.0,0.0,0.0,True,80889
Random Reverse,1620,100,15,0,0.0,0.0,0.0,True,80889
Random Reverse,1620,500,15,0,0.0,0.0,0.0,True,80889
Random Reverse,1620,1000,15,0,0.0,0.0,0.0,True,80889
TF-IDF Reverse,1621,100,18,0,0.0,0.0,0.0,True,80889
TF-IDF Reverse,1621,500,18,0,0.0,0.0,0.0,True,80889
TF-IDF Reverse,1621,1000,18,0,0.0,0.0,0.0,True,80889
User Activity,1621,100,18,0,0.0,0.0,0.0,True,80889
User Activity,1621,500,18,0,0.0,0.0,0.0,True,80889
User Activity,1621,1000,18,0,0.0,0.0,0.0,True,80889
Random Reverse,1621,100,18,0,0.0,0.0,0.0,True,80889
Random Reverse,1621,500,18,0,0.0,0.0,0.0,True,80889
Random Reverse,1621,1000,18,0,0.0,0.0,0.0,True,80889
TF-IDF Reverse,1622,100,11,0,0.0,0.0,0.0,True,80889
TF-IDF Reverse,1622,500,11,0,0.0,0.0,0.0,True,80889
TF-IDF Reverse,1622,1000,11,1,0.001,0.09090909090909091,0.021308645647477358,True,80889
User Activity,1622,100,11,0,0.0,0.0,0.0,True,80889
User Activity,1622,500,11,0,0.0,0.0,0.0,True,80889
User Activity,1622,1000,11,0,0.0,0.0,0.0,True,80889
Random Reverse,1622,100,11,0,0.0,0.0,0.0,True,80889
Random Reverse,1622,500,11,0,0.0,0.0,0.0,True,80889
Random Reverse,1622,1000,11,0,0.0,0.0,0.0,True,80889
TF-IDF Reverse,1623,100,30,1,0.01,0.03333333333333333,0.019650683199165152,True,80889
TF-IDF Reverse,1623,500,30,1,0.002,0.03333333333333333,0.019650683199165152,True,80889
TF-IDF Reverse,1623,1000,30,2,0.002,0.06666666666666667,0.03137975500941627,True,80889
User Activity,1623,100,30,0,0.0,0.0,0.0,True,80889
User Activity,1623,500,30,0,0.0,0.0,0.0,True,80889
User Activity,1623,1000,30,0,0.0,0.0,0.0,True,80889
Random Reverse,1623,100,30,0,0.0,0.0,0.0,True,80889
Random Reverse,1623,500,30,0,0.0,0.0,0.0,True,80889
Random Reverse,1623,1000,30,0,0.0,0.0,0.0,True,80889
TF-IDF Reverse,1624,100,90,0,0.0,0.0,0.0,True,80889
TF-IDF Reverse,1624,500,90,0,0.0,0.0,0.0,True,80889
TF-IDF Reverse,1624,1000,90,1,0.001,0.011111111111111112,0.005363499984745875,True,80889
User Activity,1624,100,90,0,0.0,0.0,0.0,True,80889
User Activity,1624,500,90,0,0.0,0.0,0.0,True,80889
User Activity,1624,1000,90,0,0.0,0.0,0.0,True,80889
Random Reverse,1624,100,90,1,0.01,0.011111111111111112,0.010120787903382104,True,80889
Random Reverse,1624,500,90,1,0.002,0.011111111111111112,0.010120787903382104,True,80889
Random Reverse,1624,1000,90,1,0.001,0.011111111111111112,0.010120787903382104,True,80889
TF-IDF Reverse,1625,100,74,0,0.0,0.0,0.0,True,80889
TF-IDF Reverse,1625,500,74,1,0.002,0.013513513513513514,0.006889811167603188,True,80889
TF-IDF Reverse,1625,1000,74,1,0.001,0.013513513513513514,0.006889811167603188,True,80889
User Activity,1625,100,74,0,0.0,0.0,0.0,True,80889
User Activity,1625,500,74,0,0.0,0.0,0.0,True,80889
User Activity,1625,1000,74,0,0.0,0.0,0.0,True,80889
Random Reverse,1625,100,74,0,0.0,0.0,0.0,True,80889
Random Reverse,1625,500,74,0,0.0,0.0,0.0,True,80889
Random Reverse,1625,1000,74,1,0.001,0.013513513513513514,0.006061882261128526,True,80889
TF-IDF Reverse,1626,100,21,0,0.0,0.0,0.0,True,80889
TF-IDF Reverse,1626,500,21,0,0.0,0.0,0.0,True,80889
TF-IDF Reverse,1626,1000,21,0,0.0,0.0,0.0,True,80889
User Activity,1626,100,21,0,0.0,0.0,0.0,True,80889
User Activity,1626,500,21,0,0.0,0.0,0.0,True,80889
User Activity,1626,1000,21,0,0.0,0.0,0.0,True,80889
Random Reverse,1626,100,21,0,0.0,0.0,0.0,True,80889
Random Reverse,1626,500,21,0,0.0,0.0,0.0,True,80889
Random Reverse,1626,1000,21,0,0.0,0.0,0.0,True,80889
TF-IDF Reverse,1627,100,51,0,0.0,0.0,0.0,True,80889
TF-IDF Reverse,1627,500,51,0,0.0,0.0,0.0,True,80889
TF-IDF Reverse,1627,1000,51,0,0.0,0.0,0.0,True,80889
User Activity,1627,100,51,0,0.0,0.0,0.0,True,80889
User Activity,1627,500,51,0,0.0,0.0,0.0,True,80889
User Activity,1627,1000,51,0,0.0,0.0,0.0,True,80889
Random Reverse,1627,100,51,0,0.0,0.0,0.0,True,80889
Random Reverse,1627,500,51,0,0.0,0.0,0.0,True,80889
Random Reverse,1627,1000,51,0,0.0,0.0,0.0,True,80889
TF-IDF Reverse,1628,100,10,0,0.0,0.0,0.0,True,80889
TF-IDF Reverse,1628,500,10,0,0.0,0.0,0.0,True,80889
TF-IDF Reverse,1628,1000,10,0,0.0,0.0,0.0,True,80889
User Activity,1628,100,10,0,0.0,0.0,0.0,True,80889
User Activity,1628,500,10,0,0.0,0.0,0.0,True,80889
User Activity,1628,1000,10,0,0.0,0.0,0.0,True,80889
Random Reverse,1628,100,10,0,0.0,0.0,0.0,True,80889
Random Reverse,1628,500,10,0,0.0,0.0,0.0,True,80889
Random Reverse,1628,1000,10,0,0.0,0.0,0.0,True,80889
TF-IDF Reverse,1630,100,5,0,0.0,0.0,0.0,True,80889
TF-IDF Reverse,1630,500,5,0,0.0,0.0,0.0,True,80889
TF-IDF Reverse,1630,1000,5,0,0.0,0.0,0.0,True,80889
User Activity,1630,100,5,0,0.0,0.0,0.0,True,80889
User Activity,1630,500,5,0,0.0,0.0,0.0,True,80889
User Activity,1630,1000,5,0,0.0,0.0,0.0,True,80889
Random Reverse,1630,100,5,0,0.0,0.0,0.0,True,80889
Random Reverse,1630,500,5,0,0.0,0.0,0.0,True,80889
Random Reverse,1630,1000,5,0,0.0,0.0,0.0,True,80889
TF-IDF Reverse,1633,100,7,0,0.0,0.0,0.0,True,80889
TF-IDF Reverse,1633,500,7,0,0.0,0.0,0.0,True,80889
TF-IDF Reverse,1633,1000,7,0,0.0,0.0,0.0,True,80889
User Activity,1633,100,7,0,0.0,0.0,0.0,True,80889
User Activity,1633,500,7,0,0.0,0.0,0.0,True,80889
User Activity,1633,1000,7,0,0.0,0.0,0.0,True,80889
Random Reverse,1633,100,7,0,0.0,0.0,0.0,True,80889
Random Reverse,1633,500,7,0,0.0,0.0,0.0,True,80889
Random Reverse,1633,1000,7,0,0.0,0.0,0.0,True,80889
TF-IDF Reverse,1634,100,6,0,0.0,0.0,0.0,True,80889
TF-IDF Reverse,1634,500,6,0,0.0,0.0,0.0,True,80889
TF-IDF Reverse,1634,1000,6,1,0.001,0.16666666666666666,0.03190047002229089,True,80889
User Activity,1634,100,6,0,0.0,0.0,0.0,True,80889
User Activity,1634,500,6,0,0.0,0.0,0.0,True,80889
User Activity,1634,1000,6,0,0.0,0.0,0.0,True,80889
Random Reverse,1634,100,6,0,0.0,0.0,0.0,True,80889
Random Reverse,1634,500,6,0,0.0,0.0,0.0,True,80889
Random Reverse,1634,1000,6,0,0.0,0.0,0.0,True,80889
TF-IDF Reverse,1635,100,17,0,0.0,0.0,0.0,True,80889
TF-IDF Reverse,1635,500,17,0,0.0,0.0,0.0,True,80889
TF-IDF Reverse,1635,1000,17,0,0.0,0.0,0.0,True,80889
User Activity,1635,100,17,0,0.0,0.0,0.0,True,80889
User Activity,1635,500,17,0,0.0,0.0,0.0,True,80889
User Activity,1635,1000,17,0,0.0,0.0,0.0,True,80889
Random Reverse,1635,100,17,0,0.0,0.0,0.0,True,80889
Random Reverse,1635,500,17,1,0.002,0.058823529411764705,0.018513727688090346,True,80889
Random Reverse,1635,1000,17,1,0.001,0.058823529411764705,0.018513727688090346,True,80889
TF-IDF Reverse,1636,100,123,0,0.0,0.0,0.0,True,80889
TF-IDF Reverse,1636,500,123,0,0.0,0.0,0.0,True,80889
TF-IDF Reverse,1636,1000,123,0,0.0,0.0,0.0,True,80889
User Activity,1636,100,123,0,0.0,0.0,0.0,True,80889
User Activity,1636,500,123,0,0.0,0.0,0.0,True,80889
User Activity,1636,1000,123,0,0.0,0.0,0.0,True,80889
Random Reverse,1636,100,123,0,0.0,0.0,0.0,True,80889
Random Reverse,1636,500,123,0,0.0,0.0,0.0,True,80889
Random Reverse,1636,1000,123,0,0.0,0.0,0.0,True,80889
TF-IDF Reverse,1637,100,36,4,0.04,0.1111111111111111,0.09976793478255586,True,80889
TF-IDF Reverse,1637,500,36,5,0.01,0.1388888888888889,0.11074021607143585,True,80889
TF-IDF Reverse,1637,1000,36,5,0.005,0.1388888888888889,0.11074021607143585,True,80889
User Activity,1637,100,36,0,0.0,0.0,0.0,True,80889
User Activity,1637,500,36,0,0.0,0.0,0.0,True,80889
User Activity,1637,1000,36,0,0.0,0.0,0.0,True,80889
Random Reverse,1637,100,36,0,0.0,0.0,0.0,True,80889
Random Reverse,1637,500,36,0,0.0,0.0,0.0,True,80889
Random Reverse,1637,1000,36,0,0.0,0.0,0.0,True,80889
TF-IDF Reverse,1638,100,48,2,0.02,0.041666666666666664,0.035498996695846635,True,80889
TF-IDF Reverse,1638,500,48,5,0.01,0.10416666666666667,0.06514303964376437,True,80889
TF-IDF Reverse,1638,1000,48,5,0.005,0.10416666666666667,0.06514303964376437,True,80889
User Activity,1638,100,48,0,0.0,0.0,0.0,True,80889
User Activity,1638,500,48,0,0.0,0.0,0.0,True,80889
User Activity,1638,1000,48,0,0.0,0.0,0.0,True,80889
Random Reverse,1638,100,48,1,0.01,0.020833333333333332,0.012838127121709798,True,80889
Random Reverse,1638,500,48,2,0.004,0.041666666666666664,0.022816960282601922,True,80889
Random Reverse,1638,1000,48,3,0.003,0.0625,0.031233396642575868,True,80889
TF-IDF Reverse,1639,100,197,26,0.26,0.1319796954314721,0.33121142204481,True,80889
TF-IDF Reverse,1639,500,197,29,0.058,0.14720812182741116,0.21173028917852155,True,80889
TF-IDF Reverse,1639,1000,197,33,0.033,0.16751269035532995,0.22415829338495236,True,80889
User Activity,1639,100,197,0,0.0,0.0,0.0,True,80889
User Activity,1639,500,197,0,0.0,0.0,0.0,True,80889
User Activity,1639,1000,197,0,0.0,0.0,0.0,True,80889
Random Reverse,1639,100,197,0,0.0,0.0,0.0,True,80889
Random Reverse,1639,500,197,1,0.002,0.005076142131979695,0.004143091660464287,True,80889
Random Reverse,1639,1000,197,4,0.004,0.02030456852791878,0.013124179835911852,True,80889
TF-IDF Reverse,1641,100,17,1,0.01,0.058823529411764705,0.04971230256505406,True,80889
TF-IDF Reverse,1641,500,17,4,0.008,0.23529411764705882,0.10548682377605134,True,80889
TF-IDF Reverse,1641,1000,17,4,0.004,0.23529411764705882,0.10548682377605134,True,80889
User Activity,1641,100,17,0,0.0,0.0,0.0,True,80889
User Activity,1641,500,17,0,0.0,0.0,0.0,True,80889
User Activity,1641,1000,17,0,0.0,0.0,0.0,True,80889
Random Reverse,1641,100,17,0,0.0,0.0,0.0,True,80889
Random Reverse,1641,500,17,0,0.0,0.0,0.0,True,80889
Random Reverse,1641,1000,17,0,0.0,0.0,0.0,True,80889
TF-IDF Reverse,1642,100,37,0,0.0,0.0,0.0,True,80889
TF-IDF Reverse,1642,500,37,0,0.0,0.0,0.0,True,80889
TF-IDF Reverse,1642,1000,37,0,0.0,0.0,0.0,True,80889
User Activity,1642,100,37,0,0.0,0.0,0.0,True,80889
User Activity,1642,500,37,0,0.0,0.0,0.0,True,80889
User Activity,1642,1000,37,0,0.0,0.0,0.0,True,80889
Random Reverse,1642,100,37,0,0.0,0.0,0.0,True,80889
Random Reverse,1642,500,37,1,0.002,0.02702702702702703,0.012820394659095,True,80889
Random Reverse,1642,1000,37,1,0.001,0.02702702702702703,0.012820394659095,True,80889
TF-IDF Reverse,1643,100,379,25,0.25,0.06596306068601583,0.24472414071793683,True,80889
TF-IDF Reverse,1643,500,379,102,0.204,0.2691292875989446,0.2639723967030609,True,80889
TF-IDF Reverse,1643,1000,379,133,0.133,0.35092348284960423,0.3219483790172762,True,80889
User Activity,1643,100,379,0,0.0,0.0,0.0,True,80889
User Activity,1643,500,379,0,0.0,0.0,0.0,True,80889
User Activity,1643,1000,379,1,0.001,0.002638522427440633,0.0019080821716888166,True,80889
Random Reverse,1643,100,379,1,0.01,0.002638522427440633,0.009830940736227775,True,80889
Random Reverse,1643,500,379,3,0.006,0.0079155672823219,0.008320985819139242,True,80889
Random Reverse,1643,1000,379,5,0.005,0.013192612137203167,0.012050942475782813,True,80889
TF-IDF Reverse,1645,100,64,23,0.23,0.359375,0.28897690122190156,True,80889
TF-IDF Reverse,1645,500,64,24,0.048,0.375,0.2986624774234799,True,80889
TF-IDF Reverse,1645,1000,64,24,0.024,0.375,0.2986624774234799,True,80889
User Activity,1645,100,64,0,0.0,0.0,0.0,True,80889
User Activity,1645,500,64,0,0.0,0.0,0.0,True,80889
User Activity,1645,1000,64,0,0.0,0.0,0.0,True,80889
Random Reverse,1645,100,64,0,0.0,0.0,0.0,True,80889
Random Reverse,1645,500,64,0,0.0,0.0,0.0,True,80889
Random Reverse,1645,1000,64,0,0.0,0.0,0.0,True,80889
TF-IDF Reverse,1646,100,173,39,0.39,0.2254335260115607,0.32878321500769137,True,80889
TF-IDF Reverse,1646,500,173,96,0.192,0.5549132947976878,0.46480671732060663,True,80889
TF-IDF Reverse,1646,1000,173,100,0.1,0.5780346820809249,0.4783060879356819,True,80889
User Activity,1646,100,173,0,0.0,0.0,0.0,True,80889
User Activity,1646,500,173,0,0.0,0.0,0.0,True,80889
User Activity,1646,1000,173,1,0.001,0.005780346820809248,0.003254039497860988,True,80889
Random Reverse,1646,100,173,0,0.0,0.0,0.0,True,80889
Random Reverse,1646,500,173,0,0.0,0.0,0.0,True,80889
Random Reverse,1646,1000,173,1,0.001,0.005780346820809248,0.0034228536553282713,True,80889
TF-IDF Reverse,1649,100,133,1,0.01,0.007518796992481203,0.0076673484385877825,True,80889
TF-IDF Reverse,1649,500,133,2,0.004,0.015037593984962405,0.010694431883579323,True,80889
TF-IDF Reverse,1649,1000,133,2,0.002,0.015037593984962405,0.010694431883579323,True,80889
User Activity,1649,100,133,0,0.0,0.0,0.0,True,80889
User Activity,1649,500,133,0,0.0,0.0,0.0,True,80889
User Activity,1649,1000,133,0,0.0,0.0,0.0,True,80889
Random Reverse,1649,100,133,1,0.01,0.007518796992481203,0.007873033475331399,True,80889
Random Reverse,1649,500,133,2,0.004,0.015037593984962405,0.011724530268487384,True,80889
Random Reverse,1649,1000,133,2,0.002,0.015037593984962405,0.011724530268487384,True,80889
TF-IDF Reverse,1653,100,20,3,0.03,0.15,0.1399862266031596,True,80889
TF-IDF Reverse,1653,500,20,5,0.01,0.25,0.17634316065019046,True,80889
TF-IDF Reverse,1653,1000,20,5,0.005,0.25,0.17634316065019046,True,80889
User Activity,1653,100,20,0,0.0,0.0,0.0,True,80889
User Activity,1653,500,20,0,0.0,0.0,0.0,True,80889
User Activity,1653,1000,20,0,0.0,0.0,0.0,True,80889
Random Reverse,1653,100,20,1,0.01,0.05,0.02167032026689246,True,80889
Random Reverse,1653,500,20,1,0.002,0.05,0.02167032026689246,True,80889
Random Reverse,1653,1000,20,1,0.001,0.05,0.02167032026689246,True,80889
TF-IDF Reverse,1654,100,60,1,0.01,0.016666666666666666,0.013338083671253232,True,80889
TF-IDF Reverse,1654,500,60,1,0.002,0.016666666666666666,0.013338083671253232,True,80889
TF-IDF Reverse,1654,1000,60,1,0.001,0.016666666666666666,0.013338083671253232,True,80889
User Activity,1654,100,60,0,0.0,0.0,0.0,True,80889
User Activity,1654,500,60,0,0.0,0.0,0.0,True,80889
User Activity,1654,1000,60,0,0.0,0.0,0.0,True,80889
Random Reverse,1654,100,60,0,0.0,0.0,0.0,True,80889
Random Reverse,1654,500,60,0,0.0,0.0,0.0,True,80889
Random Reverse,1654,1000,60,0,0.0,0.0,0.0,True,80889
TF-IDF Reverse,1655,100,7,0,0.0,0.0,0.0,True,80889
TF-IDF Reverse,1655,500,7,0,0.0,0.0,0.0,True,80889
TF-IDF Reverse,1655,1000,7,0,0.0,0.0,0.0,True,80889
User Activity,1655,100,7,0,0.0,0.0,0.0,True,80889
User Activity,1655,500,7,0,0.0,0.0,0.0,True,80889
User Activity,1655,1000,7,0,0.0,0.0,0.0,True,80889
Random Reverse,1655,100,7,0,0.0,0.0,0.0,True,80889
Random Reverse,1655,500,7,0,0.0,0.0,0.0,True,80889
Random Reverse,1655,1000,7,0,0.0,0.0,0.0,True,80889
TF-IDF Reverse,1659,100,86,3,0.03,0.03488372093023256,0.027675802159169843,True,80889
TF-IDF Reverse,1659,500,86,6,0.012,0.06976744186046512,0.05075156259906474,True,80889
TF-IDF Reverse,1659,1000,86,8,0.008,0.09302325581395349,0.06164988252241601,True,80889
User Activity,1659,100,86,0,0.0,0.0,0.0,True,80889
User Activity,1659,500,86,0,0.0,0.0,0.0,True,80889
User Activity,1659,1000,86,0,0.0,0.0,0.0,True,80889
Random Reverse,1659,100,86,0,0.0,0.0,0.0,True,80889
Random Reverse,1659,500,86,1,0.002,0.011627906976744186,0.006085810118731553,True,80889
Random Reverse,1659,1000,86,1,0.001,0.011627906976744186,0.006085810118731553,True,80889
TF-IDF Reverse,1661,100,16,0,0.0,0.0,0.0,True,80889
TF-IDF Reverse,1661,500,16,0,0.0,0.0,0.0,True,80889
TF-IDF Reverse,1661,1000,16,0,0.0,0.0,0.0,True,80889
User Activity,1661,100,16,0,0.0,0.0,0.0,True,80889
User Activity,1661,500,16,0,0.0,0.0,0.0,True,80889
User Activity,1661,1000,16,0,0.0,0.0,0.0,True,80889
Random Reverse,1661,100,16,0,0.0,0.0,0.0,True,80889
Random Reverse,1661,500,16,0,0.0,0.0,0.0,True,80889
Random Reverse,1661,1000,16,0,0.0,0.0,0.0,True,80889
TF-IDF Reverse,1662,100,15,0,0.0,0.0,0.0,True,80889
TF-IDF Reverse,1662,500,15,0,0.0,0.0,0.0,True,80889
TF-IDF Reverse,1662,1000,15,0,0.0,0.0,0.0,True,80889
User Activity,1662,100,15,0,0.0,0.0,0.0,True,80889
User Activity,1662,500,15,0,0.0,0.0,0.0,True,80889
User Activity,1662,1000,15,0,0.0,0.0,0.0,True,80889
Random Reverse,1662,100,15,0,0.0,0.0,0.0,True,80889
Random Reverse,1662,500,15,0,0.0,0.0,0.0,True,80889
Random Reverse,1662,1000,15,0,0.0,0.0,0.0,True,80889
TF-IDF Reverse,1663,100,14,1,0.01,0.07142857142857142,0.03082498011285373,True,80889
TF-IDF Reverse,1663,500,14,2,0.004,0.14285714285714285,0.05071451803324547,True,80889
TF-IDF Reverse,1663,1000,14,2,0.002,0.14285714285714285,0.05071451803324547,True,80889
User Activity,1663,100,14,0,0.0,0.0,0.0,True,80889
User Activity,1663,500,14,0,0.0,0.0,0.0,True,80889
User Activity,1663,1000,14,0,0.0,0.0,0.0,True,80889
Random Reverse,1663,100,14,0,0.0,0.0,0.0,True,80889
Random Reverse,1663,500,14,0,0.0,0.0,0.0,True,80889
Random Reverse,1663,1000,14,1,0.001,0.07142857142857142,0.018775079680021813,True,80889
TF-IDF Reverse,1665,100,6,0,0.0,0.0,0.0,True,80889
TF-IDF Reverse,1665,500,6,0,0.0,0.0,0.0,True,80889
TF-IDF Reverse,1665,1000,6,0,0.0,0.0,0.0,True,80889
User Activity,1665,100,6,1,0.01,0.16666666666666666,0.11706259313796354,True,80889
User Activity,1665,500,6,1,0.002,0.16666666666666666,0.11706259313796354,True,80889
User Activity,1665,1000,6,1,0.001,0.16666666666666666,0.11706259313796354,True,80889
Random Reverse,1665,100,6,0,0.0,0.0,0.0,True,80889
Random Reverse,1665,500,6,0,0.0,0.0,0.0,True,80889
Random Reverse,1665,1000,6,0,0.0,0.0,0.0,True,80889
TF-IDF Reverse,1666,100,20,2,0.02,0.1,0.05964868945408093,True,80889
TF-IDF Reverse,1666,500,20,3,0.006,0.15,0.07721168076814026,True,80889
TF-IDF Reverse,1666,1000,20,5,0.005,0.25,0.10798867267048651,True,80889
User Activity,1666,100,20,0,0.0,0.0,0.0,True,80889
User Activity,1666,500,20,0,0.0,0.0,0.0,True,80889
User Activity,1666,1000,20,0,0.0,0.0,0.0,True,80889
Random Reverse,1666,100,20,0,0.0,0.0,0.0,True,80889
Random Reverse,1666,500,20,0,0.0,0.0,0.0,True,80889
Random Reverse,1666,1000,20,0,0.0,0.0,0.0,True,80889
TF-IDF Reverse,1667,100,141,32,0.32,0.22695035460992907,0.36122807716394617,True,80889
TF-IDF Reverse,1667,500,141,74,0.148,0.524822695035461,0.4803501518726297,True,80889
TF-IDF Reverse,1667,1000,141,84,0.084,0.5957446808510638,0.5196860718308498,True,80889
User Activity,1667,100,141,0,0.0,0.0,0.0,True,80889
User Activity,1667,500,141,4,0.008,0.028368794326241134,0.01766441817868517,True,80889
User Activity,1667,1000,141,9,0.009,0.06382978723404255,0.03754744415684777,True,80889
Random Reverse,1667,100,141,0,0.0,0.0,0.0,True,80889
Random Reverse,1667,500,141,0,0.0,0.0,0.0,True,80889
Random Reverse,1667,1000,141,2,0.002,0.014184397163120567,0.007836100977717617,True,80889
TF-IDF Reverse,1670,100,213,33,0.33,0.15492957746478872,0.37953452204564775,True,80889
TF-IDF Reverse,1670,500,213,70,0.14,0.3286384976525822,0.34888985715837206,True,80889
TF-IDF Reverse,1670,1000,213,73,0.073,0.3427230046948357,0.3576754974770837,True,80889
User Activity,1670,100,213,0,0.0,0.0,0.0,True,80889
User Activity,1670,500,213,0,0.0,0.0,0.0,True,80889
User Activity,1670,1000,213,1,0.001,0.004694835680751174,0.0029321639420710173,True,80889
Random Reverse,1670,100,213,0,0.0,0.0,0.0,True,80889
Random Reverse,1670,500,213,1,0.002,0.004694835680751174,0.0034121593473249744,True,80889
Random Reverse,1670,1000,213,2,0.002,0.009389671361502348,0.006189996592526405,True,80889
TF-IDF Reverse,1674,100,5,4,0.04,0.8,0.37697350423345194,True,80889
TF-IDF Reverse,1674,500,5,4,0.008,0.8,0.37697350423345194,True,80889
TF-IDF Reverse,1674,1000,5,4,0.004,0.8,0.37697350423345194,True,80889
User Activity,1674,100,5,0,0.0,0.0,0.0,True,80889
User Activity,1674,500,5,0,0.0,0.0,0.0,True,80889
User Activity,1674,1000,5,0,0.0,0.0,0.0,True,80889
Random Reverse,1674,100,5,0,0.0,0.0,0.0,True,80889
Random Reverse,1674,500,5,0,0.0,0.0,0.0,True,80889
Random Reverse,1674,1000,5,0,0.0,0.0,0.0,True,80889
TF-IDF Reverse,1676,100,18,1,0.01,0.05555555555555555,0.02735531236507673,True,80889
TF-IDF Reverse,1676,500,18,1,0.002,0.05555555555555555,0.02735531236507673,True,80889
TF-IDF Reverse,1676,1000,18,1,0.001,0.05555555555555555,0.02735531236507673,True,80889
User Activity,1676,100,18,0,0.0,0.0,0.0,True,80889
User Activity,1676,500,18,0,0.0,0.0,0.0,True,80889
User Activity,1676,1000,18,0,0.0,0.0,0.0,True,80889
Random Reverse,1676,100,18,0,0.0,0.0,0.0,True,80889
Random Reverse,1676,500,18,0,0.0,0.0,0.0,True,80889
Random Reverse,1676,1000,18,0,0.0,0.0,0.0,True,80889
TF-IDF Reverse,1678,100,18,0,0.0,0.0,0.0,True,80889
TF-IDF Reverse,1678,500,18,1,0.002,0.05555555555555555,0.01698047355062629,True,80889
TF-IDF Reverse,1678,1000,18,1,0.001,0.05555555555555555,0.01698047355062629,True,80889
User Activity,1678,100,18,0,0.0,0.0,0.0,True,80889
User Activity,1678,500,18,0,0.0,0.0,0.0,True,80889
User Activity,1678,1000,18,1,0.001,0.05555555555555555,0.015741215519589954,True,80889
Random Reverse,1678,100,18,0,0.0,0.0,0.0,True,80889
Random Reverse,1678,500,18,0,0.0,0.0,0.0,True,80889
Random Reverse,1678,1000,18,0,0.0,0.0,0.0,True,80889
TF-IDF Reverse,1679,100,23,0,0.0,0.0,0.0,True,80889
TF-IDF Reverse,1679,500,23,0,0.0,0.0,0.0,True,80889
TF-IDF Reverse,1679,1000,23,0,0.0,0.0,0.0,True,80889
User Activity,1679,100,23,0,0.0,0.0,0.0,True,80889
User Activity,1679,500,23,1,0.002,0.043478260869565216,0.017539546772761944,True,80889
User Activity,1679,1000,23,1,0.001,0.043478260869565216,0.017539546772761944,True,80889
Random Reverse,1679,100,23,0,0.0,0.0,0.0,True,80889
Random Reverse,1679,500,23,0,0.0,0.0,0.0,True,80889
Random Reverse,1679,1000,23,1,0.001,0.043478260869565216,0.013455157337220372,True,80889
TF-IDF Reverse,1682,100,52,0,0.0,0.0,0.0,True,80889
TF-IDF Reverse,1682,500,52,0,0.0,0.0,0.0,True,80889
TF-IDF Reverse,1682,1000,52,1,0.001,0.019230769230769232,0.007785744093528384,True,80889
User Activity,1682,100,52,0,0.0,0.0,0.0,True,80889
User Activity,1682,500,52,0,0.0,0.0,0.0,True,80889
User Activity,1682,1000,52,1,0.001,0.019230769230769232,0.00782721817087627,True,80889
Random Reverse,1682,100,52,0,0.0,0.0,0.0,True,80889
Random Reverse,1682,500,52,1,0.002,0.019230769230769232,0.009273799394812637,True,80889
Random Reverse,1682,1000,52,2,0.002,0.038461538461538464,0.017589994165856368,True,80889
TF-IDF Reverse,1686,100,507,0,0.0,0.0,0.0,True,80889
TF-IDF Reverse,1686,500,507,0,0.0,0.0,0.0,True,80889
TF-IDF Reverse,1686,1000,507,1,0.001,0.0019723865877712033,0.0015026902464011908,True,80889
User Activity,1686,100,507,0,0.0,0.0,0.0,True,80889
User Activity,1686,500,507,0,0.0,0.0,0.0,True,80889
User Activity,1686,1000,507,0,0.0,0.0,0.0,True,80889
Random Reverse,1686,100,507,1,0.01,0.0019723865877712033,0.01055772502394307,True,80889
Random Reverse,1686,500,507,4,0.008,0.007889546351084813,0.008245291611053165,True,80889
Random Reverse,1686,1000,507,8,0.008,0.015779092702169626,0.014043822926713622,True,80889
TF-IDF Reverse,1689,100,14,1,0.01,0.07142857142857142,0.04123398036294629,True,80889
TF-IDF Reverse,1689,500,14,1,0.002,0.07142857142857142,0.04123398036294629,True,80889
TF-IDF Reverse,1689,1000,14,2,0.002,0.14285714285714285,0.05972352573990666,True,80889
User Activity,1689,100,14,0,0.0,0.0,0.0,True,80889
User Activity,1689,500,14,1,0.002,0.07142857142857142,0.02036329783537653,True,80889
User Activity,1689,1000,14,1,0.001,0.07142857142857142,0.02036329783537653,True,80889
Random Reverse,1689,100,14,0,0.0,0.0,0.0,True,80889
Random Reverse,1689,500,14,0,0.0,0.0,0.0,True,80889
Random Reverse,1689,1000,14,1,0.001,0.07142857142857142,0.018859931712670256,True,80889
TF-IDF Reverse,1690,100,546,15,0.15,0.027472527472527472,0.1312811140647156,True,80889
TF-IDF Reverse,1690,500,546,73,0.146,0.1336996336996337,0.14196946796188412,True,80889
TF-IDF Reverse,1690,1000,546,135,0.135,0.24725274725274726,0.2196651666140025,True,80889
User Activity,1690,100,546,0,0.0,0.0,0.0,True,80889
User Activity,1690,500,546,0,0.0,0.0,0.0,True,80889
User Activity,1690,1000,546,0,0.0,0.0,0.0,True,80889
Random Reverse,1690,100,546,0,0.0,0.0,0.0,True,80889
Random Reverse,1690,500,546,3,0.006,0.005494505494505495,0.005260928635233211,True,80889
Random Reverse,1690,1000,546,4,0.004,0.007326007326007326,0.006235003904818544,True,80889
TF-IDF Reverse,1691,100,7,1,0.01,0.14285714285714285,0.08671382849411972,True,80889
TF-IDF Reverse,1691,500,7,1,0.002,0.14285714285714285,0.08671382849411972,True,80889
TF-IDF Reverse,1691,1000,7,1,0.001,0.14285714285714285,0.08671382849411972,True,80889
User Activity,1691,100,7,0,0.0,0.0,0.0,True,80889
User Activity,1691,500,7,0,0.0,0.0,0.0,True,80889
User Activity,1691,1000,7,0,0.0,0.0,0.0,True,80889
Random Reverse,1691,100,7,0,0.0,0.0,0.0,True,80889
Random Reverse,1691,500,7,0,0.0,0.0,0.0,True,80889
Random Reverse,1691,1000,7,0,0.0,0.0,0.0,True,80889
TF-IDF Reverse,1698,100,822,0,0.0,0.0,0.0,True,80889
TF-IDF Reverse,1698,500,822,1,0.002,0.0012165450121654502,0.001601150052695932,True,80889
TF-IDF Reverse,1698,1000,822,22,0.022,0.0267639902676399,0.022305422925612727,True,80889
User Activity,1698,100,822,0,0.0,0.0,0.0,True,80889
User Activity,1698,500,822,0,0.0,0.0,0.0,True,80889
User Activity,1698,1000,822,0,0.0,0.0,0.0,True,80889
Random Reverse,1698,100,822,0,0.0,0.0,0.0,True,80889
Random Reverse,1698,500,822,3,0.006,0.0036496350364963502,0.005316598789670122,True,80889
Random Reverse,1698,1000,822,8,0.008,0.009732360097323601,0.008558266328623242,True,80889
TF-IDF Reverse,1700,100,21,0,0.0,0.0,0.0,True,80889
TF-IDF Reverse,1700,500,21,3,0.006,0.14285714285714285,0.056541674647019854,True,80889
TF-IDF Reverse,1700,1000,21,3,0.003,0.14285714285714285,0.056541674647019854,True,80889
User Activity,1700,100,21,0,0.0,0.0,0.0,True,80889
User Activity,1700,500,21,0,0.0,0.0,0.0,True,80889
User Activity,1700,1000,21,0,0.0,0.0,0.0,True,80889
Random Reverse,1700,100,21,0,0.0,0.0,0.0,True,80889
Random Reverse,1700,500,21,0,0.0,0.0,0.0,True,80889
Random Reverse,1700,1000,21,0,0.0,0.0,0.0,True,80889
TF-IDF Reverse,1702,100,21,0,0.0,0.0,0.0,True,80889
TF-IDF Reverse,1702,500,21,0,0.0,0.0,0.0,True,80889
TF-IDF Reverse,1702,1000,21,0,0.0,0.0,0.0,True,80889
User Activity,1702,100,21,0,0.0,0.0,0.0,True,80889
User Activity,1702,500,21,0,0.0,0.0,0.0,True,80889
User Activity,1702,1000,21,0,0.0,0.0,0.0,True,80889
Random Reverse,1702,100,21,0,0.0,0.0,0.0,True,80889
Random Reverse,1702,500,21,0,0.0,0.0,0.0,True,80889
Random Reverse,1702,1000,21,0,0.0,0.0,0.0,True,80889
TF-IDF Reverse,1704,100,158,0,0.0,0.0,0.0,True,80889
TF-IDF Reverse,1704,500,158,2,0.004,0.012658227848101266,0.007940668247271592,True,80889
TF-IDF Reverse,1704,1000,158,2,0.002,0.012658227848101266,0.007940668247271592,True,80889
User Activity,1704,100,158,0,0.0,0.0,0.0,True,80889
User Activity,1704,500,158,0,0.0,0.0,0.0,True,80889
User Activity,1704,1000,158,0,0.0,0.0,0.0,True,80889
Random Reverse,1704,100,158,0,0.0,0.0,0.0,True,80889
Random Reverse,1704,500,158,0,0.0,0.0,0.0,True,80889
Random Reverse,1704,1000,158,1,0.001,0.006329113924050633,0.003623657924429502,True,80889
TF-IDF Reverse,1705,100,140,0,0.0,0.0,0.0,True,80889
TF-IDF Reverse,1705,500,140,16,0.032,0.11428571428571428,0.07738567975514163,True,80889
TF-IDF Reverse,1705,1000,140,22,0.022,0.15714285714285714,0.10076473371432453,True,80889
User Activity,1705,100,140,0,0.0,0.0,0.0,True,80889
User Activity,1705,500,140,0,0.0,0.0,0.0,True,80889
User Activity,1705,1000,140,0,0.0,0.0,0.0,True,80889
Random Reverse,1705,100,140,0,0.0,0.0,0.0,True,80889
Random Reverse,1705,500,140,0,0.0,0.0,0.0,True,80889
Random Reverse,1705,1000,140,1,0.001,0.007142857142857143,0.004116697835539543,True,80889
TF-IDF Reverse,1706,100,117,0,0.0,0.0,0.0,True,80889
TF-IDF Reverse,1706,500,117,7,0.014,0.05982905982905983,0.037067503391394,True,80889
TF-IDF Reverse,1706,1000,117,7,0.007,0.05982905982905983,0.037067503391394,True,80889
User Activity,1706,100,117,0,0.0,0.0,0.0,True,80889
User Activity,1706,500,117,0,0.0,0.0,0.0,True,80889
User Activity,1706,1000,117,0,0.0,0.0,0.0,True,80889
Random Reverse,1706,100,117,1,0.01,0.008547008547008548,0.007715650549788989,True,80889
Random Reverse,1706,500,117,1,0.002,0.008547008547008548,0.006890446529250651,True,80889
Random Reverse,1706,1000,117,4,0.004,0.03418803418803419,0.0201909362637602,True,80889
TF-IDF Reverse,1707,100,39,0,0.0,0.0,0.0,True,80889
TF-IDF Reverse,1707,500,39,0,0.0,0.0,0.0,True,80889
TF-IDF Reverse,1707,1000,39,3,0.003,0.07692307692307693,0.02883283223065866,True,80889
User Activity,1707,100,39,0,0.0,0.0,0.0,True,80889
User Activity,1707,500,39,1,0.002,0.02564102564102564,0.010458980188320957,True,80889
User Activity,1707,1000,39,2,0.002,0.05128205128205128,0.019889401855206216,True,80889
Random Reverse,1707,100,39,0,0.0,0.0,0.0,True,80889
Random Reverse,1707,500,39,0,0.0,0.0,0.0,True,80889
Random Reverse,1707,1000,39,0,0.0,0.0,0.0,True,80889
TF-IDF Reverse,1710,100,5,0,0.0,0.0,0.0,True,80889
TF-IDF Reverse,1710,500,5,1,0.002,0.2,0.04643625225993601,True,80889
TF-IDF Reverse,1710,1000,5,1,0.001,0.2,0.04643625225993601,True,80889
User Activity,1710,100,5,0,0.0,0.0,0.0,True,80889
User Activity,1710,500,5,0,0.0,0.0,0.0,True,80889
User Activity,1710,1000,5,0,0.0,0.0,0.0,True,80889
Random Reverse,1710,100,5,0,0.0,0.0,0.0,True,80889
Random Reverse,1710,500,5,0,0.0,0.0,0.0,True,80889
Random Reverse,1710,1000,5,0,0.0,0.0,0.0,True,80889
TF-IDF Reverse,1712,100,54,0,0.0,0.0,0.0,True,80889
TF-IDF Reverse,1712,500,54,0,0.0,0.0,0.0,True,80889
TF-IDF Reverse,1712,1000,54,0,0.0,0.0,0.0,True,80889
User Activity,1712,100,54,0,0.0,0.0,0.0,True,80889
User Activity,1712,500,54,0,0.0,0.0,0.0,True,80889
User Activity,1712,1000,54,0,0.0,0.0,0.0,True,80889
Random Reverse,1712,100,54,0,0.0,0.0,0.0,True,80889
Random Reverse,1712,500,54,1,0.002,0.018518518518518517,0.008488913676552818,True,80889
Random Reverse,1712,1000,54,1,0.001,0.018518518518518517,0.008488913676552818,True,80889
TF-IDF Reverse,1713,100,9,0,0.0,0.0,0.0,True,80889
TF-IDF Reverse,1713,500,9,0,0.0,0.0,0.0,True,80889
TF-IDF Reverse,1713,1000,9,0,0.0,0.0,0.0,True,80889
User Activity,1713,100,9,0,0.0,0.0,0.0,True,80889
User Activity,1713,500,9,0,0.0,0.0,0.0,True,80889
User Activity,1713,1000,9,0,0.0,0.0,0.0,True,80889
Random Reverse,1713,100,9,0,0.0,0.0,0.0,True,80889
Random Reverse,1713,500,9,0,0.0,0.0,0.0,True,80889
Random Reverse,1713,1000,9,0,0.0,0.0,0.0,True,80889
TF-IDF Reverse,1716,100,6,0,0.0,0.0,0.0,True,80889
TF-IDF Reverse,1716,500,6,0,0.0,0.0,0.0,True,80889
TF-IDF Reverse,1716,1000,6,1,0.001,0.16666666666666666,0.03078443020765063,True,80889
User Activity,1716,100,6,1,0.01,0.16666666666666666,0.06599888514927177,True,80889
User Activity,1716,500,6,1,0.002,0.16666666666666666,0.06599888514927177,True,80889
User Activity,1716,1000,6,1,0.001,0.16666666666666666,0.06599888514927177,True,80889
Random Reverse,1716,100,6,0,0.0,0.0,0.0,True,80889
Random Reverse,1716,500,6,0,0.0,0.0,0.0,True,80889
Random Reverse,1716,1000,6,0,0.0,0.0,0.0,True,80889
TF-IDF Reverse,1719,100,25,7,0.07,0.28,0.4020531811449599,True,80889
TF-IDF Reverse,1719,500,25,21,0.042,0.84,0.6427857669477536,True,80889
TF-IDF Reverse,1719,1000,25,21,0.021,0.84,0.6427857669477536,True,80889
User Activity,1719,100,25,0,0.0,0.0,0.0,True,80889
User Activity,1719,500,25,0,0.0,0.0,0.0,True,80889
User Activity,1719,1000,25,0,0.0,0.0,0.0,True,80889
Random Reverse,1719,100,25,0,0.0,0.0,0.0,True,80889
Random Reverse,1719,500,25,0,0.0,0.0,0.0,True,80889
Random Reverse,1719,1000,25,0,0.0,0.0,0.0,True,80889
TF-IDF Reverse,1720,100,16,0,0.0,0.0,0.0,True,80889
TF-IDF Reverse,1720,500,16,0,0.0,0.0,0.0,True,80889
TF-IDF Reverse,1720,1000,16,0,0.0,0.0,0.0,True,80889
User Activity,1720,100,16,0,0.0,0.0,0.0,True,80889
User Activity,1720,500,16,0,0.0,0.0,0.0,True,80889
User Activity,1720,1000,16,2,0.002,0.125,0.03547906458419663,True,80889
Random Reverse,1720,100,16,0,0.0,0.0,0.0,True,80889
Random Reverse,1720,500,16,0,0.0,0.0,0.0,True,80889
Random Reverse,1720,1000,16,0,0.0,0.0,0.0,True,80889
TF-IDF Reverse,1721,100,26,1,0.01,0.038461538461538464,0.05993712252025753,True,80889
TF-IDF Reverse,1721,500,26,1,0.002,0.038461538461538464,0.05993712252025753,True,80889
TF-IDF Reverse,1721,1000,26,3,0.003,0.11538461538461539,0.08418136867547184,True,80889
User Activity,1721,100,26,0,0.0,0.0,0.0,True,80889
User Activity,1721,500,26,0,0.0,0.0,0.0,True,80889
User Activity,1721,1000,26,0,0.0,0.0,0.0,True,80889
Random Reverse,1721,100,26,0,0.0,0.0,0.0,True,80889
Random Reverse,1721,500,26,0,0.0,0.0,0.0,True,80889
Random Reverse,1721,1000,26,0,0.0,0.0,0.0,True,80889
TF-IDF Reverse,1722,100,118,76,0.76,0.6440677966101694,0.6300822460871286,True,80889
TF-IDF Reverse,1722,500,118,115,0.23,0.9745762711864406,0.7902918776998402,True,80889
TF-IDF Reverse,1722,1000,118,115,0.115,0.9745762711864406,0.7902918776998402,True,80889
User Activity,1722,100,118,0,0.0,0.0,0.0,True,80889
User Activity,1722,500,118,0,0.0,0.0,0.0,True,80889
User Activity,1722,1000,118,0,0.0,0.0,0.0,True,80889
Random Reverse,1722,100,118,0,0.0,0.0,0.0,True,80889
Random Reverse,1722,500,118,0,0.0,0.0,0.0,True,80889
Random Reverse,1722,1000,118,2,0.002,0.01694915254237288,0.008816865601180397,True,80889
TF-IDF Reverse,1726,100,19,0,0.0,0.0,0.0,True,80889
TF-IDF Reverse,1726,500,19,0,0.0,0.0,0.0,True,80889
TF-IDF Reverse,1726,1000,19,0,0.0,0.0,0.0,True,80889
User Activity,1726,100,19,0,0.0,0.0,0.0,True,80889
User Activity,1726,500,19,0,0.0,0.0,0.0,True,80889
User Activity,1726,1000,19,0,0.0,0.0,0.0,True,80889
Random Reverse,1726,100,19,0,0.0,0.0,0.0,True,80889
Random Reverse,1726,500,19,0,0.0,0.0,0.0,True,80889
Random Reverse,1726,1000,19,0,0.0,0.0,0.0,True,80889
TF-IDF Reverse,1728,100,18,0,0.0,0.0,0.0,True,80889
TF-IDF Reverse,1728,500,18,0,0.0,0.0,0.0,True,80889
TF-IDF Reverse,1728,1000,18,0,0.0,0.0,0.0,True,80889
User Activity,1728,100,18,0,0.0,0.0,0.0,True,80889
User Activity,1728,500,18,0,0.0,0.0,0.0,True,80889
User Activity,1728,1000,18,0,0.0,0.0,0.0,True,80889
Random Reverse,1728,100,18,0,0.0,0.0,0.0,True,80889
Random Reverse,1728,500,18,0,0.0,0.0,0.0,True,80889
Random Reverse,1728,1000,18,0,0.0,0.0,0.0,True,80889
TF-IDF Reverse,1729,100,5,0,0.0,0.0,0.0,True,80889
TF-IDF Reverse,1729,500,5,0,0.0,0.0,0.0,True,80889
TF-IDF Reverse,1729,1000,5,0,0.0,0.0,0.0,True,80889
User Activity,1729,100,5,0,0.0,0.0,0.0,True,80889
User Activity,1729,500,5,0,0.0,0.0,0.0,True,80889
User Activity,1729,1000,5,0,0.0,0.0,0.0,True,80889
Random Reverse,1729,100,5,0,0.0,0.0,0.0,True,80889
Random Reverse,1729,500,5,0,0.0,0.0,0.0,True,80889
Random Reverse,1729,1000,5,0,0.0,0.0,0.0,True,80889
TF-IDF Reverse,1730,100,37,0,0.0,0.0,0.0,True,80889
TF-IDF Reverse,1730,500,37,0,0.0,0.0,0.0,True,80889
TF-IDF Reverse,1730,1000,37,2,0.002,0.05405405405405406,0.02046893182119204,True,80889
User Activity,1730,100,37,0,0.0,0.0,0.0,True,80889
User Activity,1730,500,37,0,0.0,0.0,0.0,True,80889
User Activity,1730,1000,37,0,0.0,0.0,0.0,True,80889
Random Reverse,1730,100,37,0,0.0,0.0,0.0,True,80889
Random Reverse,1730,500,37,0,0.0,0.0,0.0,True,80889
Random Reverse,1730,1000,37,0,0.0,0.0,0.0,True,80889
TF-IDF Reverse,1732,100,10,0,0.0,0.0,0.0,True,80889
TF-IDF Reverse,1732,500,10,0,0.0,0.0,0.0,True,80889
TF-IDF Reverse,1732,1000,10,0,0.0,0.0,0.0,True,80889
User Activity,1732,100,10,0,0.0,0.0,0.0,True,80889
User Activity,1732,500,10,0,0.0,0.0,0.0,True,80889
User Activity,1732,1000,10,0,0.0,0.0,0.0,True,80889
Random Reverse,1732,100,10,0,0.0,0.0,0.0,True,80889
Random Reverse,1732,500,10,0,0.0,0.0,0.0,True,80889
Random Reverse,1732,1000,10,0,0.0,0.0,0.0,True,80889
TF-IDF Reverse,1735,100,7,0,0.0,0.0,0.0,True,80889
TF-IDF Reverse,1735,500,7,0,0.0,0.0,0.0,True,80889
TF-IDF Reverse,1735,1000,7,0,0.0,0.0,0.0,True,80889
User Activity,1735,100,7,0,0.0,0.0,0.0,True,80889
User Activity,1735,500,7,0,0.0,0.0,0.0,True,80889
User Activity,1735,1000,7,0,0.0,0.0,0.0,True,80889
Random Reverse,1735,100,7,0,0.0,0.0,0.0,True,80889
Random Reverse,1735,500,7,0,0.0,0.0,0.0,True,80889
Random Reverse,1735,1000,7,0,0.0,0.0,0.0,True,80889
TF-IDF Reverse,1736,100,9,1,0.01,0.1111111111111111,0.14829723057014912,True,80889
TF-IDF Reverse,1736,500,9,1,0.002,0.1111111111111111,0.14829723057014912,True,80889
TF-IDF Reverse,1736,1000,9,1,0.001,0.1111111111111111,0.14829723057014912,True,80889
User Activity,1736,100,9,0,0.0,0.0,0.0,True,80889
User Activity,1736,500,9,0,0.0,0.0,0.0,True,80889
User Activity,1736,1000,9,1,0.001,0.1111111111111111,0.023693265032017935,True,80889
Random Reverse,1736,100,9,0,0.0,0.0,0.0,True,80889
Random Reverse,1736,500,9,0,0.0,0.0,0.0,True,80889
Random Reverse,1736,1000,9,0,0.0,0.0,0.0,True,80889
TF-IDF Reverse,1737,100,48,0,0.0,0.0,0.0,True,80889
TF-IDF Reverse,1737,500,48,1,0.002,0.020833333333333332,0.009716260638455118,True,80889
TF-IDF Reverse,1737,1000,48,1,0.001,0.020833333333333332,0.009716260638455118,True,80889
User Activity,1737,100,48,0,0.0,0.0,0.0,True,80889
User Activity,1737,500,48,0,0.0,0.0,0.0,True,80889
User Activity,1737,1000,48,0,0.0,0.0,0.0,True,80889
Random Reverse,1737,100,48,0,0.0,0.0,0.0,True,80889
Random Reverse,1737,500,48,0,0.0,0.0,0.0,True,80889
Random Reverse,1737,1000,48,0,0.0,0.0,0.0,True,80889
TF-IDF Reverse,1740,100,42,4,0.04,0.09523809523809523,0.10296860587790835,True,80889
TF-IDF Reverse,1740,500,42,4,0.008,0.09523809523809523,0.10296860587790835,True,80889
TF-IDF Reverse,1740,1000,42,4,0.004,0.09523809523809523,0.10296860587790835,True,80889
User Activity,1740,100,42,0,0.0,0.0,0.0,True,80889
User Activity,1740,500,42,0,0.0,0.0,0.0,True,80889
User Activity,1740,1000,42,0,0.0,0.0,0.0,True,80889
Random Reverse,1740,100,42,0,0.0,0.0,0.0,True,80889
Random Reverse,1740,500,42,0,0.0,0.0,0.0,True,80889
Random Reverse,1740,1000,42,0,0.0,0.0,0.0,True,80889
TF-IDF Reverse,1741,100,175,1,0.01,0.005714285714285714,0.020568476416638032,True,80889
TF-IDF Reverse,1741,500,175,1,0.002,0.005714285714285714,0.013667268350376916,True,80889
TF-IDF Reverse,1741,1000,175,2,0.002,0.011428571428571429,0.01689051210959041,True,80889
User Activity,1741,100,175,0,0.0,0.0,0.0,True,80889
User Activity,1741,500,175,0,0.0,0.0,0.0,True,80889
User Activity,1741,1000,175,1,0.001,0.005714285714285714,0.003312154264150606,True,80889
Random Reverse,1741,100,175,0,0.0,0.0,0.0,True,80889
Random Reverse,1741,500,175,0,0.0,0.0,0.0,True,80889
Random Reverse,1741,1000,175,1,0.001,0.005714285714285714,0.003312154264150606,True,80889
TF-IDF Reverse,1742,100,10,0,0.0,0.0,0.0,True,80889
TF-IDF Reverse,1742,500,10,0,0.0,0.0,0.0,True,80889
TF-IDF Reverse,1742,1000,10,0,0.0,0.0,0.0,True,80889
User Activity,1742,100,10,0,0.0,0.0,0.0,True,80889
User Activity,1742,500,10,0,0.0,0.0,0.0,True,80889
User Activity,1742,1000,10,0,0.0,0.0,0.0,True,80889
Random Reverse,1742,100,10,0,0.0,0.0,0.0,True,80889
Random Reverse,1742,500,10,0,0.0,0.0,0.0,True,80889
Random Reverse,1742,1000,10,0,0.0,0.0,0.0,True,80889
TF-IDF Reverse,1743,100,23,0,0.0,0.0,0.0,True,80889
TF-IDF Reverse,1743,500,23,0,0.0,0.0,0.0,True,80889
TF-IDF Reverse,1743,1000,23,0,0.0,0.0,0.0,True,80889
User Activity,1743,100,23,0,0.0,0.0,0.0,True,80889
User Activity,1743,500,23,0,0.0,0.0,0.0,True,80889
User Activity,1743,1000,23,0,0.0,0.0,0.0,True,80889
Random Reverse,1743,100,23,0,0.0,0.0,0.0,True,80889
Random Reverse,1743,500,23,0,0.0,0.0,0.0,True,80889
Random Reverse,1743,1000,23,0,0.0,0.0,0.0,True,80889
TF-IDF Reverse,1744,100,30,0,0.0,0.0,0.0,True,80889
TF-IDF Reverse,1744,500,30,0,0.0,0.0,0.0,True,80889
TF-IDF Reverse,1744,1000,30,0,0.0,0.0,0.0,True,80889
User Activity,1744,100,30,0,0.0,0.0,0.0,True,80889
User Activity,1744,500,30,0,0.0,0.0,0.0,True,80889
User Activity,1744,1000,30,0,0.0,0.0,0.0,True,80889
Random Reverse,1744,100,30,0,0.0,0.0,0.0,True,80889
Random Reverse,1744,500,30,0,0.0,0.0,0.0,True,80889
Random Reverse,1744,1000,30,0,0.0,0.0,0.0,True,80889
TF-IDF Reverse,1745,100,123,0,0.0,0.0,0.0,True,80889
TF-IDF Reverse,1745,500,123,0,0.0,0.0,0.0,True,80889
TF-IDF Reverse,1745,1000,123,0,0.0,0.0,0.0,True,80889
User Activity,1745,100,123,0,0.0,0.0,0.0,True,80889
User Activity,1745,500,123,0,0.0,0.0,0.0,True,80889
User Activity,1745,1000,123,0,0.0,0.0,0.0,True,80889
Random Reverse,1745,100,123,0,0.0,0.0,0.0,True,80889
Random Reverse,1745,500,123,0,0.0,0.0,0.0,True,80889
Random Reverse,1745,1000,123,2,0.002,0.016260162601626018,0.008539650678438473,True,80889
TF-IDF Reverse,1746,100,135,0,0.0,0.0,0.0,True,80889
TF-IDF Reverse,1746,500,135,0,0.0,0.0,0.0,True,80889
TF-IDF Reverse,1746,1000,135,1,0.001,0.007407407407407408,0.003996376235639894,True,80889
User Activity,1746,100,135,0,0.0,0.0,0.0,True,80889
User Activity,1746,500,135,0,0.0,0.0,0.0,True,80889
User Activity,1746,1000,135,0,0.0,0.0,0.0,True,80889
Random Reverse,1746,100,135,1,0.01,0.007407407407407408,0.008052712595841475,True,80889
Random Reverse,1746,500,135,3,0.006,0.022222222222222223,0.015901886384671843,True,80889
Random Reverse,1746,1000,135,4,0.004,0.02962962962962963,0.019853200928369816,True,80889
TF-IDF Reverse,1747,100,44,0,0.0,0.0,0.0,True,80889
TF-IDF Reverse,1747,500,44,0,0.0,0.0,0.0,True,80889
TF-IDF Reverse,1747,1000,44,4,0.004,0.09090909090909091,0.03567264581715549,True,80889
User Activity,1747,100,44,0,0.0,0.0,0.0,True,80889
User Activity,1747,500,44,0,0.0,0.0,0.0,True,80889
User Activity,1747,1000,44,0,0.0,0.0,0.0,True,80889
Random Reverse,1747,100,44,0,0.0,0.0,0.0,True,80889
Random Reverse,1747,500,44,0,0.0,0.0,0.0,True,80889
Random Reverse,1747,1000,44,0,0.0,0.0,0.0,True,80889
TF-IDF Reverse,1748,100,13,0,0.0,0.0,0.0,True,80889
TF-IDF Reverse,1748,500,13,2,0.004,0.15384615384615385,0.04819786575444844,True,80889
TF-IDF Reverse,1748,1000,13,5,0.005,0.38461538461538464,0.10775387720420204,True,80889
User Activity,1748,100,13,1,0.01,0.07692307692307693,0.02876339962635923,True,80889
User Activity,1748,500,13,6,0.012,0.46153846153846156,0.153897893942828,True,80889
User Activity,1748,1000,13,7,0.007,0.5384615384615384,0.17439822479349537,True,80889
Random Reverse,1748,100,13,0,0.0,0.0,0.0,True,80889
Random Reverse,1748,500,13,0,0.0,0.0,0.0,True,80889
Random Reverse,1748,1000,13,0,0.0,0.0,0.0,True,80889
TF-IDF Reverse,1752,100,83,0,0.0,0.0,0.0,True,80889
TF-IDF Reverse,1752,500,83,1,0.002,0.012048192771084338,0.006368913067127291,True,80889
TF-IDF Reverse,1752,1000,83,2,0.002,0.024096385542168676,0.011983536085118778,True,80889
User Activity,1752,100,83,0,0.0,0.0,0.0,True,80889
User Activity,1752,500,83,0,0.0,0.0,0.0,True,80889
User Activity,1752,1000,83,0,0.0,0.0,0.0,True,80889
Random Reverse,1752,100,83,0,0.0,0.0,0.0,True,80889
Random Reverse,1752,500,83,0,0.0,0.0,0.0,True,80889
Random Reverse,1752,1000,83,1,0.001,0.012048192771084338,0.0056018288975185826,True,80889
TF-IDF Reverse,1755,100,76,0,0.0,0.0,0.0,True,80889
TF-IDF Reverse,1755,500,76,0,0.0,0.0,0.0,True,80889
TF-IDF Reverse,1755,1000,76,0,0.0,0.0,0.0,True,80889
User Activity,1755,100,76,0,0.0,0.0,0.0,True,80889
User Activity,1755,500,76,0,0.0,0.0,0.0,True,80889
User Activity,1755,1000,76,0,0.0,0.0,0.0,True,80889
Random Reverse,1755,100,76,0,0.0,0.0,0.0,True,80889
Random Reverse,1755,500,76,0,0.0,0.0,0.0,True,80889
Random Reverse,1755,1000,76,0,0.0,0.0,0.0,True,80889
TF-IDF Reverse,1758,100,15,0,0.0,0.0,0.0,True,80889
TF-IDF Reverse,1758,500,15,0,0.0,0.0,0.0,True,80889
TF-IDF Reverse,1758,1000,15,0,0.0,0.0,0.0,True,80889
User Activity,1758,100,15,0,0.0,0.0,0.0,True,80889
User Activity,1758,500,15,0,0.0,0.0,0.0,True,80889
User Activity,1758,1000,15,0,0.0,0.0,0.0,True,80889
Random Reverse,1758,100,15,0,0.0,0.0,0.0,True,80889
Random Reverse,1758,500,15,0,0.0,0.0,0.0,True,80889
Random Reverse,1758,1000,15,0,0.0,0.0,0.0,True,80889
TF-IDF Reverse,1759,100,10,0,0.0,0.0,0.0,True,80889
TF-IDF Reverse,1759,500,10,0,0.0,0.0,0.0,True,80889
TF-IDF Reverse,1759,1000,10,0,0.0,0.0,0.0,True,80889
User Activity,1759,100,10,0,0.0,0.0,0.0,True,80889
User Activity,1759,500,10,0,0.0,0.0,0.0,True,80889
User Activity,1759,1000,10,0,0.0,0.0,0.0,True,80889
Random Reverse,1759,100,10,0,0.0,0.0,0.0,True,80889
Random Reverse,1759,500,10,0,0.0,0.0,0.0,True,80889
Random Reverse,1759,1000,10,0,0.0,0.0,0.0,True,80889
TF-IDF Reverse,1760,100,17,0,0.0,0.0,0.0,True,80889
TF-IDF Reverse,1760,500,17,3,0.006,0.17647058823529413,0.056114171842986026,True,80889
TF-IDF Reverse,1760,1000,17,3,0.003,0.17647058823529413,0.056114171842986026,True,80889
User Activity,1760,100,17,0,0.0,0.0,0.0,True,80889
User Activity,1760,500,17,0,0.0,0.0,0.0,True,80889
User Activity,1760,1000,17,1,0.001,0.058823529411764705,0.01631911116292155,True,80889
Random Reverse,1760,100,17,0,0.0,0.0,0.0,True,80889
Random Reverse,1760,500,17,0,0.0,0.0,0.0,True,80889
Random Reverse,1760,1000,17,1,0.001,0.058823529411764705,0.016666189028533035,True,80889
TF-IDF Reverse,1762,100,38,1,0.01,0.02631578947368421,0.036098874165577895,True,80889
TF-IDF Reverse,1762,500,38,1,0.002,0.02631578947368421,0.036098874165577895,True,80889
TF-IDF Reverse,1762,1000,38,1,0.001,0.02631578947368421,0.036098874165577895,True,80889
User Activity,1762,100,38,0,0.0,0.0,0.0,True,80889
User Activity,1762,500,38,0,0.0,0.0,0.0,True,80889
User Activity,1762,1000,38,0,0.0,0.0,0.0,True,80889
Random Reverse,1762,100,38,0,0.0,0.0,0.0,True,80889
Random Reverse,1762,500,38,0,0.0,0.0,0.0,True,80889
Random Reverse,1762,1000,38,1,0.001,0.02631578947368421,0.009868958933106587,True,80889
TF-IDF Reverse,1763,100,20,0,0.0,0.0,0.0,True,80889
TF-IDF Reverse,1763,500,20,0,0.0,0.0,0.0,True,80889
TF-IDF Reverse,1763,1000,20,2,0.002,0.1,0.0295333907101686,True,80889
User Activity,1763,100,20,0,0.0,0.0,0.0,True,80889
User Activity,1763,500,20,0,0.0,0.0,0.0,True,80889
User Activity,1763,1000,20,0,0.0,0.0,0.0,True,80889
Random Reverse,1763,100,20,0,0.0,0.0,0.0,True,80889
Random Reverse,1763,500,20,0,0.0,0.0,0.0,True,80889
Random Reverse,1763,1000,20,0,0.0,0.0,0.0,True,80889
TF-IDF Reverse,1765,100,6,0,0.0,0.0,0.0,True,80889
TF-IDF Reverse,1765,500,6,0,0.0,0.0,0.0,True,80889
TF-IDF Reverse,1765,1000,6,0,0.0,0.0,0.0,True,80889
User Activity,1765,100,6,0,0.0,0.0,0.0,True,80889
User Activity,1765,500,6,0,0.0,0.0,0.0,True,80889
User Activity,1765,1000,6,1,0.001,0.16666666666666666,0.0328145697177244,True,80889
Random Reverse,1765,100,6,0,0.0,0.0,0.0,True,80889
Random Reverse,1765,500,6,0,0.0,0.0,0.0,True,80889
Random Reverse,1765,1000,6,0,0.0,0.0,0.0,True,80889
TF-IDF Reverse,1766,100,15,0,0.0,0.0,0.0,True,80889
TF-IDF Reverse,1766,500,15,0,0.0,0.0,0.0,True,80889
TF-IDF Reverse,1766,1000,15,1,0.001,0.06666666666666667,0.01844364479618806,True,80889
User Activity,1766,100,15,0,0.0,0.0,0.0,True,80889
User Activity,1766,500,15,0,0.0,0.0,0.0,True,80889
User Activity,1766,1000,15,0,0.0,0.0,0.0,True,80889
Random Reverse,1766,100,15,0,0.0,0.0,0.0,True,80889
Random Reverse,1766,500,15,0,0.0,0.0,0.0,True,80889
Random Reverse,1766,1000,15,0,0.0,0.0,0.0,True,80889
TF-IDF Reverse,1767,100,69,0,0.0,0.0,0.0,True,80889
TF-IDF Reverse,1767,500,69,1,0.002,0.014492753623188406,0.0072227650696564385,True,80889
TF-IDF Reverse,1767,1000,69,2,0.002,0.028985507246376812,0.013827281117718079,True,80889
User Activity,1767,100,69,0,0.0,0.0,0.0,True,80889
User Activity,1767,500,69,0,0.0,0.0,0.0,True,80889
User Activity,1767,1000,69,0,0.0,0.0,0.0,True,80889
Random Reverse,1767,100,69,0,0.0,0.0,0.0,True,80889
Random Reverse,1767,500,69,0,0.0,0.0,0.0,True,80889
Random Reverse,1767,1000,69,0,0.0,0.0,0.0,True,80889
TF-IDF Reverse,1771,100,7,0,0.0,0.0,0.0,True,80889
TF-IDF Reverse,1771,500,7,0,0.0,0.0,0.0,True,80889
TF-IDF Reverse,1771,1000,7,0,0.0,0.0,0.0,True,80889
User Activity,1771,100,7,0,0.0,0.0,0.0,True,80889
User Activity,1771,500,7,0,0.0,0.0,0.0,True,80889
User Activity,1771,1000,7,0,0.0,0.0,0.0,True,80889
Random Reverse,1771,100,7,0,0.0,0.0,0.0,True,80889
Random Reverse,1771,500,7,0,0.0,0.0,0.0,True,80889
Random Reverse,1771,1000,7,0,0.0,0.0,0.0,True,80889
TF-IDF Reverse,1772,100,56,0,0.0,0.0,0.0,True,80889
TF-IDF Reverse,1772,500,56,1,0.002,0.017857142857142856,0.008289860117473163,True,80889
TF-IDF Reverse,1772,1000,56,1,0.001,0.017857142857142856,0.008289860117473163,True,80889
User Activity,1772,100,56,0,0.0,0.0,0.0,True,80889
User Activity,1772,500,56,0,0.0,0.0,0.0,True,80889
User Activity,1772,1000,56,0,0.0,0.0,0.0,True,80889
Random Reverse,1772,100,56,0,0.0,0.0,0.0,True,80889
Random Reverse,1772,500,56,0,0.0,0.0,0.0,True,80889
Random Reverse,1772,1000,56,0,0.0,0.0,0.0,True,80889
TF-IDF Reverse,1773,100,81,5,0.05,0.06172839506172839,0.0637447503739147,True,80889
TF-IDF Reverse,1773,500,81,18,0.036,0.2222222222222222,0.15212791009915078,True,80889
TF-IDF Reverse,1773,1000,81,28,0.028,0.345679012345679,0.21082755555591173,True,80889
User Activity,1773,100,81,5,0.05,0.06172839506172839,0.06044873937044093,True,80889
User Activity,1773,500,81,22,0.044,0.2716049382716049,0.17715952546725502,True,80889
User Activity,1773,1000,81,39,0.039,0.48148148148148145,0.27553304999020645,True,80889
Random Reverse,1773,100,81,0,0.0,0.0,0.0,True,80889
Random Reverse,1773,500,81,0,0.0,0.0,0.0,True,80889
Random Reverse,1773,1000,81,0,0.0,0.0,0.0,True,80889
TF-IDF Reverse,1774,100,84,0,0.0,0.0,0.0,True,80889
TF-IDF Reverse,1774,500,84,1,0.002,0.011904761904761904,0.006295717720776821,True,80889
TF-IDF Reverse,1774,1000,84,1,0.001,0.011904761904761904,0.006295717720776821,True,80889
User Activity,1774,100,84,0,0.0,0.0,0.0,True,80889
User Activity,1774,500,84,0,0.0,0.0,0.0,True,80889
User Activity,1774,1000,84,0,0.0,0.0,0.0,True,80889
Random Reverse,1774,100,84,0,0.0,0.0,0.0,True,80889
Random Reverse,1774,500,84,1,0.002,0.011904761904761904,0.006271375313230229,True,80889
Random Reverse,1774,1000,84,3,0.003,0.03571428571428571,0.017705180877770364,True,80889
TF-IDF Reverse,1776,100,315,20,0.2,0.06349206349206349,0.18233135798203468,True,80889
TF-IDF Reverse,1776,500,315,55,0.11,0.1746031746031746,0.17357555418598575,True,80889
TF-IDF Reverse,1776,1000,315,58,0.058,0.18412698412698414,0.18002756987709145,True,80889
User Activity,1776,100,315,2,0.02,0.006349206349206349,0.01681479779069039,True,80889
User Activity,1776,500,315,9,0.018,0.02857142857142857,0.024646067143717445,True,80889
User Activity,1776,1000,315,14,0.014,0.044444444444444446,0.035197498204135994,True,80889
Random Reverse,1776,100,315,0,0.0,0.0,0.0,True,80889
Random Reverse,1776,500,315,1,0.002,0.0031746031746031746,0.0023806041372226934,True,80889
Random Reverse,1776,1000,315,1,0.001,0.0031746031746031746,0.0023806041372226934,True,80889
TF-IDF Reverse,1777,100,65,6,0.06,0.09230769230769231,0.08546339233664794,True,80889
TF-IDF Reverse,1777,500,65,8,0.016,0.12307692307692308,0.10229842885449232,True,80889
TF-IDF Reverse,1777,1000,65,9,0.009,0.13846153846153847,0.1091817972615813,True,80889
User Activity,1777,100,65,0,0.0,0.0,0.0,True,80889
User Activity,1777,500,65,0,0.0,0.0,0.0,True,80889
User Activity,1777,1000,65,0,0.0,0.0,0.0,True,80889
Random Reverse,1777,100,65,1,0.01,0.015384615384615385,0.010209136787953094,True,80889
Random Reverse,1777,500,65,1,0.002,0.015384615384615385,0.010209136787953094,True,80889
Random Reverse,1777,1000,65,1,0.001,0.015384615384615385,0.010209136787953094,True,80889
TF-IDF Reverse,1779,100,12,1,0.01,0.08333333333333333,0.03497205398870123,True,80889
TF-IDF Reverse,1779,500,12,2,0.004,0.16666666666666666,0.057679065241692876,True,80889
TF-IDF Reverse,1779,1000,12,3,0.003,0.25,0.07955881392439157,True,80889
User Activity,1779,100,12,0,0.0,0.0,0.0,True,80889
User Activity,1779,500,12,0,0.0,0.0,0.0,True,80889
User Activity,1779,1000,12,0,0.0,0.0,0.0,True,80889
Random Reverse,1779,100,12,0,0.0,0.0,0.0,True,80889
Random Reverse,1779,500,12,1,0.002,0.08333333333333333,0.022532981817096946,True,80889
Random Reverse,1779,1000,12,1,0.001,0.08333333333333333,0.022532981817096946,True,80889
TF-IDF Reverse,1780,100,18,0,0.0,0.0,0.0,True,80889
TF-IDF Reverse,1780,500,18,0,0.0,0.0,0.0,True,80889
TF-IDF Reverse,1780,1000,18,1,0.001,0.05555555555555555,0.01533059264365506,True,80889
User Activity,1780,100,18,0,0.0,0.0,0.0,True,80889
User Activity,1780,500,18,0,0.0,0.0,0.0,True,80889
User Activity,1780,1000,18,1,0.001,0.05555555555555555,0.01624560331748272,True,80889
Random Reverse,1780,100,18,0,0.0,0.0,0.0,True,80889
Random Reverse,1780,500,18,0,0.0,0.0,0.0,True,80889
Random Reverse,1780,1000,18,0,0.0,0.0,0.0,True,80889
TF-IDF Reverse,1781,100,17,0,0.0,0.0,0.0,True,80889
TF-IDF Reverse,1781,500,17,2,0.004,0.11764705882352941,0.03841822967434204,True,80889
TF-IDF Reverse,1781,1000,17,3,0.003,0.17647058823529413,0.05493124919983021,True,80889
User Activity,1781,100,17,0,0.0,0.0,0.0,True,80889
User Activity,1781,500,17,0,0.0,0.0,0.0,True,80889
User Activity,1781,1000,17,0,0.0,0.0,0.0,True,80889
Random Reverse,1781,100,17,0,0.0,0.0,0.0,True,80889
Random Reverse,1781,500,17,0,0.0,0.0,0.0,True,80889
Random Reverse,1781,1000,17,0,0.0,0.0,0.0,True,80889
TF-IDF Reverse,1782,100,15,0,0.0,0.0,0.0,True,80889
TF-IDF Reverse,1782,500,15,0,0.0,0.0,0.0,True,80889
TF-IDF Reverse,1782,1000,15,1,0.001,0.06666666666666667,0.017290402225287174,True,80889
User Activity,1782,100,15,0,0.0,0.0,0.0,True,80889
User Activity,1782,500,15,0,0.0,0.0,0.0,True,80889
User Activity,1782,1000,15,0,0.0,0.0,0.0,True,80889
Random Reverse,1782,100,15,0,0.0,0.0,0.0,True,80889
Random Reverse,1782,500,15,0,0.0,0.0,0.0,True,80889
Random Reverse,1782,1000,15,0,0.0,0.0,0.0,True,80889
TF-IDF Reverse,1783,100,83,0,0.0,0.0,0.0,True,80889
TF-IDF Reverse,1783,500,83,0,0.0,0.0,0.0,True,80889
TF-IDF Reverse,1783,1000,83,0,0.0,0.0,0.0,True,80889
User Activity,1783,100,83,0,0.0,0.0,0.0,True,80889
User Activity,1783,500,83,0,0.0,0.0,0.0,True,80889
User Activity,1783,1000,83,0,0.0,0.0,0.0,True,80889
Random Reverse,1783,100,83,0,0.0,0.0,0.0,True,80889
Random Reverse,1783,500,83,0,0.0,0.0,0.0,True,80889
Random Reverse,1783,1000,83,1,0.001,0.012048192771084338,0.005686010394954536,True,80889
TF-IDF Reverse,1784,100,39,0,0.0,0.0,0.0,True,80889
TF-IDF Reverse,1784,500,39,3,0.006,0.07692307692307693,0.03575763816309702,True,80889
TF-IDF Reverse,1784,1000,39,4,0.004,0.10256410256410256,0.04545653741890029,True,80889
User Activity,1784,100,39,0,0.0,0.0,0.0,True,80889
User Activity,1784,500,39,0,0.0,0.0,0.0,True,80889
User Activity,1784,1000,39,0,0.0,0.0,0.0,True,80889
Random Reverse,1784,100,39,0,0.0,0.0,0.0,True,80889
Random Reverse,1784,500,39,0,0.0,0.0,0.0,True,80889
Random Reverse,1784,1000,39,1,0.001,0.02564102564102564,0.00927523211092462,True,80889
TF-IDF Reverse,1785,100,31,0,0.0,0.0,0.0,True,80889
TF-IDF Reverse,1785,500,31,0,0.0,0.0,0.0,True,80889
TF-IDF Reverse,1785,1000,31,0,0.0,0.0,0.0,True,80889
User Activity,1785,100,31,0,0.0,0.0,0.0,True,80889
User Activity,1785,500,31,0,0.0,0.0,0.0,True,80889
User Activity,1785,1000,31,0,0.0,0.0,0.0,True,80889
Random Reverse,1785,100,31,0,0.0,0.0,0.0,True,80889
Random Reverse,1785,500,31,0,0.0,0.0,0.0,True,80889
Random Reverse,1785,1000,31,0,0.0,0.0,0.0,True,80889
TF-IDF Reverse,1786,100,96,0,0.0,0.0,0.0,True,80889
TF-IDF Reverse,1786,500,96,0,0.0,0.0,0.0,True,80889
TF-IDF Reverse,1786,1000,96,0,0.0,0.0,0.0,True,80889
User Activity,1786,100,96,0,0.0,0.0,0.0,True,80889
User Activity,1786,500,96,0,0.0,0.0,0.0,True,80889
User Activity,1786,1000,96,0,0.0,0.0,0.0,True,80889
Random Reverse,1786,100,96,1,0.01,0.010416666666666666,0.009665724988012263,True,80889
Random Reverse,1786,500,96,1,0.002,0.010416666666666666,0.009665724988012263,True,80889
Random Reverse,1786,1000,96,1,0.001,0.010416666666666666,0.009665724988012263,True,80889
TF-IDF Reverse,1787,100,38,0,0.0,0.0,0.0,True,80889
TF-IDF Reverse,1787,500,38,0,0.0,0.0,0.0,True,80889
TF-IDF Reverse,1787,1000,38,1,0.001,0.02631578947368421,0.00948392146823488,True,80889
User Activity,1787,100,38,0,0.0,0.0,0.0,True,80889
User Activity,1787,500,38,0,0.0,0.0,0.0,True,80889
User Activity,1787,1000,38,0,0.0,0.0,0.0,True,80889
Random Reverse,1787,100,38,0,0.0,0.0,0.0,True,80889
Random Reverse,1787,500,38,1,0.002,0.02631578947368421,0.011275112778247139,True,80889
Random Reverse,1787,1000,38,1,0.001,0.02631578947368421,0.011275112778247139,True,80889
TF-IDF Reverse,1789,100,15,0,0.0,0.0,0.0,True,80889
TF-IDF Reverse,1789,500,15,0,0.0,0.0,0.0,True,80889
TF-IDF Reverse,1789,1000,15,0,0.0,0.0,0.0,True,80889
User Activity,1789,100,15,0,0.0,0.0,0.0,True,80889
User Activity,1789,500,15,1,0.002,0.06666666666666667,0.022999812673038713,True,80889
User Activity,1789,1000,15,1,0.001,0.06666666666666667,0.022999812673038713,True,80889
Random Reverse,1789,100,15,0,0.0,0.0,0.0,True,80889
Random Reverse,1789,500,15,0,0.0,0.0,0.0,True,80889
Random Reverse,1789,1000,15,0,0.0,0.0,0.0,True,80889
TF-IDF Reverse,1791,100,7,0,0.0,0.0,0.0,True,80889
TF-IDF Reverse,1791,500,7,1,0.002,0.14285714285714285,0.0376820594759579,True,80889
TF-IDF Reverse,1791,1000,7,1,0.001,0.14285714285714285,0.0376820594759579,True,80889
User Activity,1791,100,7,0,0.0,0.0,0.0,True,80889
User Activity,1791,500,7,0,0.0,0.0,0.0,True,80889
User Activity,1791,1000,7,0,0.0,0.0,0.0,True,80889
Random Reverse,1791,100,7,0,0.0,0.0,0.0,True,80889
Random Reverse,1791,500,7,0,0.0,0.0,0.0,True,80889
Random Reverse,1791,1000,7,0,0.0,0.0,0.0,True,80889
TF-IDF Reverse,1792,100,27,0,0.0,0.0,0.0,True,80889
TF-IDF Reverse,1792,500,27,0,0.0,0.0,0.0,True,80889
TF-IDF Reverse,1792,1000,27,0,0.0,0.0,0.0,True,80889
User Activity,1792,100,27,0,0.0,0.0,0.0,True,80889
User Activity,1792,500,27,0,0.0,0.0,0.0,True,80889
User Activity,1792,1000,27,0,0.0,0.0,0.0,True,80889
Random Reverse,1792,100,27,0,0.0,0.0,0.0,True,80889
Random Reverse,1792,500,27,0,0.0,0.0,0.0,True,80889
Random Reverse,1792,1000,27,0,0.0,0.0,0.0,True,80889
TF-IDF Reverse,1793,100,76,0,0.0,0.0,0.0,True,80889
TF-IDF Reverse,1793,500,76,0,0.0,0.0,0.0,True,80889
TF-IDF Reverse,1793,1000,76,0,0.0,0.0,0.0,True,80889
User Activity,1793,100,76,0,0.0,0.0,0.0,True,80889
User Activity,1793,500,76,0,0.0,0.0,0.0,True,80889
User Activity,1793,1000,76,0,0.0,0.0,0.0,True,80889
Random Reverse,1793,100,76,0,0.0,0.0,0.0,True,80889
Random Reverse,1793,500,76,2,0.004,0.02631578947368421,0.014802272176239736,True,80889
Random Reverse,1793,1000,76,2,0.002,0.02631578947368421,0.014802272176239736,True,80889
TF-IDF Reverse,1794,100,21,0,0.0,0.0,0.0,True,80889
TF-IDF Reverse,1794,500,21,1,0.002,0.047619047619047616,0.018665051627604484,True,80889
TF-IDF Reverse,1794,1000,21,2,0.002,0.09523809523809523,0.032655562923674906,True,80889
User Activity,1794,100,21,0,0.0,0.0,0.0,True,80889
User Activity,1794,500,21,0,0.0,0.0,0.0,True,80889
User Activity,1794,1000,21,0,0.0,0.0,0.0,True,80889
Random Reverse,1794,100,21,1,0.01,0.047619047619047616,0.023498794525998862,True,80889
Random Reverse,1794,500,21,1,0.002,0.047619047619047616,0.023498794525998862,True,80889
Random Reverse,1794,1000,21,2,0.002,0.09523809523809523,0.038403004164657924,True,80889
TF-IDF Reverse,1795,100,55,0,0.0,0.0,0.0,True,80889
TF-IDF Reverse,1795,500,55,1,0.002,0.01818181818181818,0.00939132849031462,True,80889
TF-IDF Reverse,1795,1000,55,2,0.002,0.03636363636363636,0.016883591347544455,True,80889
User Activity,1795,100,55,0,0.0,0.0,0.0,True,80889
User Activity,1795,500,55,0,0.0,0.0,0.0,True,80889
User Activity,1795,1000,55,1,0.001,0.01818181818181818,0.007359322667845992,True,80889
Random Reverse,1795,100,55,0,0.0,0.0,0.0,True,80889
Random Reverse,1795,500,55,0,0.0,0.0,0.0,True,80889
Random Reverse,1795,1000,55,1,0.001,0.01818181818181818,0.007581429717458599,True,80889
TF-IDF Reverse,1797,100,37,0,0.0,0.0,0.0,True,80889
TF-IDF Reverse,1797,500,37,2,0.004,0.05405405405405406,0.02235587696219865,True,80889
TF-IDF Reverse,1797,1000,37,5,0.005,0.13513513513513514,0.052660431962219915,True,80889
User Activity,1797,100,37,3,0.03,0.08108108108108109,0.049891946803931594,True,80889
User Activity,1797,500,37,9,0.018,0.24324324324324326,0.12177867738718848,True,80889
User Activity,1797,1000,37,12,0.012,0.32432432432432434,0.15164363947743575,True,80889
Random Reverse,1797,100,37,0,0.0,0.0,0.0,True,80889
Random Reverse,1797,500,37,0,0.0,0.0,0.0,True,80889
Random Reverse,1797,1000,37,0,0.0,0.0,0.0,True,80889
TF-IDF Reverse,1798,100,12,2,0.02,0.16666666666666666,0.07324176861463365,True,80889
TF-IDF Reverse,1798,500,12,3,0.006,0.25,0.09956521332705534,True,80889
TF-IDF Reverse,1798,1000,12,4,0.004,0.3333333333333333,0.11991475449239426,True,80889
User Activity,1798,100,12,0,0.0,0.0,0.0,True,80889
User Activity,1798,500,12,0,0.0,0.0,0.0,True,80889
User Activity,1798,1000,12,0,0.0,0.0,0.0,True,80889
Random Reverse,1798,100,12,0,0.0,0.0,0.0,True,80889
Random Reverse,1798,500,12,0,0.0,0.0,0.0,True,80889
Random Reverse,1798,1000,12,0,0.0,0.0,0.0,True,80889
TF-IDF Reverse,1799,100,5,0,0.0,0.0,0.0,True,80889
TF-IDF Reverse,1799,500,5,1,0.002,0.2,0.047237395490882274,True,80889
TF-IDF Reverse,1799,1000,5,1,0.001,0.2,0.047237395490882274,True,80889
User Activity,1799,100,5,0,0.0,0.0,0.0,True,80889
User Activity,1799,500,5,0,0.0,0.0,0.0,True,80889
User Activity,1799,1000,5,0,0.0,0.0,0.0,True,80889
Random Reverse,1799,100,5,0,0.0,0.0,0.0,True,80889
Random Reverse,1799,500,5,0,0.0,0.0,0.0,True,80889
Random Reverse,1799,1000,5,0,0.0,0.0,0.0,True,80889
TF-IDF Reverse,1801,100,86,1,0.01,0.011627906976744186,0.01329459257300206,True,80889
TF-IDF Reverse,1801,500,86,2,0.004,0.023255813953488372,0.01945969404576583,True,80889
TF-IDF Reverse,1801,1000,86,4,0.004,0.046511627906976744,0.030710310549022055,True,80889
User Activity,1801,100,86,0,0.0,0.0,0.0,True,80889
User Activity,1801,500,86,0,0.0,0.0,0.0,True,80889
User Activity,1801,1000,86,0,0.0,0.0,0.0,True,80889
Random Reverse,1801,100,86,0,0.0,0.0,0.0,True,80889
Random Reverse,1801,500,86,1,0.002,0.011627906976744186,0.0061419578856379275,True,80889
Random Reverse,1801,1000,86,1,0.001,0.011627906976744186,0.0061419578856379275,True,80889
TF-IDF Reverse,1802,100,10,0,0.0,0.0,0.0,True,80889
TF-IDF Reverse,1802,500,10,1,0.002,0.1,0.02745378938849404,True,80889
TF-IDF Reverse,1802,1000,10,1,0.001,0.1,0.02745378938849404,True,80889
User Activity,1802,100,10,0,0.0,0.0,0.0,True,80889
User Activity,1802,500,10,0,0.0,0.0,0.0,True,80889
User Activity,1802,1000,10,0,0.0,0.0,0.0,True,80889
Random Reverse,1802,100,10,0,0.0,0.0,0.0,True,80889
Random Reverse,1802,500,10,0,0.0,0.0,0.0,True,80889
Random Reverse,1802,1000,10,0,0.0,0.0,0.0,True,80889
TF-IDF Reverse,1803,100,52,0,0.0,0.0,0.0,True,80889
TF-IDF Reverse,1803,500,52,0,0.0,0.0,0.0,True,80889
TF-IDF Reverse,1803,1000,52,0,0.0,0.0,0.0,True,80889
User Activity,1803,100,52,0,0.0,0.0,0.0,True,80889
User Activity,1803,500,52,0,0.0,0.0,0.0,True,80889
User Activity,1803,1000,52,0,0.0,0.0,0.0,True,80889
Random Reverse,1803,100,52,0,0.0,0.0,0.0,True,80889
Random Reverse,1803,500,52,0,0.0,0.0,0.0,True,80889
Random Reverse,1803,1000,52,0,0.0,0.0,0.0,True,80889
TF-IDF Reverse,1804,100,348,0,0.0,0.0,0.0,True,80889
TF-IDF Reverse,1804,500,348,5,0.01,0.014367816091954023,0.011179786951773425,True,80889
TF-IDF Reverse,1804,1000,348,12,0.012,0.034482758620689655,0.024729946827573034,True,80889
User Activity,1804,100,348,0,0.0,0.0,0.0,True,80889
User Activity,1804,500,348,0,0.0,0.0,0.0,True,80889
User Activity,1804,1000,348,0,0.0,0.0,0.0,True,80889
Random Reverse,1804,100,348,0,0.0,0.0,0.0,True,80889
Random Reverse,1804,500,348,3,0.006,0.008620689655172414,0.0068976875301873216,True,80889
Random Reverse,1804,1000,348,3,0.003,0.008620689655172414,0.0068976875301873216,True,80889
TF-IDF Reverse,1807,100,37,0,0.0,0.0,0.0,True,80889
TF-IDF Reverse,1807,500,37,1,0.002,0.02702702702702703,0.010829553671027206,True,80889
TF-IDF Reverse,1807,1000,37,1,0.001,0.02702702702702703,0.010829553671027206,True,80889
User Activity,1807,100,37,0,0.0,0.0,0.0,True,80889
User Activity,1807,500,37,0,0.0,0.0,0.0,True,80889
User Activity,1807,1000,37,0,0.0,0.0,0.0,True,80889
Random Reverse,1807,100,37,0,0.0,0.0,0.0,True,80889
Random Reverse,1807,500,37,1,0.002,0.02702702702702703,0.010829553671027206,True,80889
Random Reverse,1807,1000,37,1,0.001,0.02702702702702703,0.010829553671027206,True,80889
TF-IDF Reverse,1808,100,21,0,0.0,0.0,0.0,True,80889
TF-IDF Reverse,1808,500,21,0,0.0,0.0,0.0,True,80889
TF-IDF Reverse,1808,1000,21,0,0.0,0.0,0.0,True,80889
User Activity,1808,100,21,0,0.0,0.0,0.0,True,80889
User Activity,1808,500,21,0,0.0,0.0,0.0,True,80889
User Activity,1808,1000,21,0,0.0,0.0,0.0,True,80889
Random Reverse,1808,100,21,0,0.0,0.0,0.0,True,80889
Random Reverse,1808,500,21,0,0.0,0.0,0.0,True,80889
Random Reverse,1808,1000,21,0,0.0,0.0,0.0,True,80889
TF-IDF Reverse,1810,100,124,13,0.13,0.10483870967741936,0.13996413588452503,True,80889
TF-IDF Reverse,1810,500,124,15,0.03,0.12096774193548387,0.13174655712742725,True,80889
TF-IDF Reverse,1810,1000,124,15,0.015,0.12096774193548387,0.13174655712742725,True,80889
User Activity,1810,100,124,0,0.0,0.0,0.0,True,80889
User Activity,1810,500,124,0,0.0,0.0,0.0,True,80889
User Activity,1810,1000,124,0,0.0,0.0,0.0,True,80889
Random Reverse,1810,100,124,1,0.01,0.008064516129032258,0.008551270174983841,True,80889
Random Reverse,1810,500,124,1,0.002,0.008064516129032258,0.007321303530157339,True,80889
Random Reverse,1810,1000,124,1,0.001,0.008064516129032258,0.007321303530157339,True,80889
TF-IDF Reverse,1813,100,13,0,0.0,0.0,0.0,True,80889
TF-IDF Reverse,1813,500,13,0,0.0,0.0,0.0,True,80889
TF-IDF Reverse,1813,1000,13,0,0.0,0.0,0.0,True,80889
User Activity,1813,100,13,0,0.0,0.0,0.0,True,80889
User Activity,1813,500,13,0,0.0,0.0,0.0,True,80889
User Activity,1813,1000,13,0,0.0,0.0,0.0,True,80889
Random Reverse,1813,100,13,0,0.0,0.0,0.0,True,80889
Random Reverse,1813,500,13,0,0.0,0.0,0.0,True,80889
Random Reverse,1813,1000,13,0,0.0,0.0,0.0,True,80889
TF-IDF Reverse,1814,100,7,0,0.0,0.0,0.0,True,80889
TF-IDF Reverse,1814,500,7,1,0.002,0.14285714285714285,0.03199042273031674,True,80889
TF-IDF Reverse,1814,1000,7,1,0.001,0.14285714285714285,0.03199042273031674,True,80889
User Activity,1814,100,7,0,0.0,0.0,0.0,True,80889
User Activity,1814,500,7,0,0.0,0.0,0.0,True,80889
User Activity,1814,1000,7,0,0.0,0.0,0.0,True,80889
Random Reverse,1814,100,7,0,0.0,0.0,0.0,True,80889
Random Reverse,1814,500,7,0,0.0,0.0,0.0,True,80889
Random Reverse,1814,1000,7,0,0.0,0.0,0.0,True,80889
TF-IDF Reverse,1815,100,38,0,0.0,0.0,0.0,True,80889
TF-IDF Reverse,1815,500,38,3,0.006,0.07894736842105263,0.03237235223608849,True,80889
TF-IDF Reverse,1815,1000,38,5,0.005,0.13157894736842105,0.052003319387910286,True,80889
User Activity,1815,100,38,0,0.0,0.0,0.0,True,80889
User Activity,1815,500,38,0,0.0,0.0,0.0,True,80889
User Activity,1815,1000,38,3,0.003,0.07894736842105263,0.03013582915597416,True,80889
Random Reverse,1815,100,38,0,0.0,0.0,0.0,True,80889
Random Reverse,1815,500,38,0,0.0,0.0,0.0,True,80889
Random Reverse,1815,1000,38,0,0.0,0.0,0.0,True,80889
TF-IDF Reverse,1820,100,5,0,0.0,0.0,0.0,True,80889
TF-IDF Reverse,1820,500,5,0,0.0,0.0,0.0,True,80889
TF-IDF Reverse,1820,1000,5,0,0.0,0.0,0.0,True,80889
User Activity,1820,100,5,0,0.0,0.0,0.0,True,80889
User Activity,1820,500,5,0,0.0,0.0,0.0,True,80889
User Activity,1820,1000,5,0,0.0,0.0,0.0,True,80889
Random Reverse,1820,100,5,0,0.0,0.0,0.0,True,80889
Random Reverse,1820,500,5,0,0.0,0.0,0.0,True,80889
Random Reverse,1820,1000,5,0,0.0,0.0,0.0,True,80889
TF-IDF Reverse,1821,100,6,0,0.0,0.0,0.0,True,80889
TF-IDF Reverse,1821,500,6,0,0.0,0.0,0.0,True,80889
TF-IDF Reverse,1821,1000,6,0,0.0,0.0,0.0,True,80889
User Activity,1821,100,6,0,0.0,0.0,0.0,True,80889
User Activity,1821,500,6,0,0.0,0.0,0.0,True,80889
User Activity,1821,1000,6,0,0.0,0.0,0.0,True,80889
Random Reverse,1821,100,6,0,0.0,0.0,0.0,True,80889
Random Reverse,1821,500,6,0,0.0,0.0,0.0,True,80889
Random Reverse,1821,1000,6,0,0.0,0.0,0.0,True,80889
TF-IDF Reverse,1822,100,42,5,0.05,0.11904761904761904,0.08391782971047326,True,80889
TF-IDF Reverse,1822,500,42,12,0.024,0.2857142857142857,0.159675782729426,True,80889
TF-IDF Reverse,1822,1000,42,17,0.017,0.40476190476190477,0.20561061906873354,True,80889
User Activity,1822,100,42,0,0.0,0.0,0.0,True,80889
User Activity,1822,500,42,0,0.0,0.0,0.0,True,80889
User Activity,1822,1000,42,0,0.0,0.0,0.0,True,80889
Random Reverse,1822,100,42,0,0.0,0.0,0.0,True,80889
Random Reverse,1822,500,42,0,0.0,0.0,0.0,True,80889
Random Reverse,1822,1000,42,1,0.001,0.023809523809523808,0.009085543832701192,True,80889
TF-IDF Reverse,1823,100,11,1,0.01,0.09090909090909091,0.031490115379086296,True,80889
TF-IDF Reverse,1823,500,11,1,0.002,0.09090909090909091,0.031490115379086296,True,80889
TF-IDF Reverse,1823,1000,11,1,0.001,0.09090909090909091,0.031490115379086296,True,80889
User Activity,1823,100,11,0,0.0,0.0,0.0,True,80889
User Activity,1823,500,11,0,0.0,0.0,0.0,True,80889
User Activity,1823,1000,11,0,0.0,0.0,0.0,True,80889
Random Reverse,1823,100,11,0,0.0,0.0,0.0,True,80889
Random Reverse,1823,500,11,0,0.0,0.0,0.0,True,80889
Random Reverse,1823,1000,11,0,0.0,0.0,0.0,True,80889
TF-IDF Reverse,1824,100,24,0,0.0,0.0,0.0,True,80889
TF-IDF Reverse,1824,500,24,0,0.0,0.0,0.0,True,80889
TF-IDF Reverse,1824,1000,24,1,0.001,0.041666666666666664,0.012821920407875489,True,80889
User Activity,1824,100,24,0,0.0,0.0,0.0,True,80889
User Activity,1824,500,24,0,0.0,0.0,0.0,True,80889
User Activity,1824,1000,24,0,0.0,0.0,0.0,True,80889
Random Reverse,1824,100,24,0,0.0,0.0,0.0,True,80889
Random Reverse,1824,500,24,0,0.0,0.0,0.0,True,80889
Random Reverse,1824,1000,24,0,0.0,0.0,0.0,True,80889
TF-IDF Reverse,1825,100,27,0,0.0,0.0,0.0,True,80889
TF-IDF Reverse,1825,500,27,1,0.002,0.037037037037037035,0.016335186298111187,True,80889
TF-IDF Reverse,1825,1000,27,1,0.001,0.037037037037037035,0.016335186298111187,True,80889
User Activity,1825,100,27,0,0.0,0.0,0.0,True,80889
User Activity,1825,500,27,0,0.0,0.0,0.0,True,80889
User Activity,1825,1000,27,0,0.0,0.0,0.0,True,80889
Random Reverse,1825,100,27,0,0.0,0.0,0.0,True,80889
Random Reverse,1825,500,27,0,0.0,0.0,0.0,True,80889
Random Reverse,1825,1000,27,0,0.0,0.0,0.0,True,80889
TF-IDF Reverse,1828,100,13,0,0.0,0.0,0.0,True,80889
TF-IDF Reverse,1828,500,13,0,0.0,0.0,0.0,True,80889
TF-IDF Reverse,1828,1000,13,2,0.002,0.15384615384615385,0.03876792052564435,True,80889
User Activity,1828,100,13,0,0.0,0.0,0.0,True,80889
User Activity,1828,500,13,0,0.0,0.0,0.0,True,80889
User Activity,1828,1000,13,0,0.0,0.0,0.0,True,80889
Random Reverse,1828,100,13,0,0.0,0.0,0.0,True,80889
Random Reverse,1828,500,13,0,0.0,0.0,0.0,True,80889
Random Reverse,1828,1000,13,0,0.0,0.0,0.0,True,80889
TF-IDF Reverse,1829,100,5,0,0.0,0.0,0.0,True,80889
TF-IDF Reverse,1829,500,5,0,0.0,0.0,0.0,True,80889
TF-IDF Reverse,1829,1000,5,0,0.0,0.0,0.0,True,80889
User Activity,1829,100,5,0,0.0,0.0,0.0,True,80889
User Activity,1829,500,5,0,0.0,0.0,0.0,True,80889
User Activity,1829,1000,5,0,0.0,0.0,0.0,True,80889
Random Reverse,1829,100,5,0,0.0,0.0,0.0,True,80889
Random Reverse,1829,500,5,0,0.0,0.0,0.0,True,80889
Random Reverse,1829,1000,5,0,0.0,0.0,0.0,True,80889
TF-IDF Reverse,1831,100,6,0,0.0,0.0,0.0,True,80889
TF-IDF Reverse,1831,500,6,0,0.0,0.0,0.0,True,80889
TF-IDF Reverse,1831,1000,6,0,0.0,0.0,0.0,True,80889
User Activity,1831,100,6,0,0.0,0.0,0.0,True,80889
User Activity,1831,500,6,0,0.0,0.0,0.0,True,80889
User Activity,1831,1000,6,0,0.0,0.0,0.0,True,80889
Random Reverse,1831,100,6,0,0.0,0.0,0.0,True,80889
Random Reverse,1831,500,6,0,0.0,0.0,0.0,True,80889
Random Reverse,1831,1000,6,0,0.0,0.0,0.0,True,80889
TF-IDF Reverse,1833,100,6,0,0.0,0.0,0.0,True,80889
TF-IDF Reverse,1833,500,6,0,0.0,0.0,0.0,True,80889
TF-IDF Reverse,1833,1000,6,0,0.0,0.0,0.0,True,80889
User Activity,1833,100,6,0,0.0,0.0,0.0,True,80889
User Activity,1833,500,6,0,0.0,0.0,0.0,True,80889
User Activity,1833,1000,6,0,0.0,0.0,0.0,True,80889
Random Reverse,1833,100,6,0,0.0,0.0,0.0,True,80889
Random Reverse,1833,500,6,0,0.0,0.0,0.0,True,80889
Random Reverse,1833,1000,6,0,0.0,0.0,0.0,True,80889
TF-IDF Reverse,1834,100,17,7,0.07,0.4117647058823529,0.4323638865481844,True,80889
TF-IDF Reverse,1834,500,17,8,0.016,0.47058823529411764,0.4509385792239187,True,80889
TF-IDF Reverse,1834,1000,17,9,0.009,0.5294117647058824,0.46713492180845845,True,80889
User Activity,1834,100,17,0,0.0,0.0,0.0,True,80889
User Activity,1834,500,17,0,0.0,0.0,0.0,True,80889
User Activity,1834,1000,17,0,0.0,0.0,0.0,True,80889
Random Reverse,1834,100,17,0,0.0,0.0,0.0,True,80889
Random Reverse,1834,500,17,0,0.0,0.0,0.0,True,80889
Random Reverse,1834,1000,17,0,0.0,0.0,0.0,True,80889
TF-IDF Reverse,1835,100,19,0,0.0,0.0,0.0,True,80889
TF-IDF Reverse,1835,500,19,0,0.0,0.0,0.0,True,80889
TF-IDF Reverse,1835,1000,19,0,0.0,0.0,0.0,True,80889
User Activity,1835,100,19,0,0.0,0.0,0.0,True,80889
User Activity,1835,500,19,0,0.0,0.0,0.0,True,80889
User Activity,1835,1000,19,0,0.0,0.0,0.0,True,80889
Random Reverse,1835,100,19,0,0.0,0.0,0.0,True,80889
Random Reverse,1835,500,19,0,0.0,0.0,0.0,True,80889
Random Reverse,1835,1000,19,1,0.001,0.05263157894736842,0.01634053004248539,True,80889
TF-IDF Reverse,1837,100,57,1,0.01,0.017543859649122806,0.011276549119477598,True,80889
TF-IDF Reverse,1837,500,57,1,0.002,0.017543859649122806,0.011276549119477598,True,80889
TF-IDF Reverse,1837,1000,57,1,0.001,0.017543859649122806,0.011276549119477598,True,80889
User Activity,1837,100,57,0,0.0,0.0,0.0,True,80889
User Activity,1837,500,57,0,0.0,0.0,0.0,True,80889
User Activity,1837,1000,57,0,0.0,0.0,0.0,True,80889
Random Reverse,1837,100,57,0,0.0,0.0,0.0,True,80889
Random Reverse,1837,500,57,0,0.0,0.0,0.0,True,80889
Random Reverse,1837,1000,57,1,0.001,0.017543859649122806,0.007525882014466051,True,80889
TF-IDF Reverse,1838,100,68,0,0.0,0.0,0.0,True,80889
TF-IDF Reverse,1838,500,68,1,0.002,0.014705882352941176,0.007145486933401632,True,80889
TF-IDF Reverse,1838,1000,68,3,0.003,0.04411764705882353,0.02054745451276704,True,80889
User Activity,1838,100,68,0,0.0,0.0,0.0,True,80889
User Activity,1838,500,68,0,0.0,0.0,0.0,True,80889
User Activity,1838,1000,68,1,0.001,0.014705882352941176,0.006318936636834568,True,80889
Random Reverse,1838,100,68,0,0.0,0.0,0.0,True,80889
Random Reverse,1838,500,68,0,0.0,0.0,0.0,True,80889
Random Reverse,1838,1000,68,1,0.001,0.014705882352941176,0.006756763810079879,True,80889
TF-IDF Reverse,1844,100,6,0,0.0,0.0,0.0,True,80889
TF-IDF Reverse,1844,500,6,0,0.0,0.0,0.0,True,80889
TF-IDF Reverse,1844,1000,6,0,0.0,0.0,0.0,True,80889
User Activity,1844,100,6,0,0.0,0.0,0.0,True,80889
User Activity,1844,500,6,0,0.0,0.0,0.0,True,80889
User Activity,1844,1000,6,0,0.0,0.0,0.0,True,80889
Random Reverse,1844,100,6,0,0.0,0.0,0.0,True,80889
Random Reverse,1844,500,6,0,0.0,0.0,0.0,True,80889
Random Reverse,1844,1000,6,0,0.0,0.0,0.0,True,80889
TF-IDF Reverse,1846,100,7,0,0.0,0.0,0.0,True,80889
TF-IDF Reverse,1846,500,7,0,0.0,0.0,0.0,True,80889
TF-IDF Reverse,1846,1000,7,0,0.0,0.0,0.0,True,80889
User Activity,1846,100,7,0,0.0,0.0,0.0,True,80889
User Activity,1846,500,7,0,0.0,0.0,0.0,True,80889
User Activity,1846,1000,7,0,0.0,0.0,0.0,True,80889
Random Reverse,1846,100,7,0,0.0,0.0,0.0,True,80889
Random Reverse,1846,500,7,0,0.0,0.0,0.0,True,80889
Random Reverse,1846,1000,7,0,0.0,0.0,0.0,True,80889
TF-IDF Reverse,1847,100,5,1,0.01,0.2,0.07215499519431039,True,80889
TF-IDF Reverse,1847,500,5,1,0.002,0.2,0.07215499519431039,True,80889
TF-IDF Reverse,1847,1000,5,2,0.002,0.4,0.1080247432602786,True,80889
User Activity,1847,100,5,0,0.0,0.0,0.0,True,80889
User Activity,1847,500,5,0,0.0,0.0,0.0,True,80889
User Activity,1847,1000,5,0,0.0,0.0,0.0,True,80889
Random Reverse,1847,100,5,0,0.0,0.0,0.0,True,80889
Random Reverse,1847,500,5,1,0.002,0.2,0.038579674790824296,True,80889
Random Reverse,1847,1000,5,1,0.001,0.2,0.038579674790824296,True,80889
TF-IDF Reverse,1848,100,5,0,0.0,0.0,0.0,True,80889
TF-IDF Reverse,1848,500,5,0,0.0,0.0,0.0,True,80889
TF-IDF Reverse,1848,1000,5,0,0.0,0.0,0.0,True,80889
User Activity,1848,100,5,0,0.0,0.0,0.0,True,80889
User Activity,1848,500,5,0,0.0,0.0,0.0,True,80889
User Activity,1848,1000,5,0,0.0,0.0,0.0,True,80889
Random Reverse,1848,100,5,0,0.0,0.0,0.0,True,80889
Random Reverse,1848,500,5,0,0.0,0.0,0.0,True,80889
Random Reverse,1848,1000,5,0,0.0,0.0,0.0,True,80889
TF-IDF Reverse,1849,100,6,0,0.0,0.0,0.0,True,80889
TF-IDF Reverse,1849,500,6,2,0.004,0.3333333333333333,0.07810790426302348,True,80889
TF-IDF Reverse,1849,1000,6,2,0.002,0.3333333333333333,0.07810790426302348,True,80889
User Activity,1849,100,6,1,0.01,0.16666666666666666,0.09109240322345806,True,80889
User Activity,1849,500,6,1,0.002,0.16666666666666666,0.09109240322345806,True,80889
User Activity,1849,1000,6,1,0.001,0.16666666666666666,0.09109240322345806,True,80889
Random Reverse,1849,100,6,0,0.0,0.0,0.0,True,80889
Random Reverse,1849,500,6,0,0.0,0.0,0.0,True,80889
Random Reverse,1849,1000,6,0,0.0,0.0,0.0,True,80889
TF-IDF Reverse,1850,100,9,0,0.0,0.0,0.0,True,80889
TF-IDF Reverse,1850,500,9,0,0.0,0.0,0.0,True,80889
TF-IDF Reverse,1850,1000,9,0,0.0,0.0,0.0,True,80889
User Activity,1850,100,9,0,0.0,0.0,0.0,True,80889
User Activity,1850,500,9,0,0.0,0.0,0.0,True,80889
User Activity,1850,1000,9,0,0.0,0.0,0.0,True,80889
Random Reverse,1850,100,9,0,0.0,0.0,0.0,True,80889
Random Reverse,1850,500,9,0,0.0,0.0,0.0,True,80889
Random Reverse,1850,1000,9,0,0.0,0.0,0.0,True,80889
TF-IDF Reverse,1851,100,6,0,0.0,0.0,0.0,True,80889
TF-IDF Reverse,1851,500,6,0,0.0,0.0,0.0,True,80889
TF-IDF Reverse,1851,1000,6,0,0.0,0.0,0.0,True,80889
User Activity,1851,100,6,0,0.0,0.0,0.0,True,80889
User Activity,1851,500,6,0,0.0,0.0,0.0,True,80889
User Activity,1851,1000,6,0,0.0,0.0,0.0,True,80889
Random Reverse,1851,100,6,0,0.0,0.0,0.0,True,80889
Random Reverse,1851,500,6,0,0.0,0.0,0.0,True,80889
Random Reverse,1851,1000,6,0,0.0,0.0,0.0,True,80889
TF-IDF Reverse,1852,100,10,0,0.0,0.0,0.0,True,80889
TF-IDF Reverse,1852,500,10,0,0.0,0.0,0.0,True,80889
TF-IDF Reverse,1852,1000,10,1,0.001,0.1,0.02310073969825176,True,80889
User Activity,1852,100,10,0,0.0,0.0,0.0,True,80889
User Activity,1852,500,10,2,0.004,0.2,0.060811982572045106,True,80889
User Activity,1852,1000,10,2,0.002,0.2,0.060811982572045106,True,80889
Random Reverse,1852,100,10,0,0.0,0.0,0.0,True,80889
Random Reverse,1852,500,10,0,0.0,0.0,0.0,True,80889
Random Reverse,1852,1000,10,0,0.0,0.0,0.0,True,80889
TF-IDF Reverse,1854,100,155,21,0.21,0.13548387096774195,0.20710919725706822,True,80889
TF-IDF Reverse,1854,500,155,22,0.044,0.14193548387096774,0.15534366809640104,True,80889
TF-IDF Reverse,1854,1000,155,22,0.022,0.14193548387096774,0.15534366809640104,True,80889
User Activity,1854,100,155,0,0.0,0.0,0.0,True,80889
User Activity,1854,500,155,0,0.0,0.0,0.0,True,80889
User Activity,1854,1000,155,0,0.0,0.0,0.0,True,80889
Random Reverse,1854,100,155,0,0.0,0.0,0.0,True,80889
Random Reverse,1854,500,155,1,0.002,0.0064516129032258064,0.004055154671188112,True,80889
Random Reverse,1854,1000,155,2,0.002,0.012903225806451613,0.007557788079545132,True,80889
TF-IDF Reverse,1855,100,29,0,0.0,0.0,0.0,True,80889
TF-IDF Reverse,1855,500,29,0,0.0,0.0,0.0,True,80889
TF-IDF Reverse,1855,1000,29,0,0.0,0.0,0.0,True,80889
User Activity,1855,100,29,0,0.0,0.0,0.0,True,80889
User Activity,1855,500,29,0,0.0,0.0,0.0,True,80889
User Activity,1855,1000,29,0,0.0,0.0,0.0,True,80889
Random Reverse,1855,100,29,0,0.0,0.0,0.0,True,80889
Random Reverse,1855,500,29,1,0.002,0.034482758620689655,0.013305943224353045,True,80889
Random Reverse,1855,1000,29,1,0.001,0.034482758620689655,0.013305943224353045,True,80889
TF-IDF Reverse,1856,100,10,3,0.03,0.3,0.14492670121143392,True,80889
TF-IDF Reverse,1856,500,10,3,0.006,0.3,0.14492670121143392,True,80889
TF-IDF Reverse,1856,1000,10,3,0.003,0.3,0.14492670121143392,True,80889
User Activity,1856,100,10,0,0.0,0.0,0.0,True,80889
User Activity,1856,500,10,0,0.0,0.0,0.0,True,80889
User Activity,1856,1000,10,0,0.0,0.0,0.0,True,80889
Random Reverse,1856,100,10,0,0.0,0.0,0.0,True,80889
Random Reverse,1856,500,10,0,0.0,0.0,0.0,True,80889
Random Reverse,1856,1000,10,0,0.0,0.0,0.0,True,80889
TF-IDF Reverse,1859,100,82,0,0.0,0.0,0.0,True,80889
TF-IDF Reverse,1859,500,82,3,0.006,0.036585365853658534,0.020761349384683547,True,80889
TF-IDF Reverse,1859,1000,82,3,0.003,0.036585365853658534,0.020761349384683547,True,80889
User Activity,1859,100,82,0,0.0,0.0,0.0,True,80889
User Activity,1859,500,82,0,0.0,0.0,0.0,True,80889
User Activity,1859,1000,82,0,0.0,0.0,0.0,True,80889
Random Reverse,1859,100,82,0,0.0,0.0,0.0,True,80889
Random Reverse,1859,500,82,0,0.0,0.0,0.0,True,80889
Random Reverse,1859,1000,82,2,0.002,0.024390243902439025,0.011929609018492566,True,80889
TF-IDF Reverse,1860,100,10,0,0.0,0.0,0.0,True,80889
TF-IDF Reverse,1860,500,10,0,0.0,0.0,0.0,True,80889
TF-IDF Reverse,1860,1000,10,0,0.0,0.0,0.0,True,80889
User Activity,1860,100,10,0,0.0,0.0,0.0,True,80889
User Activity,1860,500,10,0,0.0,0.0,0.0,True,80889
User Activity,1860,1000,10,0,0.0,0.0,0.0,True,80889
Random Reverse,1860,100,10,0,0.0,0.0,0.0,True,80889
Random Reverse,1860,500,10,0,0.0,0.0,0.0,True,80889
Random Reverse,1860,1000,10,0,0.0,0.0,0.0,True,80889
TF-IDF Reverse,1861,100,8,0,0.0,0.0,0.0,True,80889
TF-IDF Reverse,1861,500,8,0,0.0,0.0,0.0,True,80889
TF-IDF Reverse,1861,1000,8,0,0.0,0.0,0.0,True,80889
User Activity,1861,100,8,0,0.0,0.0,0.0,True,80889
User Activity,1861,500,8,0,0.0,0.0,0.0,True,80889
User Activity,1861,1000,8,0,0.0,0.0,0.0,True,80889
Random Reverse,1861,100,8,0,0.0,0.0,0.0,True,80889
Random Reverse,1861,500,8,0,0.0,0.0,0.0,True,80889
Random Reverse,1861,1000,8,0,0.0,0.0,0.0,True,80889
TF-IDF Reverse,1863,100,9,3,0.03,0.3333333333333333,0.24189512838493535,True,80889
TF-IDF Reverse,1863,500,9,5,0.01,0.5555555555555556,0.3103799248947263,True,80889
TF-IDF Reverse,1863,1000,9,5,0.005,0.5555555555555556,0.3103799248947263,True,80889
User Activity,1863,100,9,0,0.0,0.0,0.0,True,80889
User Activity,1863,500,9,0,0.0,0.0,0.0,True,80889
User Activity,1863,1000,9,0,0.0,0.0,0.0,True,80889
Random Reverse,1863,100,9,0,0.0,0.0,0.0,True,80889
Random Reverse,1863,500,9,0,0.0,0.0,0.0,True,80889
Random Reverse,1863,1000,9,0,0.0,0.0,0.0,True,80889
TF-IDF Reverse,1867,100,6,0,0.0,0.0,0.0,True,80889
TF-IDF Reverse,1867,500,6,0,0.0,0.0,0.0,True,80889
TF-IDF Reverse,1867,1000,6,0,0.0,0.0,0.0,True,80889
User Activity,1867,100,6,0,0.0,0.0,0.0,True,80889
User Activity,1867,500,6,0,0.0,0.0,0.0,True,80889
User Activity,1867,1000,6,0,0.0,0.0,0.0,True,80889
Random Reverse,1867,100,6,0,0.0,0.0,0.0,True,80889
Random Reverse,1867,500,6,0,0.0,0.0,0.0,True,80889
Random Reverse,1867,1000,6,0,0.0,0.0,0.0,True,80889
TF-IDF Reverse,1869,100,10,5,0.05,0.5,0.3242570430109117,True,80889
TF-IDF Reverse,1869,500,10,8,0.016,0.8,0.42024161574482183,True,80889
TF-IDF Reverse,1869,1000,10,8,0.008,0.8,0.42024161574482183,True,80889
User Activity,1869,100,10,0,0.0,0.0,0.0,True,80889
User Activity,1869,500,10,0,0.0,0.0,0.0,True,80889
User Activity,1869,1000,10,0,0.0,0.0,0.0,True,80889
Random Reverse,1869,100,10,0,0.0,0.0,0.0,True,80889
Random Reverse,1869,500,10,1,0.002,0.1,0.025881500054110138,True,80889
Random Reverse,1869,1000,10,1,0.001,0.1,0.025881500054110138,True,80889
TF-IDF Reverse,1870,100,6,0,0.0,0.0,0.0,True,80889
TF-IDF Reverse,1870,500,6,0,0.0,0.0,0.0,True,80889
TF-IDF Reverse,1870,1000,6,0,0.0,0.0,0.0,True,80889
User Activity,1870,100,6,0,0.0,0.0,0.0,True,80889
User Activity,1870,500,6,0,0.0,0.0,0.0,True,80889
User Activity,1870,1000,6,0,0.0,0.0,0.0,True,80889
Random Reverse,1870,100,6,0,0.0,0.0,0.0,True,80889
Random Reverse,1870,500,6,0,0.0,0.0,0.0,True,80889
Random Reverse,1870,1000,6,0,0.0,0.0,0.0,True,80889
TF-IDF Reverse,1871,100,8,0,0.0,0.0,0.0,True,80889
TF-IDF Reverse,1871,500,8,0,0.0,0.0,0.0,True,80889
TF-IDF Reverse,1871,1000,8,0,0.0,0.0,0.0,True,80889
User Activity,1871,100,8,0,0.0,0.0,0.0,True,80889
User Activity,1871,500,8,0,0.0,0.0,0.0,True,80889
User Activity,1871,1000,8,0,0.0,0.0,0.0,True,80889
Random Reverse,1871,100,8,0,0.0,0.0,0.0,True,80889
Random Reverse,1871,500,8,0,0.0,0.0,0.0,True,80889
Random Reverse,1871,1000,8,0,0.0,0.0,0.0,True,80889
TF-IDF Reverse,1872,100,10,4,0.04,0.4,0.1843210334930158,True,80889
TF-IDF Reverse,1872,500,10,5,0.01,0.5,0.21146429087248866,True,80889
TF-IDF Reverse,1872,1000,10,5,0.005,0.5,0.21146429087248866,True,80889
User Activity,1872,100,10,0,0.0,0.0,0.0,True,80889
User Activity,1872,500,10,0,0.0,0.0,0.0,True,80889
User Activity,1872,1000,10,0,0.0,0.0,0.0,True,80889
Random Reverse,1872,100,10,0,0.0,0.0,0.0,True,80889
Random Reverse,1872,500,10,0,0.0,0.0,0.0,True,80889
Random Reverse,1872,1000,10,0,0.0,0.0,0.0,True,80889
TF-IDF Reverse,1873,100,99,66,0.66,0.6666666666666666,0.6835317323938542,True,80889
TF-IDF Reverse,1873,500,99,87,0.174,0.8787878787878788,0.8242490441937931,True,80889
TF-IDF Reverse,1873,1000,99,87,0.087,0.8787878787878788,0.8242490441937931,True,80889
User Activity,1873,100,99,0,0.0,0.0,0.0,True,80889
User Activity,1873,500,99,0,0.0,0.0,0.0,True,80889
User Activity,1873,1000,99,0,0.0,0.0,0.0,True,80889
Random Reverse,1873,100,99,0,0.0,0.0,0.0,True,80889
Random Reverse,1873,500,99,1,0.002,0.010101010101010102,0.006420783153114868,True,80889
Random Reverse,1873,1000,99,1,0.001,0.010101010101010102,0.006420783153114868,True,80889
TF-IDF Reverse,1874,100,5,2,0.02,0.4,0.13817830219265606,True,80889
TF-IDF Reverse,1874,500,5,4,0.008,0.8,0.23417795924895018,True,80889
TF-IDF Reverse,1874,1000,5,4,0.004,0.8,0.23417795924895018,True,80889
User Activity,1874,100,5,0,0.0,0.0,0.0,True,80889
User Activity,1874,500,5,0,0.0,0.0,0.0,True,80889
User Activity,1874,1000,5,0,0.0,0.0,0.0,True,80889
Random Reverse,1874,100,5,0,0.0,0.0,0.0,True,80889
Random Reverse,1874,500,5,0,0.0,0.0,0.0,True,80889
Random Reverse,1874,1000,5,0,0.0,0.0,0.0,True,80889
TF-IDF Reverse,1875,100,9,2,0.02,0.2222222222222222,0.22244584585522367,True,80889
TF-IDF Reverse,1875,500,9,2,0.004,0.2222222222222222,0.22244584585522367,True,80889
TF-IDF Reverse,1875,1000,9,2,0.002,0.2222222222222222,0.22244584585522367,True,80889
User Activity,1875,100,9,0,0.0,0.0,0.0,True,80889
User Activity,1875,500,9,0,0.0,0.0,0.0,True,80889
User Activity,1875,1000,9,0,0.0,0.0,0.0,True,80889
Random Reverse,1875,100,9,0,0.0,0.0,0.0,True,80889
Random Reverse,1875,500,9,0,0.0,0.0,0.0,True,80889
Random Reverse,1875,1000,9,0,0.0,0.0,0.0,True,80889
TF-IDF Reverse,1877,100,15,1,0.01,0.06666666666666667,0.0262805112418614,True,80889
TF-IDF Reverse,1877,500,15,2,0.004,0.13333333333333333,0.05153766293002226,True,80889
TF-IDF Reverse,1877,1000,15,3,0.003,0.2,0.0697742011978168,True,80889
User Activity,1877,100,15,0,0.0,0.0,0.0,True,80889
User Activity,1877,500,15,0,0.0,0.0,0.0,True,80889
User Activity,1877,1000,15,1,0.001,0.06666666666666667,0.017622664686270762,True,80889
Random Reverse,1877,100,15,0,0.0,0.0,0.0,True,80889
Random Reverse,1877,500,15,0,0.0,0.0,0.0,True,80889
Random Reverse,1877,1000,15,1,0.001,0.06666666666666667,0.018840850022494294,True,80889
TF-IDF Reverse,1879,100,149,0,0.0,0.0,0.0,True,80889
TF-IDF Reverse,1879,500,149,0,0.0,0.0,0.0,True,80889
TF-IDF Reverse,1879,1000,149,0,0.0,0.0,0.0,True,80889
User Activity,1879,100,149,0,0.0,0.0,0.0,True,80889
User Activity,1879,500,149,2,0.004,0.013422818791946308,0.00819498514670602,True,80889
User Activity,1879,1000,149,2,0.002,0.013422818791946308,0.00819498514670602,True,80889
Random Reverse,1879,100,149,1,0.01,0.006711409395973154,0.007873033475331399,True,80889
Random Reverse,1879,500,149,1,0.002,0.006711409395973154,0.005892873873073293,True,80889
Random Reverse,1879,1000,149,1,0.001,0.006711409395973154,0.005892873873073293,True,80889
TF-IDF Reverse,1885,100,94,0,0.0,0.0,0.0,True,80889
TF-IDF Reverse,1885,500,94,1,0.002,0.010638297872340425,0.005719428919157073,True,80889
TF-IDF Reverse,1885,1000,94,3,0.003,0.031914893617021274,0.015895833661393126,True,80889
User Activity,1885,100,94,0,0.0,0.0,0.0,True,80889
User Activity,1885,500,94,0,0.0,0.0,0.0,True,80889
User Activity,1885,1000,94,0,0.0,0.0,0.0,True,80889
Random Reverse,1885,100,94,0,0.0,0.0,0.0,True,80889
Random Reverse,1885,500,94,0,0.0,0.0,0.0,True,80889
Random Reverse,1885,1000,94,1,0.001,0.010638297872340425,0.005225630673726655,True,80889
TF-IDF Reverse,1886,100,13,0,0.0,0.0,0.0,True,80889
TF-IDF Reverse,1886,500,13,0,0.0,0.0,0.0,True,80889
TF-IDF Reverse,1886,1000,13,0,0.0,0.0,0.0,True,80889
User Activity,1886,100,13,0,0.0,0.0,0.0,True,80889
User Activity,1886,500,13,0,0.0,0.0,0.0,True,80889
User Activity,1886,1000,13,0,0.0,0.0,0.0,True,80889
Random Reverse,1886,100,13,0,0.0,0.0,0.0,True,80889
Random Reverse,1886,500,13,0,0.0,0.0,0.0,True,80889
Random Reverse,1886,1000,13,0,0.0,0.0,0.0,True,80889
TF-IDF Reverse,1887,100,120,0,0.0,0.0,0.0,True,80889
TF-IDF Reverse,1887,500,120,0,0.0,0.0,0.0,True,80889
TF-IDF Reverse,1887,1000,120,0,0.0,0.0,0.0,True,80889
User Activity,1887,100,120,0,0.0,0.0,0.0,True,80889
User Activity,1887,500,120,0,0.0,0.0,0.0,True,80889
User Activity,1887,1000,120,1,0.001,0.008333333333333333,0.004220477474090638,True,80889
Random Reverse,1887,100,120,0,0.0,0.0,0.0,True,80889
Random Reverse,1887,500,120,0,0.0,0.0,0.0,True,80889
Random Reverse,1887,1000,120,0,0.0,0.0,0.0,True,80889
TF-IDF Reverse,1891,100,10,0,0.0,0.0,0.0,True,80889
TF-IDF Reverse,1891,500,10,0,0.0,0.0,0.0,True,80889
TF-IDF Reverse,1891,1000,10,1,0.001,0.1,0.022189212718548866,True,80889
User Activity,1891,100,10,0,0.0,0.0,0.0,True,80889
User Activity,1891,500,10,1,0.002,0.1,0.026418672700511868,True,80889
User Activity,1891,1000,10,2,0.002,0.2,0.04990593214512821,True,80889
Random Reverse,1891,100,10,0,0.0,0.0,0.0,True,80889
Random Reverse,1891,500,10,0,0.0,0.0,0.0,True,80889
Random Reverse,1891,1000,10,0,0.0,0.0,0.0,True,80889
TF-IDF Reverse,1892,100,75,1,0.01,0.013333333333333334,0.011935996449349735,True,80889
TF-IDF Reverse,1892,500,75,2,0.004,0.02666666666666667,0.019304632927769464,True,80889
TF-IDF Reverse,1892,1000,75,2,0.002,0.02666666666666667,0.019304632927769464,True,80889
User Activity,1892,100,75,0,0.0,0.0,0.0,True,80889
User Activity,1892,500,75,0,0.0,0.0,0.0,True,80889
User Activity,1892,1000,75,0,0.0,0.0,0.0,True,80889
Random Reverse,1892,100,75,0,0.0,0.0,0.0,True,80889
Random Reverse,1892,500,75,0,0.0,0.0,0.0,True,80889
Random Reverse,1892,1000,75,1,0.001,0.013333333333333334,0.006522017639054152,True,80889
TF-IDF Reverse,1893,100,34,0,0.0,0.0,0.0,True,80889
TF-IDF Reverse,1893,500,34,0,0.0,0.0,0.0,True,80889
TF-IDF Reverse,1893,1000,34,0,0.0,0.0,0.0,True,80889
User Activity,1893,100,34,0,0.0,0.0,0.0,True,80889
User Activity,1893,500,34,0,0.0,0.0,0.0,True,80889
User Activity,1893,1000,34,0,0.0,0.0,0.0,True,80889
Random Reverse,1893,100,34,0,0.0,0.0,0.0,True,80889
Random Reverse,1893,500,34,1,0.002,0.029411764705882353,0.013442020713733982,True,80889
Random Reverse,1893,1000,34,2,0.002,0.058823529411764705,0.024519502999741392,True,80889
TF-IDF Reverse,1894,100,15,0,0.0,0.0,0.0,True,80889
TF-IDF Reverse,1894,500,15,0,0.0,0.0,0.0,True,80889
TF-IDF Reverse,1894,1000,15,0,0.0,0.0,0.0,True,80889
User Activity,1894,100,15,0,0.0,0.0,0.0,True,80889
User Activity,1894,500,15,0,0.0,0.0,0.0,True,80889
User Activity,1894,1000,15,0,0.0,0.0,0.0,True,80889
Random Reverse,1894,100,15,0,0.0,0.0,0.0,True,80889
Random Reverse,1894,500,15,0,0.0,0.0,0.0,True,80889
Random Reverse,1894,1000,15,0,0.0,0.0,0.0,True,80889
TF-IDF Reverse,1896,100,29,1,0.01,0.034482758620689655,0.021938338469763438,True,80889
TF-IDF Reverse,1896,500,29,2,0.004,0.06896551724137931,0.035026674173790996,True,80889
TF-IDF Reverse,1896,1000,29,2,0.002,0.06896551724137931,0.035026674173790996,True,80889
User Activity,1896,100,29,0,0.0,0.0,0.0,True,80889
User Activity,1896,500,29,0,0.0,0.0,0.0,True,80889
User Activity,1896,1000,29,0,0.0,0.0,0.0,True,80889
Random Reverse,1896,100,29,0,0.0,0.0,0.0,True,80889
Random Reverse,1896,500,29,0,0.0,0.0,0.0,True,80889
Random Reverse,1896,1000,29,1,0.001,0.034482758620689655,0.011905067981955047,True,80889
TF-IDF Reverse,1897,100,6,0,0.0,0.0,0.0,True,80889
TF-IDF Reverse,1897,500,6,0,0.0,0.0,0.0,True,80889
TF-IDF Reverse,1897,1000,6,0,0.0,0.0,0.0,True,80889
User Activity,1897,100,6,0,0.0,0.0,0.0,True,80889
User Activity,1897,500,6,0,0.0,0.0,0.0,True,80889
User Activity,1897,1000,6,0,0.0,0.0,0.0,True,80889
Random Reverse,1897,100,6,0,0.0,0.0,0.0,True,80889
Random Reverse,1897,500,6,0,0.0,0.0,0.0,True,80889
Random Reverse,1897,1000,6,0,0.0,0.0,0.0,True,80889
TF-IDF Reverse,1900,100,101,0,0.0,0.0,0.0,True,80889
TF-IDF Reverse,1900,500,101,0,0.0,0.0,0.0,True,80889
TF-IDF Reverse,1900,1000,101,0,0.0,0.0,0.0,True,80889
User Activity,1900,100,101,0,0.0,0.0,0.0,True,80889
User Activity,1900,500,101,0,0.0,0.0,0.0,True,80889
User Activity,1900,1000,101,0,0.0,0.0,0.0,True,80889
Random Reverse,1900,100,101,0,0.0,0.0,0.0,True,80889
Random Reverse,1900,500,101,1,0.002,0.009900990099009901,0.005410132470739955,True,80889
Random Reverse,1900,1000,101,1,0.001,0.009900990099009901,0.005410132470739955,True,80889
TF-IDF Reverse,1903,100,101,0,0.0,0.0,0.0,True,80889
TF-IDF Reverse,1903,500,101,0,0.0,0.0,0.0,True,80889
TF-IDF Reverse,1903,1000,101,0,0.0,0.0,0.0,True,80889
User Activity,1903,100,101,0,0.0,0.0,0.0,True,80889
User Activity,1903,500,101,0,0.0,0.0,0.0,True,80889
User Activity,1903,1000,101,0,0.0,0.0,0.0,True,80889
Random Reverse,1903,100,101,0,0.0,0.0,0.0,True,80889
Random Reverse,1903,500,101,0,0.0,0.0,0.0,True,80889
Random Reverse,1903,1000,101,1,0.001,0.009900990099009901,0.005242929019801611,True,80889
TF-IDF Reverse,1905,100,15,0,0.0,0.0,0.0,True,80889
TF-IDF Reverse,1905,500,15,1,0.002,0.06666666666666667,0.0200909290755801,True,80889
TF-IDF Reverse,1905,1000,15,1,0.001,0.06666666666666667,0.0200909290755801,True,80889
User Activity,1905,100,15,0,0.0,0.0,0.0,True,80889
User Activity,1905,500,15,0,0.0,0.0,0.0,True,80889
User Activity,1905,1000,15,0,0.0,0.0,0.0,True,80889
Random Reverse,1905,100,15,0,0.0,0.0,0.0,True,80889
Random Reverse,1905,500,15,0,0.0,0.0,0.0,True,80889
Random Reverse,1905,1000,15,0,0.0,0.0,0.0,True,80889
TF-IDF Reverse,1906,100,21,0,0.0,0.0,0.0,True,80889
TF-IDF Reverse,1906,500,21,0,0.0,0.0,0.0,True,80889
TF-IDF Reverse,1906,1000,21,0,0.0,0.0,0.0,True,80889
User Activity,1906,100,21,0,0.0,0.0,0.0,True,80889
User Activity,1906,500,21,0,0.0,0.0,0.0,True,80889
User Activity,1906,1000,21,0,0.0,0.0,0.0,True,80889
Random Reverse,1906,100,21,0,0.0,0.0,0.0,True,80889
Random Reverse,1906,500,21,0,0.0,0.0,0.0,True,80889
Random Reverse,1906,1000,21,1,0.001,0.047619047619047616,0.014919720565844485,True,80889
TF-IDF Reverse,1907,100,117,0,0.0,0.0,0.0,True,80889
TF-IDF Reverse,1907,500,117,0,0.0,0.0,0.0,True,80889
TF-IDF Reverse,1907,1000,117,2,0.002,0.017094017094017096,0.00916561983040601,True,80889
User Activity,1907,100,117,0,0.0,0.0,0.0,True,80889
User Activity,1907,500,117,0,0.0,0.0,0.0,True,80889
User Activity,1907,1000,117,3,0.003,0.02564102564102564,0.013098988211915314,True,80889
Random Reverse,1907,100,117,0,0.0,0.0,0.0,True,80889
Random Reverse,1907,500,117,0,0.0,0.0,0.0,True,80889
Random Reverse,1907,1000,117,0,0.0,0.0,0.0,True,80889
TF-IDF Reverse,1908,100,8,0,0.0,0.0,0.0,True,80889
TF-IDF Reverse,1908,500,8,0,0.0,0.0,0.0,True,80889
TF-IDF Reverse,1908,1000,8,0,0.0,0.0,0.0,True,80889
User Activity,1908,100,8,0,0.0,0.0,0.0,True,80889
User Activity,1908,500,8,0,0.0,0.0,0.0,True,80889
User Activity,1908,1000,8,0,0.0,0.0,0.0,True,80889
Random Reverse,1908,100,8,0,0.0,0.0,0.0,True,80889
Random Reverse,1908,500,8,0,0.0,0.0,0.0,True,80889
Random Reverse,1908,1000,8,0,0.0,0.0,0.0,True,80889
TF-IDF Reverse,1910,100,414,5,0.05,0.012077294685990338,0.045970793311430974,True,80889
TF-IDF Reverse,1910,500,414,9,0.018,0.021739130434782608,0.0243902724540873,True,80889
TF-IDF Reverse,1910,1000,414,10,0.01,0.024154589371980676,0.026175902782241228,True,80889
User Activity,1910,100,414,0,0.0,0.0,0.0,True,80889
User Activity,1910,500,414,0,0.0,0.0,0.0,True,80889
User Activity,1910,1000,414,0,0.0,0.0,0.0,True,80889
Random Reverse,1910,100,414,1,0.01,0.0024154589371980675,0.009100454062766161,True,80889
Random Reverse,1910,500,414,4,0.008,0.00966183574879227,0.009580178847661389,True,80889
Random Reverse,1910,1000,414,8,0.008,0.01932367149758454,0.016452661611943226,True,80889
TF-IDF Reverse,1911,100,6,0,0.0,0.0,0.0,True,80889
TF-IDF Reverse,1911,500,6,0,0.0,0.0,0.0,True,80889
TF-IDF Reverse,1911,1000,6,0,0.0,0.0,0.0,True,80889
User Activity,1911,100,6,0,0.0,0.0,0.0,True,80889
User Activity,1911,500,6,0,0.0,0.0,0.0,True,80889
User Activity,1911,1000,6,0,0.0,0.0,0.0,True,80889
Random Reverse,1911,100,6,0,0.0,0.0,0.0,True,80889
Random Reverse,1911,500,6,0,0.0,0.0,0.0,True,80889
Random Reverse,1911,1000,6,0,0.0,0.0,0.0,True,80889
TF-IDF Reverse,1913,100,820,13,0.13,0.015853658536585366,0.09972602937495874,True,80889
TF-IDF Reverse,1913,500,820,386,0.772,0.47073170731707314,0.6838996030383517,True,80889
TF-IDF Reverse,1913,1000,820,538,0.538,0.6560975609756098,0.6144041156288955,True,80889
User Activity,1913,100,820,0,0.0,0.0,0.0,True,80889
User Activity,1913,500,820,0,0.0,0.0,0.0,True,80889
User Activity,1913,1000,820,0,0.0,0.0,0.0,True,80889
Random Reverse,1913,100,820,0,0.0,0.0,0.0,True,80889
Random Reverse,1913,500,820,3,0.006,0.003658536585365854,0.005952590247631911,True,80889
Random Reverse,1913,1000,820,7,0.007,0.00853658536585366,0.008044164475581173,True,80889
TF-IDF Reverse,1916,100,30,0,0.0,0.0,0.0,True,80889
TF-IDF Reverse,1916,500,30,0,0.0,0.0,0.0,True,80889
TF-IDF Reverse,1916,1000,30,0,0.0,0.0,0.0,True,80889
User Activity,1916,100,30,0,0.0,0.0,0.0,True,80889
User Activity,1916,500,30,0,0.0,0.0,0.0,True,80889
User Activity,1916,1000,30,0,0.0,0.0,0.0,True,80889
Random Reverse,1916,100,30,0,0.0,0.0,0.0,True,80889
Random Reverse,1916,500,30,0,0.0,0.0,0.0,True,80889
Random Reverse,1916,1000,30,1,0.001,0.03333333333333333,0.011200957106718538,True,80889
TF-IDF Reverse,1917,100,17,0,0.0,0.0,0.0,True,80889
TF-IDF Reverse,1917,500,17,0,0.0,0.0,0.0,True,80889
TF-IDF Reverse,1917,1000,17,0,0.0,0.0,0.0,True,80889
User Activity,1917,100,17,0,0.0,0.0,0.0,True,80889
User Activity,1917,500,17,0,0.0,0.0,0.0,True,80889
User Activity,1917,1000,17,0,0.0,0.0,0.0,True,80889
Random Reverse,1917,100,17,0,0.0,0.0,0.0,True,80889
Random Reverse,1917,500,17,0,0.0,0.0,0.0,True,80889
Random Reverse,1917,1000,17,0,0.0,0.0,0.0,True,80889
TF-IDF Reverse,1918,100,18,0,0.0,0.0,0.0,True,80889
TF-IDF Reverse,1918,500,18,0,0.0,0.0,0.0,True,80889
TF-IDF Reverse,1918,1000,18,0,0.0,0.0,0.0,True,80889
User Activity,1918,100,18,0,0.0,0.0,0.0,True,80889
User Activity,1918,500,18,0,0.0,0.0,0.0,True,80889
User Activity,1918,1000,18,0,0.0,0.0,0.0,True,80889
Random Reverse,1918,100,18,0,0.0,0.0,0.0,True,80889
Random Reverse,1918,500,18,0,0.0,0.0,0.0,True,80889
Random Reverse,1918,1000,18,0,0.0,0.0,0.0,True,80889
TF-IDF Reverse,1919,100,26,0,0.0,0.0,0.0,True,80889
TF-IDF Reverse,1919,500,26,3,0.006,0.11538461538461539,0.04127081759977387,True,80889
TF-IDF Reverse,1919,1000,26,4,0.004,0.15384615384615385,0.05404554294322454,True,80889
User Activity,1919,100,26,0,0.0,0.0,0.0,True,80889
User Activity,1919,500,26,0,0.0,0.0,0.0,True,80889
User Activity,1919,1000,26,0,0.0,0.0,0.0,True,80889
Random Reverse,1919,100,26,0,0.0,0.0,0.0,True,80889
Random Reverse,1919,500,26,0,0.0,0.0,0.0,True,80889
Random Reverse,1919,1000,26,0,0.0,0.0,0.0,True,80889
TF-IDF Reverse,1920,100,57,3,0.03,0.05263157894736842,0.09282234483912007,True,80889
TF-IDF Reverse,1920,500,57,3,0.006,0.05263157894736842,0.09282234483912007,True,80889
TF-IDF Reverse,1920,1000,57,4,0.004,0.07017543859649122,0.10066850092464938,True,80889
User Activity,1920,100,57,0,0.0,0.0,0.0,True,80889
User Activity,1920,500,57,1,0.002,0.017543859649122806,0.009290121092272922,True,80889
User Activity,1920,1000,57,2,0.002,0.03508771929824561,0.01644233214616953,True,80889
Random Reverse,1920,100,57,0,0.0,0.0,0.0,True,80889
Random Reverse,1920,500,57,0,0.0,0.0,0.0,True,80889
Random Reverse,1920,1000,57,0,0.0,0.0,0.0,True,80889
TF-IDF Reverse,1922,100,5,0,0.0,0.0,0.0,True,80889
TF-IDF Reverse,1922,500,5,1,0.002,0.2,0.04141238958603495,True,80889
TF-IDF Reverse,1922,1000,5,2,0.002,0.4,0.07689526018230466,True,80889
User Activity,1922,100,5,0,0.0,0.0,0.0,True,80889
User Activity,1922,500,5,0,0.0,0.0,0.0,True,80889
User Activity,1922,1000,5,0,0.0,0.0,0.0,True,80889
Random Reverse,1922,100,5,0,0.0,0.0,0.0,True,80889
Random Reverse,1922,500,5,0,0.0,0.0,0.0,True,80889
Random Reverse,1922,1000,5,0,0.0,0.0,0.0,True,80889
TF-IDF Reverse,1923,100,5,0,0.0,0.0,0.0,True,80889
TF-IDF Reverse,1923,500,5,0,0.0,0.0,0.0,True,80889
TF-IDF Reverse,1923,1000,5,0,0.0,0.0,0.0,True,80889
User Activity,1923,100,5,0,0.0,0.0,0.0,True,80889
User Activity,1923,500,5,0,0.0,0.0,0.0,True,80889
User Activity,1923,1000,5,0,0.0,0.0,0.0,True,80889
Random Reverse,1923,100,5,0,0.0,0.0,0.0,True,80889
Random Reverse,1923,500,5,0,0.0,0.0,0.0,True,80889
Random Reverse,1923,1000,5,0,0.0,0.0,0.0,True,80889
TF-IDF Reverse,1925,100,54,0,0.0,0.0,0.0,True,80889
TF-IDF Reverse,1925,500,54,2,0.004,0.037037037037037035,0.017040096271075358,True,80889
TF-IDF Reverse,1925,1000,54,3,0.003,0.05555555555555555,0.024725134875707825,True,80889
User Activity,1925,100,54,0,0.0,0.0,0.0,True,80889
User Activity,1925,500,54,0,0.0,0.0,0.0,True,80889
User Activity,1925,1000,54,1,0.001,0.018518518518518517,0.007685038604632466,True,80889
Random Reverse,1925,100,54,0,0.0,0.0,0.0,True,80889
Random Reverse,1925,500,54,0,0.0,0.0,0.0,True,80889
Random Reverse,1925,1000,54,0,0.0,0.0,0.0,True,80889
TF-IDF Reverse,1926,100,11,5,0.05,0.45454545454545453,0.44333823262866257,True,80889
TF-IDF Reverse,1926,500,11,5,0.01,0.45454545454545453,0.44333823262866257,True,80889
TF-IDF Reverse,1926,1000,11,5,0.005,0.45454545454545453,0.44333823262866257,True,80889
User Activity,1926,100,11,0,0.0,0.0,0.0,True,80889
User Activity,1926,500,11,0,0.0,0.0,0.0,True,80889
User Activity,1926,1000,11,0,0.0,0.0,0.0,True,80889
Random Reverse,1926,100,11,0,0.0,0.0,0.0,True,80889
Random Reverse,1926,500,11,0,0.0,0.0,0.0,True,80889
Random Reverse,1926,1000,11,0,0.0,0.0,0.0,True,80889
TF-IDF Reverse,1930,100,31,0,0.0,0.0,0.0,True,80889
TF-IDF Reverse,1930,500,31,1,0.002,0.03225806451612903,0.012110815879749898,True,80889
TF-IDF Reverse,1930,1000,31,2,0.002,0.06451612903225806,0.02289480275337113,True,80889
User Activity,1930,100,31,0,0.0,0.0,0.0,True,80889
User Activity,1930,500,31,0,0.0,0.0,0.0,True,80889
User Activity,1930,1000,31,1,0.001,0.03225806451612903,0.011168746740324446,True,80889
Random Reverse,1930,100,31,0,0.0,0.0,0.0,True,80889
Random Reverse,1930,500,31,0,0.0,0.0,0.0,True,80889
Random Reverse,1930,1000,31,0,0.0,0.0,0.0,True,80889
TF-IDF Reverse,1932,100,38,2,0.02,0.05263157894736842,0.07950321429096482,True,80889
TF-IDF Reverse,1932,500,38,3,0.006,0.07894736842105263,0.09048671574443304,True,80889
TF-IDF Reverse,1932,1000,38,3,0.003,0.07894736842105263,0.09048671574443304,True,80889
User Activity,1932,100,38,0,0.0,0.0,0.0,True,80889
User Activity,1932,500,38,0,0.0,0.0,0.0,True,80889
User Activity,1932,1000,38,0,0.0,0.0,0.0,True,80889
Random Reverse,1932,100,38,0,0.0,0.0,0.0,True,80889
Random Reverse,1932,500,38,0,0.0,0.0,0.0,True,80889
Random Reverse,1932,1000,38,0,0.0,0.0,0.0,True,80889
TF-IDF Reverse,1933,100,5,0,0.0,0.0,0.0,True,80889
TF-IDF Reverse,1933,500,5,0,0.0,0.0,0.0,True,80889
TF-IDF Reverse,1933,1000,5,1,0.001,0.2,0.03609390978673876,True,80889
User Activity,1933,100,5,0,0.0,0.0,0.0,True,80889
User Activity,1933,500,5,0,0.0,0.0,0.0,True,80889
User Activity,1933,1000,5,0,0.0,0.0,0.0,True,80889
Random Reverse,1933,100,5,0,0.0,0.0,0.0,True,80889
Random Reverse,1933,500,5,0,0.0,0.0,0.0,True,80889
Random Reverse,1933,1000,5,0,0.0,0.0,0.0,True,80889
TF-IDF Reverse,1935,100,17,0,0.0,0.0,0.0,True,80889
TF-IDF Reverse,1935,500,17,0,0.0,0.0,0.0,True,80889
TF-IDF Reverse,1935,1000,17,0,0.0,0.0,0.0,True,80889
User Activity,1935,100,17,0,0.0,0.0,0.0,True,80889
User Activity,1935,500,17,0,0.0,0.0,0.0,True,80889
User Activity,1935,1000,17,1,0.001,0.058823529411764705,0.017423419269505202,True,80889
Random Reverse,1935,100,17,0,0.0,0.0,0.0,True,80889
Random Reverse,1935,500,17,0,0.0,0.0,0.0,True,80889
Random Reverse,1935,1000,17,0,0.0,0.0,0.0,True,80889
TF-IDF Reverse,1936,100,28,1,0.01,0.03571428571428571,0.020340895031788202,True,80889
TF-IDF Reverse,1936,500,28,2,0.004,0.07142857142857142,0.03655353470497794,True,80889
TF-IDF Reverse,1936,1000,28,3,0.003,0.10714285714285714,0.04847591249450801,True,80889
User Activity,1936,100,28,1,0.01,0.03571428571428571,0.025247410046008424,True,80889
User Activity,1936,500,28,1,0.002,0.03571428571428571,0.025247410046008424,True,80889
User Activity,1936,1000,28,1,0.001,0.03571428571428571,0.025247410046008424,True,80889
Random Reverse,1936,100,28,0,0.0,0.0,0.0,True,80889
Random Reverse,1936,500,28,0,0.0,0.0,0.0,True,80889
Random Reverse,1936,1000,28,0,0.0,0.0,0.0,True,80889
TF-IDF Reverse,1940,100,150,0,0.0,0.0,0.0,True,80889
TF-IDF Reverse,1940,500,150,4,0.008,0.02666666666666667,0.018772536080277482,True,80889
TF-IDF Reverse,1940,1000,150,7,0.007,0.04666666666666667,0.029973213651933756,True,80889
User Activity,1940,100,150,0,0.0,0.0,0.0,True,80889
User Activity,1940,500,150,0,0.0,0.0,0.0,True,80889
User Activity,1940,1000,150,0,0.0,0.0,0.0,True,80889
Random Reverse,1940,100,150,0,0.0,0.0,0.0,True,80889
Random Reverse,1940,500,150,1,0.002,0.006666666666666667,0.004125587796172689,True,80889
Random Reverse,1940,1000,150,1,0.001,0.006666666666666667,0.004125587796172689,True,80889
TF-IDF Reverse,1942,100,134,1,0.01,0.007462686567164179,0.007338664770675958,True,80889
TF-IDF Reverse,1942,500,134,1,0.002,0.007462686567164179,0.005937629759403129,True,80889
TF-IDF Reverse,1942,1000,134,2,0.002,0.014925373134328358,0.010236465069600654,True,80889
User Activity,1942,100,134,0,0.0,0.0,0.0,True,80889
User Activity,1942,500,134,0,0.0,0.0,0.0,True,80889
User Activity,1942,1000,134,0,0.0,0.0,0.0,True,80889
Random Reverse,1942,100,134,0,0.0,0.0,0.0,True,80889
Random Reverse,1942,500,134,1,0.002,0.007462686567164179,0.005317463903382092,True,80889
Random Reverse,1942,1000,134,2,0.002,0.014925373134328358,0.009329525451024728,True,80889
TF-IDF Reverse,1943,100,118,1,0.01,0.00847457627118644,0.008187797668881456,True,80889
TF-IDF Reverse,1943,500,118,1,0.002,0.00847457627118644,0.0072671427636952154,True,80889
TF-IDF Reverse,1943,1000,118,3,0.003,0.025423728813559324,0.015975108853018873,True,80889
User Activity,1943,100,118,0,0.0,0.0,0.0,True,80889
User Activity,1943,500,118,0,0.0,0.0,0.0,True,80889
User Activity,1943,1000,118,0,0.0,0.0,0.0,True,80889
Random Reverse,1943,100,118,0,0.0,0.0,0.0,True,80889
Random Reverse,1943,500,118,0,0.0,0.0,0.0,True,80889
Random Reverse,1943,1000,118,0,0.0,0.0,0.0,True,80889
TF-IDF Reverse,1944,100,19,2,0.02,0.10526315789473684,0.06306229546037312,True,80889
TF-IDF Reverse,1944,500,19,4,0.008,0.21052631578947367,0.10325348207910896,True,80889
TF-IDF Reverse,1944,1000,19,4,0.004,0.21052631578947367,0.10325348207910896,True,80889
User Activity,1944,100,19,0,0.0,0.0,0.0,True,80889
User Activity,1944,500,19,0,0.0,0.0,0.0,True,80889
User Activity,1944,1000,19,0,0.0,0.0,0.0,True,80889
Random Reverse,1944,100,19,0,0.0,0.0,0.0,True,80889
Random Reverse,1944,500,19,0,0.0,0.0,0.0,True,80889
Random Reverse,1944,1000,19,0,0.0,0.0,0.0,True,80889
TF-IDF Reverse,1945,100,23,0,0.0,0.0,0.0,True,80889
TF-IDF Reverse,1945,500,23,0,0.0,0.0,0.0,True,80889
TF-IDF Reverse,1945,1000,23,0,0.0,0.0,0.0,True,80889
User Activity,1945,100,23,0,0.0,0.0,0.0,True,80889
User Activity,1945,500,23,0,0.0,0.0,0.0,True,80889
User Activity,1945,1000,23,0,0.0,0.0,0.0,True,80889
Random Reverse,1945,100,23,0,0.0,0.0,0.0,True,80889
Random Reverse,1945,500,23,0,0.0,0.0,0.0,True,80889
Random Reverse,1945,1000,23,0,0.0,0.0,0.0,True,80889
TF-IDF Reverse,1947,100,5,0,0.0,0.0,0.0,True,80889
TF-IDF Reverse,1947,500,5,0,0.0,0.0,0.0,True,80889
TF-IDF Reverse,1947,1000,5,0,0.0,0.0,0.0,True,80889
User Activity,1947,100,5,0,0.0,0.0,0.0,True,80889
User Activity,1947,500,5,0,0.0,0.0,0.0,True,80889
User Activity,1947,1000,5,0,0.0,0.0,0.0,True,80889
Random Reverse,1947,100,5,0,0.0,0.0,0.0,True,80889
Random Reverse,1947,500,5,0,0.0,0.0,0.0,True,80889
Random Reverse,1947,1000,5,0,0.0,0.0,0.0,True,80889
TF-IDF Reverse,1948,100,30,4,0.04,0.13333333333333333,0.075531265196171,True,80889
TF-IDF Reverse,1948,500,30,9,0.018,0.3,0.14487454148201737,True,80889
TF-IDF Reverse,1948,1000,30,9,0.009,0.3,0.14487454148201737,True,80889
User Activity,1948,100,30,0,0.0,0.0,0.0,True,80889
User Activity,1948,500,30,0,0.0,0.0,0.0,True,80889
User Activity,1948,1000,30,0,0.0,0.0,0.0,True,80889
Random Reverse,1948,100,30,0,0.0,0.0,0.0,True,80889
Random Reverse,1948,500,30,0,0.0,0.0,0.0,True,80889
Random Reverse,1948,1000,30,0,0.0,0.0,0.0,True,80889
TF-IDF Reverse,1949,100,15,1,0.01,0.06666666666666667,0.06077222973772036,True,80889
TF-IDF Reverse,1949,500,15,1,0.002,0.06666666666666667,0.06077222973772036,True,80889
TF-IDF Reverse,1949,1000,15,1,0.001,0.06666666666666667,0.06077222973772036,True,80889
User Activity,1949,100,15,0,0.0,0.0,0.0,True,80889
User Activity,1949,500,15,0,0.0,0.0,0.0,True,80889
User Activity,1949,1000,15,0,0.0,0.0,0.0,True,80889
Random Reverse,1949,100,15,0,0.0,0.0,0.0,True,80889
Random Reverse,1949,500,15,0,0.0,0.0,0.0,True,80889
Random Reverse,1949,1000,15,0,0.0,0.0,0.0,True,80889
TF-IDF Reverse,1950,100,12,0,0.0,0.0,0.0,True,80889
TF-IDF Reverse,1950,500,12,0,0.0,0.0,0.0,True,80889
TF-IDF Reverse,1950,1000,12,0,0.0,0.0,0.0,True,80889
User Activity,1950,100,12,0,0.0,0.0,0.0,True,80889
User Activity,1950,500,12,0,0.0,0.0,0.0,True,80889
User Activity,1950,1000,12,1,0.001,0.08333333333333333,0.019743506577460303,True,80889
Random Reverse,1950,100,12,0,0.0,0.0,0.0,True,80889
Random Reverse,1950,500,12,0,0.0,0.0,0.0,True,80889
Random Reverse,1950,1000,12,1,0.001,0.08333333333333333,0.02110000366990382,True,80889
TF-IDF Reverse,1951,100,17,0,0.0,0.0,0.0,True,80889
TF-IDF Reverse,1951,500,17,1,0.002,0.058823529411764705,0.01956284860797993,True,80889
TF-IDF Reverse,1951,1000,17,2,0.002,0.11764705882352941,0.035384559472599116,True,80889
User Activity,1951,100,17,0,0.0,0.0,0.0,True,80889
User Activity,1951,500,17,0,0.0,0.0,0.0,True,80889
User Activity,1951,1000,17,0,0.0,0.0,0.0,True,80889
Random Reverse,1951,100,17,0,0.0,0.0,0.0,True,80889
Random Reverse,1951,500,17,0,0.0,0.0,0.0,True,80889
Random Reverse,1951,1000,17,0,0.0,0.0,0.0,True,80889
TF-IDF Reverse,1952,100,58,0,0.0,0.0,0.0,True,80889
TF-IDF Reverse,1952,500,58,4,0.008,0.06896551724137931,0.03519229149055095,True,80889
TF-IDF Reverse,1952,1000,58,8,0.008,0.13793103448275862,0.06465827347213016,True,80889
User Activity,1952,100,58,0,0.0,0.0,0.0,True,80889
User Activity,1952,500,58,0,0.0,0.0,0.0,True,80889
User Activity,1952,1000,58,0,0.0,0.0,0.0,True,80889
Random Reverse,1952,100,58,0,0.0,0.0,0.0,True,80889
Random Reverse,1952,500,58,1,0.002,0.017241379310344827,0.010157460163942898,True,80889
Random Reverse,1952,1000,58,1,0.001,0.017241379310344827,0.010157460163942898,True,80889
TF-IDF Reverse,1954,100,108,0,0.0,0.0,0.0,True,80889
TF-IDF Reverse,1954,500,108,0,0.0,0.0,0.0,True,80889
TF-IDF Reverse,1954,1000,108,0,0.0,0.0,0.0,True,80889
User Activity,1954,100,108,0,0.0,0.0,0.0,True,80889
User Activity,1954,500,108,0,0.0,0.0,0.0,True,80889
User Activity,1954,1000,108,0,0.0,0.0,0.0,True,80889
Random Reverse,1954,100,108,0,0.0,0.0,0.0,True,80889
Random Reverse,1954,500,108,0,0.0,0.0,0.0,True,80889
Random Reverse,1954,1000,108,0,0.0,0.0,0.0,True,80889
TF-IDF Reverse,1955,100,23,0,0.0,0.0,0.0,True,80889
TF-IDF Reverse,1955,500,23,0,0.0,0.0,0.0,True,80889
TF-IDF Reverse,1955,1000,23,0,0.0,0.0,0.0,True,80889
User Activity,1955,100,23,0,0.0,0.0,0.0,True,80889
User Activity,1955,500,23,0,0.0,0.0,0.0,True,80889
User Activity,1955,1000,23,0,0.0,0.0,0.0,True,80889
Random Reverse,1955,100,23,0,0.0,0.0,0.0,True,80889
Random Reverse,1955,500,23,0,0.0,0.0,0.0,True,80889
Random Reverse,1955,1000,23,0,0.0,0.0,0.0,True,80889
TF-IDF Reverse,1956,100,13,0,0.0,0.0,0.0,True,80889
TF-IDF Reverse,1956,500,13,0,0.0,0.0,0.0,True,80889
TF-IDF Reverse,1956,1000,13,0,0.0,0.0,0.0,True,80889
User Activity,1956,100,13,0,0.0,0.0,0.0,True,80889
User Activity,1956,500,13,0,0.0,0.0,0.0,True,80889
User Activity,1956,1000,13,0,0.0,0.0,0.0,True,80889
Random Reverse,1956,100,13,0,0.0,0.0,0.0,True,80889
Random Reverse,1956,500,13,0,0.0,0.0,0.0,True,80889
Random Reverse,1956,1000,13,0,0.0,0.0,0.0,True,80889
TF-IDF Reverse,1957,100,45,4,0.04,0.08888888888888889,0.05348076907434977,True,80889
TF-IDF Reverse,1957,500,45,16,0.032,0.35555555555555557,0.18417736656437433,True,80889
TF-IDF Reverse,1957,1000,45,16,0.016,0.35555555555555557,0.18417736656437433,True,80889
User Activity,1957,100,45,0,0.0,0.0,0.0,True,80889
User Activity,1957,500,45,0,0.0,0.0,0.0,True,80889
User Activity,1957,1000,45,0,0.0,0.0,0.0,True,80889
Random Reverse,1957,100,45,0,0.0,0.0,0.0,True,80889
Random Reverse,1957,500,45,0,0.0,0.0,0.0,True,80889
Random Reverse,1957,1000,45,0,0.0,0.0,0.0,True,80889
TF-IDF Reverse,1958,100,253,66,0.66,0.2608695652173913,0.5449821789096837,True,80889
TF-IDF Reverse,1958,500,253,186,0.372,0.7351778656126482,0.6496687493205251,True,80889
TF-IDF Reverse,1958,1000,253,194,0.194,0.766798418972332,0.6704926778981192,True,80889
User Activity,1958,100,253,0,0.0,0.0,0.0,True,80889
User Activity,1958,500,253,0,0.0,0.0,0.0,True,80889
User Activity,1958,1000,253,0,0.0,0.0,0.0,True,80889
Random Reverse,1958,100,253,0,0.0,0.0,0.0,True,80889
Random Reverse,1958,500,253,2,0.004,0.007905138339920948,0.006071103776888076,True,80889
Random Reverse,1958,1000,253,5,0.005,0.019762845849802372,0.01382149855737487,True,80889
TF-IDF Reverse,1959,100,185,5,0.05,0.02702702702702703,0.04302414159831695,True,80889
TF-IDF Reverse,1959,500,185,9,0.018,0.04864864864864865,0.042788295333900155,True,80889
TF-IDF Reverse,1959,1000,185,15,0.015,0.08108108108108109,0.062429366984387995,True,80889
User Activity,1959,100,185,0,0.0,0.0,0.0,True,80889
User Activity,1959,500,185,0,0.0,0.0,0.0,True,80889
User Activity,1959,1000,185,0,0.0,0.0,0.0,True,80889
Random Reverse,1959,100,185,0,0.0,0.0,0.0,True,80889
Random Reverse,1959,500,185,0,0.0,0.0,0.0,True,80889
Random Reverse,1959,1000,185,2,0.002,0.010810810810810811,0.006611237452203909,True,80889
TF-IDF Reverse,1960,100,17,0,0.0,0.0,0.0,True,80889
TF-IDF Reverse,1960,500,17,0,0.0,0.0,0.0,True,80889
TF-IDF Reverse,1960,1000,17,0,0.0,0.0,0.0,True,80889
User Activity,1960,100,17,0,0.0,0.0,0.0,True,80889
User Activity,1960,500,17,0,0.0,0.0,0.0,True,80889
User Activity,1960,1000,17,0,0.0,0.0,0.0,True,80889
Random Reverse,1960,100,17,0,0.0,0.0,0.0,True,80889
Random Reverse,1960,500,17,0,0.0,0.0,0.0,True,80889
Random Reverse,1960,1000,17,0,0.0,0.0,0.0,True,80889
TF-IDF Reverse,1961,100,101,2,0.02,0.019801980198019802,0.01631976183589623,True,80889
TF-IDF Reverse,1961,500,101,2,0.004,0.019801980198019802,0.01620378171676838,True,80889
TF-IDF Reverse,1961,1000,101,3,0.003,0.0297029702970297,0.021076617171420255,True,80889
User Activity,1961,100,101,0,0.0,0.0,0.0,True,80889
User Activity,1961,500,101,0,0.0,0.0,0.0,True,80889
User Activity,1961,1000,101,0,0.0,0.0,0.0,True,80889
Random Reverse,1961,100,101,0,0.0,0.0,0.0,True,80889
Random Reverse,1961,500,101,1,0.002,0.009900990099009901,0.005581441331665655,True,80889
Random Reverse,1961,1000,101,3,0.003,0.0297029702970297,0.015775450531582875,True,80889
TF-IDF Reverse,1962,100,77,0,0.0,0.0,0.0,True,80889
TF-IDF Reverse,1962,500,77,0,0.0,0.0,0.0,True,80889
TF-IDF Reverse,1962,1000,77,0,0.0,0.0,0.0,True,80889
User Activity,1962,100,77,0,0.0,0.0,0.0,True,80889
User Activity,1962,500,77,1,0.002,0.012987012987012988,0.008053100940697588,True,80889
User Activity,1962,1000,77,2,0.002,0.025974025974025976,0.013951171341980513,True,80889
Random Reverse,1962,100,77,1,0.01,0.012987012987012988,0.008946959066710097,True,80889
Random Reverse,1962,500,77,1,0.002,0.012987012987012988,0.008946959066710097,True,80889
Random Reverse,1962,1000,77,1,0.001,0.012987012987012988,0.008946959066710097,True,80889
TF-IDF Reverse,1963,100,144,1,0.01,0.006944444444444444,0.007959753876803331,True,80889
TF-IDF Reverse,1963,500,144,2,0.004,0.013888888888888888,0.010766644987508775,True,80889
TF-IDF Reverse,1963,1000,144,3,0.003,0.020833333333333332,0.01446051235031862,True,80889
User Activity,1963,100,144,0,0.0,0.0,0.0,True,80889
User Activity,1963,500,144,0,0.0,0.0,0.0,True,80889
User Activity,1963,1000,144,0,0.0,0.0,0.0,True,80889
Random Reverse,1963,100,144,0,0.0,0.0,0.0,True,80889
Random Reverse,1963,500,144,1,0.002,0.006944444444444444,0.005288824802261703,True,80889
Random Reverse,1963,1000,144,1,0.001,0.006944444444444444,0.005288824802261703,True,80889
TF-IDF Reverse,1964,100,86,0,0.0,0.0,0.0,True,80889
TF-IDF Reverse,1964,500,86,0,0.0,0.0,0.0,True,80889
TF-IDF Reverse,1964,1000,86,0,0.0,0.0,0.0,True,80889
User Activity,1964,100,86,0,0.0,0.0,0.0,True,80889
User Activity,1964,500,86,0,0.0,0.0,0.0,True,80889
User Activity,1964,1000,86,0,0.0,0.0,0.0,True,80889
Random Reverse,1964,100,86,0,0.0,0.0,0.0,True,80889
Random Reverse,1964,500,86,1,0.002,0.011627906976744186,0.006188959695853887,True,80889
Random Reverse,1964,1000,86,1,0.001,0.011627906976744186,0.006188959695853887,True,80889
TF-IDF Reverse,1965,100,38,1,0.01,0.02631578947368421,0.020628486343891802,True,80889
TF-IDF Reverse,1965,500,38,3,0.006,0.07894736842105263,0.042232095586509734,True,80889
TF-IDF Reverse,1965,1000,38,3,0.003,0.07894736842105263,0.042232095586509734,True,80889
User Activity,1965,100,38,0,0.0,0.0,0.0,True,80889
User Activity,1965,500,38,1,0.002,0.02631578947368421,0.010978344463642053,True,80889
User Activity,1965,1000,38,1,0.001,0.02631578947368421,0.010978344463642053,True,80889
Random Reverse,1965,100,38,0,0.0,0.0,0.0,True,80889
Random Reverse,1965,500,38,0,0.0,0.0,0.0,True,80889
Random Reverse,1965,1000,38,1,0.001,0.02631578947368421,0.010374757528859035,True,80889
TF-IDF Reverse,1967,100,12,0,0.0,0.0,0.0,True,80889
TF-IDF Reverse,1967,500,12,0,0.0,0.0,0.0,True,80889
TF-IDF Reverse,1967,1000,12,0,0.0,0.0,0.0,True,80889
User Activity,1967,100,12,0,0.0,0.0,0.0,True,80889
User Activity,1967,500,12,0,0.0,0.0,0.0,True,80889
User Activity,1967,1000,12,0,0.0,0.0,0.0,True,80889
Random Reverse,1967,100,12,0,0.0,0.0,0.0,True,80889
Random Reverse,1967,500,12,0,0.0,0.0,0.0,True,80889
Random Reverse,1967,1000,12,0,0.0,0.0,0.0,True,80889
TF-IDF Reverse,1968,100,23,0,0.0,0.0,0.0,True,80889
TF-IDF Reverse,1968,500,23,0,0.0,0.0,0.0,True,80889
TF-IDF Reverse,1968,1000,23,1,0.001,0.043478260869565216,0.013993782894765498,True,80889
User Activity,1968,100,23,0,0.0,0.0,0.0,True,80889
User Activity,1968,500,23,0,0.0,0.0,0.0,True,80889
User Activity,1968,1000,23,0,0.0,0.0,0.0,True,80889
Random Reverse,1968,100,23,0,0.0,0.0,0.0,True,80889
Random Reverse,1968,500,23,0,0.0,0.0,0.0,True,80889
Random Reverse,1968,1000,23,0,0.0,0.0,0.0,True,80889
TF-IDF Reverse,1969,100,17,1,0.01,0.058823529411764705,0.03352543171057842,True,80889
TF-IDF Reverse,1969,500,17,1,0.002,0.058823529411764705,0.03352543171057842,True,80889
TF-IDF Reverse,1969,1000,17,1,0.001,0.058823529411764705,0.03352543171057842,True,80889
User Activity,1969,100,17,0,0.0,0.0,0.0,True,80889
User Activity,1969,500,17,0,0.0,0.0,0.0,True,80889
User Activity,1969,1000,17,0,0.0,0.0,0.0,True,80889
Random Reverse,1969,100,17,0,0.0,0.0,0.0,True,80889
Random Reverse,1969,500,17,0,0.0,0.0,0.0,True,80889
Random Reverse,1969,1000,17,0,0.0,0.0,0.0,True,80889
TF-IDF Reverse,1970,100,43,2,0.02,0.046511627906976744,0.039361526335534934,True,80889
TF-IDF Reverse,1970,500,43,2,0.004,0.046511627906976744,0.039361526335534934,True,80889
TF-IDF Reverse,1970,1000,43,2,0.002,0.046511627906976744,0.039361526335534934,True,80889
User Activity,1970,100,43,0,0.0,0.0,0.0,True,80889
User Activity,1970,500,43,0,0.0,0.0,0.0,True,80889
User Activity,1970,1000,43,0,0.0,0.0,0.0,True,80889
Random Reverse,1970,100,43,0,0.0,0.0,0.0,True,80889
Random Reverse,1970,500,43,0,0.0,0.0,0.0,True,80889
Random Reverse,1970,1000,43,1,0.001,0.023255813953488372,0.009386224931165664,True,80889
TF-IDF Reverse,1972,100,11,0,0.0,0.0,0.0,True,80889
TF-IDF Reverse,1972,500,11,0,0.0,0.0,0.0,True,80889
TF-IDF Reverse,1972,1000,11,0,0.0,0.0,0.0,True,80889
User Activity,1972,100,11,0,0.0,0.0,0.0,True,80889
User Activity,1972,500,11,0,0.0,0.0,0.0,True,80889
User Activity,1972,1000,11,1,0.001,0.09090909090909091,0.02298301656636439,True,80889
Random Reverse,1972,100,11,0,0.0,0.0,0.0,True,80889
Random Reverse,1972,500,11,0,0.0,0.0,0.0,True,80889
Random Reverse,1972,1000,11,0,0.0,0.0,0.0,True,80889
TF-IDF Reverse,1974,100,53,0,0.0,0.0,0.0,True,80889
TF-IDF Reverse,1974,500,53,0,0.0,0.0,0.0,True,80889
TF-IDF Reverse,1974,1000,53,0,0.0,0.0,0.0,True,80889
User Activity,1974,100,53,0,0.0,0.0,0.0,True,80889
User Activity,1974,500,53,0,0.0,0.0,0.0,True,80889
User Activity,1974,1000,53,0,0.0,0.0,0.0,True,80889
Random Reverse,1974,100,53,0,0.0,0.0,0.0,True,80889
Random Reverse,1974,500,53,0,0.0,0.0,0.0,True,80889
Random Reverse,1974,1000,53,0,0.0,0.0,0.0,True,80889
TF-IDF Reverse,1977,100,52,0,0.0,0.0,0.0,True,80889
TF-IDF Reverse,1977,500,52,0,0.0,0.0,0.0,True,80889
TF-IDF Reverse,1977,1000,52,2,0.002,0.038461538461538464,0.015895398914933627,True,80889
User Activity,1977,100,52,0,0.0,0.0,0.0,True,80889
User Activity,1977,500,52,0,0.0,0.0,0.0,True,80889
User Activity,1977,1000,52,0,0.0,0.0,0.0,True,80889
Random Reverse,1977,100,52,0,0.0,0.0,0.0,True,80889
Random Reverse,1977,500,52,1,0.002,0.019230769230769232,0.009415787891780212,True,80889
Random Reverse,1977,1000,52,1,0.001,0.019230769230769232,0.009415787891780212,True,80889
TF-IDF Reverse,1979,100,6,0,0.0,0.0,0.0,True,80889
TF-IDF Reverse,1979,500,6,0,0.0,0.0,0.0,True,80889
TF-IDF Reverse,1979,1000,6,0,0.0,0.0,0.0,True,80889
User Activity,1979,100,6,0,0.0,0.0,0.0,True,80889
User Activity,1979,500,6,0,0.0,0.0,0.0,True,80889
User Activity,1979,1000,6,0,0.0,0.0,0.0,True,80889
Random Reverse,1979,100,6,0,0.0,0.0,0.0,True,80889
Random Reverse,1979,500,6,0,0.0,0.0,0.0,True,80889
Random Reverse,1979,1000,6,0,0.0,0.0,0.0,True,80889
TF-IDF Reverse,1981,100,42,0,0.0,0.0,0.0,True,80889
TF-IDF Reverse,1981,500,42,1,0.002,0.023809523809523808,0.010275044459726788,True,80889
TF-IDF Reverse,1981,1000,42,1,0.001,0.023809523809523808,0.010275044459726788,True,80889
User Activity,1981,100,42,0,0.0,0.0,0.0,True,80889
User Activity,1981,500,42,0,0.0,0.0,0.0,True,80889
User Activity,1981,1000,42,2,0.002,0.047619047619047616,0.018002320568983318,True,80889
Random Reverse,1981,100,42,0,0.0,0.0,0.0,True,80889
Random Reverse,1981,500,42,0,0.0,0.0,0.0,True,80889
Random Reverse,1981,1000,42,0,0.0,0.0,0.0,True,80889
TF-IDF Reverse,1982,100,24,1,0.01,0.041666666666666664,0.033166926134933924,True,80889
TF-IDF Reverse,1982,500,24,2,0.004,0.08333333333333333,0.04769837480554104,True,80889
TF-IDF Reverse,1982,1000,24,4,0.004,0.16666666666666666,0.07428399921180684,True,80889
User Activity,1982,100,24,0,0.0,0.0,0.0,True,80889
User Activity,1982,500,24,1,0.002,0.041666666666666664,0.015687035438446937,True,80889
User Activity,1982,1000,24,3,0.003,0.125,0.04227617343250716,True,80889
Random Reverse,1982,100,24,0,0.0,0.0,0.0,True,80889
Random Reverse,1982,500,24,1,0.002,0.041666666666666664,0.014462678436173977,True,80889
Random Reverse,1982,1000,24,1,0.001,0.041666666666666664,0.014462678436173977,True,80889
TF-IDF Reverse,1983,100,41,0,0.0,0.0,0.0,True,80889
TF-IDF Reverse,1983,500,41,0,0.0,0.0,0.0,True,80889
TF-IDF Reverse,1983,1000,41,1,0.001,0.024390243902439025,0.009834981425843962,True,80889
User Activity,1983,100,41,0,0.0,0.0,0.0,True,80889
User Activity,1983,500,41,0,0.0,0.0,0.0,True,80889
User Activity,1983,1000,41,0,0.0,0.0,0.0,True,80889
Random Reverse,1983,100,41,0,0.0,0.0,0.0,True,80889
Random Reverse,1983,500,41,0,0.0,0.0,0.0,True,80889
Random Reverse,1983,1000,41,0,0.0,0.0,0.0,True,80889
TF-IDF Reverse,1985,100,8,1,0.01,0.125,0.2529427027676571,True,80889
TF-IDF Reverse,1985,500,8,1,0.002,0.125,0.2529427027676571,True,80889
TF-IDF Reverse,1985,1000,8,2,0.002,0.25,0.27851762126152796,True,80889
User Activity,1985,100,8,0,0.0,0.0,0.0,True,80889
User Activity,1985,500,8,0,0.0,0.0,0.0,True,80889
User Activity,1985,1000,8,0,0.0,0.0,0.0,True,80889
Random Reverse,1985,100,8,0,0.0,0.0,0.0,True,80889
Random Reverse,1985,500,8,0,0.0,0.0,0.0,True,80889
Random Reverse,1985,1000,8,0,0.0,0.0,0.0,True,80889
TF-IDF Reverse,1987,100,10,0,0.0,0.0,0.0,True,80889
TF-IDF Reverse,1987,500,10,0,0.0,0.0,0.0,True,80889
TF-IDF Reverse,1987,1000,10,1,0.001,0.1,0.022852011236542766,True,80889
User Activity,1987,100,10,0,0.0,0.0,0.0,True,80889
User Activity,1987,500,10,0,0.0,0.0,0.0,True,80889
User Activity,1987,1000,10,0,0.0,0.0,0.0,True,80889
Random Reverse,1987,100,10,0,0.0,0.0,0.0,True,80889
Random Reverse,1987,500,10,0,0.0,0.0,0.0,True,80889
Random Reverse,1987,1000,10,1,0.001,0.1,0.0222982404957544,True,80889
TF-IDF Reverse,1995,100,5,0,0.0,0.0,0.0,True,80889
TF-IDF Reverse,1995,500,5,0,0.0,0.0,0.0,True,80889
TF-IDF Reverse,1995,1000,5,0,0.0,0.0,0.0,True,80889
User Activity,1995,100,5,0,0.0,0.0,0.0,True,80889
User Activity,1995,500,5,0,0.0,0.0,0.0,True,80889
User Activity,1995,1000,5,0,0.0,0.0,0.0,True,80889
Random Reverse,1995,100,5,0,0.0,0.0,0.0,True,80889
Random Reverse,1995,500,5,1,0.002,0.2,0.03859398792618192,True,80889
Random Reverse,1995,1000,5,1,0.001,0.2,0.03859398792618192,True,80889
TF-IDF Reverse,1996,100,16,0,0.0,0.0,0.0,True,80889
TF-IDF Reverse,1996,500,16,0,0.0,0.0,0.0,True,80889
TF-IDF Reverse,1996,1000,16,2,0.002,0.125,0.03479724708866585,True,80889
User Activity,1996,100,16,0,0.0,0.0,0.0,True,80889
User Activity,1996,500,16,0,0.0,0.0,0.0,True,80889
User Activity,1996,1000,16,2,0.002,0.125,0.03420465670343845,True,80889
Random Reverse,1996,100,16,0,0.0,0.0,0.0,True,80889
Random Reverse,1996,500,16,0,0.0,0.0,0.0,True,80889
Random Reverse,1996,1000,16,0,0.0,0.0,0.0,True,80889
TF-IDF Reverse,1998,100,42,0,0.0,0.0,0.0,True,80889
TF-IDF Reverse,1998,500,42,0,0.0,0.0,0.0,True,80889
TF-IDF Reverse,1998,1000,42,1,0.001,0.023809523809523808,0.009017626660928691,True,80889
User Activity,1998,100,42,0,0.0,0.0,0.0,True,80889
User Activity,1998,500,42,0,0.0,0.0,0.0,True,80889
User Activity,1998,1000,42,2,0.002,0.047619047619047616,0.018024956983150913,True,80889
Random Reverse,1998,100,42,1,0.01,0.023809523809523808,0.029084722703418664,True,80889
Random Reverse,1998,500,42,2,0.004,0.047619047619047616,0.039213231926496,True,80889
Random Reverse,1998,1000,42,2,0.002,0.047619047619047616,0.039213231926496,True,80889
TF-IDF Reverse,2000,100,43,0,0.0,0.0,0.0,True,80889
TF-IDF Reverse,2000,500,43,0,0.0,0.0,0.0,True,80889
TF-IDF Reverse,2000,1000,43,1,0.001,0.023255813953488372,0.008637813350016909,True,80889
User Activity,2000,100,43,0,0.0,0.0,0.0,True,80889
User Activity,2000,500,43,0,0.0,0.0,0.0,True,80889
User Activity,2000,1000,43,0,0.0,0.0,0.0,True,80889
Random Reverse,2000,100,43,0,0.0,0.0,0.0,True,80889
Random Reverse,2000,500,43,0,0.0,0.0,0.0,True,80889
Random Reverse,2000,1000,43,2,0.002,0.046511627906976744,0.018340759222977798,True,80889
TF-IDF Reverse,2001,100,9,0,0.0,0.0,0.0,True,80889
TF-IDF Reverse,2001,500,9,0,0.0,0.0,0.0,True,80889
TF-IDF Reverse,2001,1000,9,0,0.0,0.0,0.0,True,80889
User Activity,2001,100,9,0,0.0,0.0,0.0,True,80889
User Activity,2001,500,9,0,0.0,0.0,0.0,True,80889
User Activity,2001,1000,9,0,0.0,0.0,0.0,True,80889
Random Reverse,2001,100,9,0,0.0,0.0,0.0,True,80889
Random Reverse,2001,500,9,1,0.002,0.1111111111111111,0.028448662695538727,True,80889
Random Reverse,2001,1000,9,1,0.001,0.1111111111111111,0.028448662695538727,True,80889
TF-IDF Reverse,2002,100,49,1,0.01,0.02040816326530612,0.012264417351914473,True,80889
TF-IDF Reverse,2002,500,49,2,0.004,0.04081632653061224,0.02109585445890377,True,80889
TF-IDF Reverse,2002,1000,49,3,0.003,0.061224489795918366,0.02970632751209605,True,80889
User Activity,2002,100,49,0,0.0,0.0,0.0,True,80889
User Activity,2002,500,49,0,0.0,0.0,0.0,True,80889
User Activity,2002,1000,49,0,0.0,0.0,0.0,True,80889
Random Reverse,2002,100,49,1,0.01,0.02040816326530612,0.01336260669783424,True,80889
Random Reverse,2002,500,49,1,0.002,0.02040816326530612,0.01336260669783424,True,80889
Random Reverse,2002,1000,49,1,0.001,0.02040816326530612,0.01336260669783424,True,80889
TF-IDF Reverse,2003,100,19,0,0.0,0.0,0.0,True,80889
TF-IDF Reverse,2003,500,19,0,0.0,0.0,0.0,True,80889
TF-IDF Reverse,2003,1000,19,0,0.0,0.0,0.0,True,80889
User Activity,2003,100,19,0,0.0,0.0,0.0,True,80889
User Activity,2003,500,19,0,0.0,0.0,0.0,True,80889
User Activity,2003,1000,19,0,0.0,0.0,0.0,True,80889
Random Reverse,2003,100,19,0,0.0,0.0,0.0,True,80889
Random Reverse,2003,500,19,0,0.0,0.0,0.0,True,80889
Random Reverse,2003,1000,19,0,0.0,0.0,0.0,True,80889
TF-IDF Reverse,2005,100,16,0,0.0,0.0,0.0,True,80889
TF-IDF Reverse,2005,500,16,0,0.0,0.0,0.0,True,80889
TF-IDF Reverse,2005,1000,16,0,0.0,0.0,0.0,True,80889
User Activity,2005,100,16,0,0.0,0.0,0.0,True,80889
User Activity,2005,500,16,0,0.0,0.0,0.0,True,80889
User Activity,2005,1000,16,0,0.0,0.0,0.0,True,80889
Random Reverse,2005,100,16,0,0.0,0.0,0.0,True,80889
Random Reverse,2005,500,16,0,0.0,0.0,0.0,True,80889
Random Reverse,2005,1000,16,0,0.0,0.0,0.0,True,80889
TF-IDF Reverse,2008,100,14,0,0.0,0.0,0.0,True,80889
TF-IDF Reverse,2008,500,14,0,0.0,0.0,0.0,True,80889
TF-IDF Reverse,2008,1000,14,0,0.0,0.0,0.0,True,80889
User Activity,2008,100,14,0,0.0,0.0,0.0,True,80889
User Activity,2008,500,14,0,0.0,0.0,0.0,True,80889
User Activity,2008,1000,14,0,0.0,0.0,0.0,True,80889
Random Reverse,2008,100,14,0,0.0,0.0,0.0,True,80889
Random Reverse,2008,500,14,0,0.0,0.0,0.0,True,80889
Random Reverse,2008,1000,14,0,0.0,0.0,0.0,True,80889
TF-IDF Reverse,2009,100,33,0,0.0,0.0,0.0,True,80889
TF-IDF Reverse,2009,500,33,0,0.0,0.0,0.0,True,80889
TF-IDF Reverse,2009,1000,33,0,0.0,0.0,0.0,True,80889
User Activity,2009,100,33,0,0.0,0.0,0.0,True,80889
User Activity,2009,500,33,0,0.0,0.0,0.0,True,80889
User Activity,2009,1000,33,1,0.001,0.030303030303030304,0.010968938383972046,True,80889
Random Reverse,2009,100,33,0,0.0,0.0,0.0,True,80889
Random Reverse,2009,500,33,1,0.002,0.030303030303030304,0.0140510397433759,True,80889
Random Reverse,2009,1000,33,1,0.001,0.030303030303030304,0.0140510397433759,True,80889
TF-IDF Reverse,2010,100,21,0,0.0,0.0,0.0,True,80889
TF-IDF Reverse,2010,500,21,0,0.0,0.0,0.0,True,80889
TF-IDF Reverse,2010,1000,21,0,0.0,0.0,0.0,True,80889
User Activity,2010,100,21,0,0.0,0.0,0.0,True,80889
User Activity,2010,500,21,0,0.0,0.0,0.0,True,80889
User Activity,2010,1000,21,0,0.0,0.0,0.0,True,80889
Random Reverse,2010,100,21,0,0.0,0.0,0.0,True,80889
Random Reverse,2010,500,21,0,0.0,0.0,0.0,True,80889
Random Reverse,2010,1000,21,0,0.0,0.0,0.0,True,80889
TF-IDF Reverse,2011,100,17,0,0.0,0.0,0.0,True,80889
TF-IDF Reverse,2011,500,17,0,0.0,0.0,0.0,True,80889
TF-IDF Reverse,2011,1000,17,0,0.0,0.0,0.0,True,80889
User Activity,2011,100,17,0,0.0,0.0,0.0,True,80889
User Activity,2011,500,17,0,0.0,0.0,0.0,True,80889
User Activity,2011,1000,17,0,0.0,0.0,0.0,True,80889
Random Reverse,2011,100,17,0,0.0,0.0,0.0,True,80889
Random Reverse,2011,500,17,0,0.0,0.0,0.0,True,80889
Random Reverse,2011,1000,17,0,0.0,0.0,0.0,True,80889
TF-IDF Reverse,2013,100,156,7,0.07,0.04487179487179487,0.06428410455918523,True,80889
TF-IDF Reverse,2013,500,156,10,0.02,0.0641025641025641,0.059902605461402865,True,80889
TF-IDF Reverse,2013,1000,156,12,0.012,0.07692307692307693,0.06712559512832422,True,80889
User Activity,2013,100,156,0,0.0,0.0,0.0,True,80889
User Activity,2013,500,156,0,0.0,0.0,0.0,True,80889
User Activity,2013,1000,156,0,0.0,0.0,0.0,True,80889
Random Reverse,2013,100,156,0,0.0,0.0,0.0,True,80889
Random Reverse,2013,500,156,3,0.006,0.019230769230769232,0.01233940542388826,True,80889
Random Reverse,2013,1000,156,4,0.004,0.02564102564102564,0.01581557154440018,True,80889
TF-IDF Reverse,2017,100,37,0,0.0,0.0,0.0,True,80889
TF-IDF Reverse,2017,500,37,0,0.0,0.0,0.0,True,80889
TF-IDF Reverse,2017,1000,37,0,0.0,0.0,0.0,True,80889
User Activity,2017,100,37,0,0.0,0.0,0.0,True,80889
User Activity,2017,500,37,0,0.0,0.0,0.0,True,80889
User Activity,2017,1000,37,0,0.0,0.0,0.0,True,80889
Random Reverse,2017,100,37,0,0.0,0.0,0.0,True,80889
Random Reverse,2017,500,37,0,0.0,0.0,0.0,True,80889
Random Reverse,2017,1000,37,0,0.0,0.0,0.0,True,80889
TF-IDF Reverse,2018,100,48,0,0.0,0.0,0.0,True,80889
TF-IDF Reverse,2018,500,48,0,0.0,0.0,0.0,True,80889
TF-IDF Reverse,2018,1000,48,0,0.0,0.0,0.0,True,80889
User Activity,2018,100,48,0,0.0,0.0,0.0,True,80889
User Activity,2018,500,48,0,0.0,0.0,0.0,True,80889
User Activity,2018,1000,48,1,0.001,0.020833333333333332,0.008091735927209007,True,80889
Random Reverse,2018,100,48,0,0.0,0.0,0.0,True,80889
Random Reverse,2018,500,48,0,0.0,0.0,0.0,True,80889
Random Reverse,2018,1000,48,1,0.001,0.020833333333333332,0.008232758055923935,True,80889
TF-IDF Reverse,2021,100,12,0,0.0,0.0,0.0,True,80889
TF-IDF Reverse,2021,500,12,0,0.0,0.0,0.0,True,80889
TF-IDF Reverse,2021,1000,12,0,0.0,0.0,0.0,True,80889
User Activity,2021,100,12,0,0.0,0.0,0.0,True,80889
User Activity,2021,500,12,1,0.002,0.08333333333333333,0.02255080246728766,True,80889
User Activity,2021,1000,12,1,0.001,0.08333333333333333,0.02255080246728766,True,80889
Random Reverse,2021,100,12,0,0.0,0.0,0.0,True,80889
Random Reverse,2021,500,12,0,0.0,0.0,0.0,True,80889
Random Reverse,2021,1000,12,0,0.0,0.0,0.0,True,80889
TF-IDF Reverse,2023,100,50,12,0.12,0.24,0.27533133839146223,True,80889
TF-IDF Reverse,2023,500,50,14,0.028,0.28,0.2980060691191441,True,80889
TF-IDF Reverse,2023,1000,50,14,0.014,0.28,0.2980060691191441,True,80889
User Activity,2023,100,50,0,0.0,0.0,0.0,True,80889
User Activity,2023,500,50,0,0.0,0.0,0.0,True,80889
User Activity,2023,1000,50,0,0.0,0.0,0.0,True,80889
Random Reverse,2023,100,50,0,0.0,0.0,0.0,True,80889
Random Reverse,2023,500,50,0,0.0,0.0,0.0,True,80889
Random Reverse,2023,1000,50,2,0.002,0.04,0.016358146852645136,True,80889
TF-IDF Reverse,2025,100,276,1,0.01,0.0036231884057971015,0.008020985666446202,True,80889
TF-IDF Reverse,2025,500,276,15,0.03,0.05434782608695652,0.04370710841187197,True,80889
TF-IDF Reverse,2025,1000,276,16,0.016,0.057971014492753624,0.04598740797317421,True,80889
User Activity,2025,100,276,0,0.0,0.0,0.0,True,80889
User Activity,2025,500,276,0,0.0,0.0,0.0,True,80889
User Activity,2025,1000,276,0,0.0,0.0,0.0,True,80889
Random Reverse,2025,100,276,1,0.01,0.0036231884057971015,0.007598324116394415,True,80889
Random Reverse,2025,500,276,3,0.006,0.010869565217391304,0.009153021580414472,True,80889
Random Reverse,2025,1000,276,5,0.005,0.018115942028985508,0.013756715899612595,True,80889
TF-IDF Reverse,2026,100,37,1,0.01,0.02702702702702703,0.023747828996201672,True,80889
TF-IDF Reverse,2026,500,37,1,0.002,0.02702702702702703,0.023747828996201672,True,80889
TF-IDF Reverse,2026,1000,37,3,0.003,0.08108108108108109,0.043622099595412384,True,80889
User Activity,2026,100,37,0,0.0,0.0,0.0,True,80889
User Activity,2026,500,37,1,0.002,0.02702702702702703,0.011099164106005635,True,80889
User Activity,2026,1000,37,3,0.003,0.08108108108108109,0.030321135886819554,True,80889
Random Reverse,2026,100,37,0,0.0,0.0,0.0,True,80889
Random Reverse,2026,500,37,0,0.0,0.0,0.0,True,80889
Random Reverse,2026,1000,37,1,0.001,0.02702702702702703,0.010109110492232403,True,80889
TF-IDF Reverse,2029,100,61,0,0.0,0.0,0.0,True,80889
TF-IDF Reverse,2029,500,61,0,0.0,0.0,0.0,True,80889
TF-IDF Reverse,2029,1000,61,1,0.001,0.01639344262295082,0.007112432963352827,True,80889
User Activity,2029,100,61,0,0.0,0.0,0.0,True,80889
User Activity,2029,500,61,0,0.0,0.0,0.0,True,80889
User Activity,2029,1000,61,0,0.0,0.0,0.0,True,80889
Random Reverse,2029,100,61,0,0.0,0.0,0.0,True,80889
Random Reverse,2029,500,61,0,0.0,0.0,0.0,True,80889
Random Reverse,2029,1000,61,0,0.0,0.0,0.0,True,80889
TF-IDF Reverse,2033,100,12,0,0.0,0.0,0.0,True,80889
TF-IDF Reverse,2033,500,12,1,0.002,0.08333333333333333,0.0238622265460872,True,80889
TF-IDF Reverse,2033,1000,12,4,0.004,0.3333333333333333,0.0854163508558197,True,80889
User Activity,2033,100,12,0,0.0,0.0,0.0,True,80889
User Activity,2033,500,12,0,0.0,0.0,0.0,True,80889
User Activity,2033,1000,12,0,0.0,0.0,0.0,True,80889
Random Reverse,2033,100,12,0,0.0,0.0,0.0,True,80889
Random Reverse,2033,500,12,0,0.0,0.0,0.0,True,80889
Random Reverse,2033,1000,12,0,0.0,0.0,0.0,True,80889
TF-IDF Reverse,2035,100,101,1,0.01,0.009900990099009901,0.008914243523843216,True,80889
TF-IDF Reverse,2035,500,101,2,0.004,0.019801980198019802,0.014644397434869635,True,80889
TF-IDF Reverse,2035,1000,101,5,0.005,0.04950495049504951,0.02975620427019929,True,80889
User Activity,2035,100,101,0,0.0,0.0,0.0,True,80889
User Activity,2035,500,101,0,0.0,0.0,0.0,True,80889
User Activity,2035,1000,101,4,0.004,0.039603960396039604,0.019932333765728266,True,80889
Random Reverse,2035,100,101,1,0.01,0.009900990099009901,0.008801362524641858,True,80889
Random Reverse,2035,500,101,1,0.002,0.009900990099009901,0.008738813629360182,True,80889
Random Reverse,2035,1000,101,2,0.002,0.019801980198019802,0.013521673661810656,True,80889
TF-IDF Reverse,2037,100,143,0,0.0,0.0,0.0,True,80889
TF-IDF Reverse,2037,500,143,4,0.008,0.027972027972027972,0.01856214708112489,True,80889
TF-IDF Reverse,2037,1000,143,6,0.006,0.04195804195804196,0.026460746045180325,True,80889
User Activity,2037,100,143,0,0.0,0.0,0.0,True,80889
User Activity,2037,500,143,0,0.0,0.0,0.0,True,80889
User Activity,2037,1000,143,1,0.001,0.006993006993006993,0.0037386143369731962,True,80889
Random Reverse,2037,100,143,1,0.01,0.006993006993006993,0.010416338902075684,True,80889
Random Reverse,2037,500,143,1,0.002,0.006993006993006993,0.008035736872623399,True,80889
Random Reverse,2037,1000,143,4,0.004,0.027972027972027972,0.019400995828710025,True,80889
TF-IDF Reverse,2038,100,19,0,0.0,0.0,0.0,True,80889
TF-IDF Reverse,2038,500,19,0,0.0,0.0,0.0,True,80889
TF-IDF Reverse,2038,1000,19,0,0.0,0.0,0.0,True,80889
User Activity,2038,100,19,0,0.0,0.0,0.0,True,80889
User Activity,2038,500,19,0,0.0,0.0,0.0,True,80889
User Activity,2038,1000,19,0,0.0,0.0,0.0,True,80889
Random Reverse,2038,100,19,0,0.0,0.0,0.0,True,80889
Random Reverse,2038,500,19,0,0.0,0.0,0.0,True,80889
Random Reverse,2038,1000,19,1,0.001,0.05263157894736842,0.014967019909579188,True,80889
TF-IDF Reverse,2039,100,20,0,0.0,0.0,0.0,True,80889
TF-IDF Reverse,2039,500,20,0,0.0,0.0,0.0,True,80889
TF-IDF Reverse,2039,1000,20,0,0.0,0.0,0.0,True,80889
User Activity,2039,100,20,0,0.0,0.0,0.0,True,80889
User Activity,2039,500,20,0,0.0,0.0,0.0,True,80889
User Activity,2039,1000,20,0,0.0,0.0,0.0,True,80889
Random Reverse,2039,100,20,0,0.0,0.0,0.0,True,80889
Random Reverse,2039,500,20,0,0.0,0.0,0.0,True,80889
Random Reverse,2039,1000,20,0,0.0,0.0,0.0,True,80889
TF-IDF Reverse,2041,100,54,7,0.07,0.12962962962962962,0.0839186595658842,True,80889
TF-IDF Reverse,2041,500,54,32,0.064,0.5925925925925926,0.32224960085222104,True,80889
TF-IDF Reverse,2041,1000,54,43,0.043,0.7962962962962963,0.40882909064093637,True,80889
User Activity,2041,100,54,0,0.0,0.0,0.0,True,80889
User Activity,2041,500,54,0,0.0,0.0,0.0,True,80889
User Activity,2041,1000,54,1,0.001,0.018518518518518517,0.00797060718671082,True,80889
Random Reverse,2041,100,54,0,0.0,0.0,0.0,True,80889
Random Reverse,2041,500,54,0,0.0,0.0,0.0,True,80889
Random Reverse,2041,1000,54,0,0.0,0.0,0.0,True,80889
TF-IDF Reverse,2042,100,20,1,0.01,0.05,0.022404321800835864,True,80889
TF-IDF Reverse,2042,500,20,1,0.002,0.05,0.022404321800835864,True,80889
TF-IDF Reverse,2042,1000,20,3,0.003,0.15,0.051446563768016686,True,80889
User Activity,2042,100,20,0,0.0,0.0,0.0,True,80889
User Activity,2042,500,20,0,0.0,0.0,0.0,True,80889
User Activity,2042,1000,20,0,0.0,0.0,0.0,True,80889
Random Reverse,2042,100,20,0,0.0,0.0,0.0,True,80889
Random Reverse,2042,500,20,0,0.0,0.0,0.0,True,80889
Random Reverse,2042,1000,20,0,0.0,0.0,0.0,True,80889
TF-IDF Reverse,2043,100,14,0,0.0,0.0,0.0,True,80889
TF-IDF Reverse,2043,500,14,0,0.0,0.0,0.0,True,80889
TF-IDF Reverse,2043,1000,14,2,0.002,0.14285714285714285,0.0373271589651714,True,80889
User Activity,2043,100,14,0,0.0,0.0,0.0,True,80889
User Activity,2043,500,14,0,0.0,0.0,0.0,True,80889
User Activity,2043,1000,14,1,0.001,0.07142857142857142,0.01821937884037129,True,80889
Random Reverse,2043,100,14,0,0.0,0.0,0.0,True,80889
Random Reverse,2043,500,14,0,0.0,0.0,0.0,True,80889
Random Reverse,2043,1000,14,0,0.0,0.0,0.0,True,80889
TF-IDF Reverse,2044,100,11,0,0.0,0.0,0.0,True,80889
TF-IDF Reverse,2044,500,11,0,0.0,0.0,0.0,True,80889
TF-IDF Reverse,2044,1000,11,1,0.001,0.09090909090909091,0.021625550117549627,True,80889
User Activity,2044,100,11,0,0.0,0.0,0.0,True,80889
User Activity,2044,500,11,0,0.0,0.0,0.0,True,80889
User Activity,2044,1000,11,1,0.001,0.09090909090909091,0.02182785188090385,True,80889
Random Reverse,2044,100,11,0,0.0,0.0,0.0,True,80889
Random Reverse,2044,500,11,0,0.0,0.0,0.0,True,80889
Random Reverse,2044,1000,11,0,0.0,0.0,0.0,True,80889
TF-IDF Reverse,2045,100,69,2,0.02,0.028985507246376812,0.021468726934988046,True,80889
TF-IDF Reverse,2045,500,69,4,0.008,0.057971014492753624,0.03708543425093514,True,80889
TF-IDF Reverse,2045,1000,69,5,0.005,0.07246376811594203,0.04368546527575663,True,80889
User Activity,2045,100,69,0,0.0,0.0,0.0,True,80889
User Activity,2045,500,69,0,0.0,0.0,0.0,True,80889
User Activity,2045,1000,69,0,0.0,0.0,0.0,True,80889
Random Reverse,2045,100,69,0,0.0,0.0,0.0,True,80889
Random Reverse,2045,500,69,0,0.0,0.0,0.0,True,80889
Random Reverse,2045,1000,69,0,0.0,0.0,0.0,True,80889
TF-IDF Reverse,2046,100,172,0,0.0,0.0,0.0,True,80889
TF-IDF Reverse,2046,500,172,1,0.002,0.005813953488372093,0.004018141261132188,True,80889
TF-IDF Reverse,2046,1000,172,3,0.003,0.01744186046511628,0.01086110952972675,True,80889
User Activity,2046,100,172,0,0.0,0.0,0.0,True,80889
User Activity,2046,500,172,1,0.002,0.005813953488372093,0.0037235199782916315,True,80889
User Activity,2046,1000,172,2,0.002,0.011627906976744186,0.007264974549595455,True,80889
Random Reverse,2046,100,172,0,0.0,0.0,0.0,True,80889
Random Reverse,2046,500,172,1,0.002,0.005813953488372093,0.004148726124022678,True,80889
Random Reverse,2046,1000,172,3,0.003,0.01744186046511628,0.010745088842729617,True,80889
TF-IDF Reverse,2047,100,184,0,0.0,0.0,0.0,True,80889
TF-IDF Reverse,2047,500,184,0,0.0,0.0,0.0,True,80889
TF-IDF Reverse,2047,1000,184,1,0.001,0.005434782608695652,0.003266135016853681,True,80889
User Activity,2047,100,184,0,0.0,0.0,0.0,True,80889
User Activity,2047,500,184,0,0.0,0.0,0.0,True,80889
User Activity,2047,1000,184,0,0.0,0.0,0.0,True,80889
Random Reverse,2047,100,184,0,0.0,0.0,0.0,True,80889
Random Reverse,2047,500,184,0,0.0,0.0,0.0,True,80889
Random Reverse,2047,1000,184,1,0.001,0.005434782608695652,0.0030792596192932517,True,80889
TF-IDF Reverse,2048,100,47,0,0.0,0.0,0.0,True,80889
TF-IDF Reverse,2048,500,47,4,0.008,0.0851063829787234,0.039108823277818776,True,80889
TF-IDF Reverse,2048,1000,47,6,0.006,0.1276595744680851,0.05588913499539467,True,80889
User Activity,2048,100,47,0,0.0,0.0,0.0,True,80889
User Activity,2048,500,47,6,0.012,0.1276595744680851,0.05894010746737522,True,80889
User Activity,2048,1000,47,9,0.009,0.19148936170212766,0.08434948515833858,True,80889
Random Reverse,2048,100,47,0,0.0,0.0,0.0,True,80889
Random Reverse,2048,500,47,1,0.002,0.02127659574468085,0.009100680868330975,True,80889
Random Reverse,2048,1000,47,1,0.001,0.02127659574468085,0.009100680868330975,True,80889
TF-IDF Reverse,2049,100,57,0,0.0,0.0,0.0,True,80889
TF-IDF Reverse,2049,500,57,0,0.0,0.0,0.0,True,80889
TF-IDF Reverse,2049,1000,57,0,0.0,0.0,0.0,True,80889
User Activity,2049,100,57,0,0.0,0.0,0.0,True,80889
User Activity,2049,500,57,0,0.0,0.0,0.0,True,80889
User Activity,2049,1000,57,0,0.0,0.0,0.0,True,80889
Random Reverse,2049,100,57,0,0.0,0.0,0.0,True,80889
Random Reverse,2049,500,57,0,0.0,0.0,0.0,True,80889
Random Reverse,2049,1000,57,0,0.0,0.0,0.0,True,80889
TF-IDF Reverse,2050,100,26,0,0.0,0.0,0.0,True,80889
TF-IDF Reverse,2050,500,26,0,0.0,0.0,0.0,True,80889
TF-IDF Reverse,2050,1000,26,1,0.001,0.038461538461538464,0.012359820116105568,True,80889
User Activity,2050,100,26,0,0.0,0.0,0.0,True,80889
User Activity,2050,500,26,0,0.0,0.0,0.0,True,80889
User Activity,2050,1000,26,0,0.0,0.0,0.0,True,80889
Random Reverse,2050,100,26,0,0.0,0.0,0.0,True,80889
Random Reverse,2050,500,26,1,0.002,0.038461538461538464,0.015115145028539348,True,80889
Random Reverse,2050,1000,26,1,0.001,0.038461538461538464,0.015115145028539348,True,80889
TF-IDF Reverse,2051,100,18,1,0.01,0.05555555555555555,0.024034995466034617,True,80889
TF-IDF Reverse,2051,500,18,1,0.002,0.05555555555555555,0.024034995466034617,True,80889
TF-IDF Reverse,2051,1000,18,2,0.002,0.1111111111111111,0.03982959432689787,True,80889
User Activity,2051,100,18,0,0.0,0.0,0.0,True,80889
User Activity,2051,500,18,0,0.0,0.0,0.0,True,80889
User Activity,2051,1000,18,0,0.0,0.0,0.0,True,80889
Random Reverse,2051,100,18,0,0.0,0.0,0.0,True,80889
Random Reverse,2051,500,18,0,0.0,0.0,0.0,True,80889
Random Reverse,2051,1000,18,0,0.0,0.0,0.0,True,80889
TF-IDF Reverse,2053,100,23,0,0.0,0.0,0.0,True,80889
TF-IDF Reverse,2053,500,23,1,0.002,0.043478260869565216,0.01668192652842228,True,80889
TF-IDF Reverse,2053,1000,23,2,0.002,0.08695652173913043,0.02981688145736972,True,80889
User Activity,2053,100,23,0,0.0,0.0,0.0,True,80889
User Activity,2053,500,23,1,0.002,0.043478260869565216,0.014644104818413217,True,80889
User Activity,2053,1000,23,2,0.002,0.08695652173913043,0.028458463733689078,True,80889
Random Reverse,2053,100,23,0,0.0,0.0,0.0,True,80889
Random Reverse,2053,500,23,1,0.002,0.043478260869565216,0.0147767179073913,True,80889
Random Reverse,2053,1000,23,1,0.001,0.043478260869565216,0.0147767179073913,True,80889
TF-IDF Reverse,2054,100,10,0,0.0,0.0,0.0,True,80889
TF-IDF Reverse,2054,500,10,0,0.0,0.0,0.0,True,80889
TF-IDF Reverse,2054,1000,10,1,0.001,0.1,0.023744606575845928,True,80889
User Activity,2054,100,10,0,0.0,0.0,0.0,True,80889
User Activity,2054,500,10,0,0.0,0.0,0.0,True,80889
User Activity,2054,1000,10,2,0.002,0.2,0.04610928613897884,True,80889
Random Reverse,2054,100,10,0,0.0,0.0,0.0,True,80889
Random Reverse,2054,500,10,0,0.0,0.0,0.0,True,80889
Random Reverse,2054,1000,10,0,0.0,0.0,0.0,True,80889
TF-IDF Reverse,2055,100,88,8,0.08,0.09090909090909091,0.08496863839164483,True,80889
TF-IDF Reverse,2055,500,88,10,0.02,0.11363636363636363,0.0995267175095411,True,80889
TF-IDF Reverse,2055,1000,88,23,0.023,0.26136363636363635,0.17149524337214833,True,80889
User Activity,2055,100,88,1,0.01,0.011363636363636364,0.009583052632851134,True,80889
User Activity,2055,500,88,2,0.004,0.022727272727272728,0.01612742435222431,True,80889
User Activity,2055,1000,88,9,0.009,0.10227272727272728,0.05411542058146048,True,80889
Random Reverse,2055,100,88,0,0.0,0.0,0.0,True,80889
Random Reverse,2055,500,88,2,0.004,0.022727272727272728,0.01355741049447423,True,80889
Random Reverse,2055,1000,88,3,0.003,0.03409090909090909,0.018902582274576807,True,80889
TF-IDF Reverse,2060,100,36,0,0.0,0.0,0.0,True,80889
TF-IDF Reverse,2060,500,36,0,0.0,0.0,0.0,True,80889
TF-IDF Reverse,2060,1000,36,1,0.001,0.027777777777777776,0.010667635867628365,True,80889
User Activity,2060,100,36,0,0.0,0.0,0.0,True,80889
User Activity,2060,500,36,0,0.0,0.0,0.0,True,80889
User Activity,2060,1000,36,0,0.0,0.0,0.0,True,80889
Random Reverse,2060,100,36,0,0.0,0.0,0.0,True,80889
Random Reverse,2060,500,36,0,0.0,0.0,0.0,True,80889
Random Reverse,2060,1000,36,0,0.0,0.0,0.0,True,80889
TF-IDF Reverse,2061,100,128,0,0.0,0.0,0.0,True,80889
TF-IDF Reverse,2061,500,128,0,0.0,0.0,0.0,True,80889
TF-IDF Reverse,2061,1000,128,3,0.003,0.0234375,0.01252906766330847,True,80889
User Activity,2061,100,128,0,0.0,0.0,0.0,True,80889
User Activity,2061,500,128,3,0.006,0.0234375,0.01424098461635729,True,80889
User Activity,2061,1000,128,6,0.006,0.046875,0.027088376525861806,True,80889
Random Reverse,2061,100,128,0,0.0,0.0,0.0,True,80889
Random Reverse,2061,500,128,0,0.0,0.0,0.0,True,80889
Random Reverse,2061,1000,128,2,0.002,0.015625,0.008252564385581562,True,80889
TF-IDF Reverse,2063,100,156,6,0.06,0.038461538461538464,0.0590489489213091,True,80889
TF-IDF Reverse,2063,500,156,23,0.046,0.14743589743589744,0.11540841586171183,True,80889
TF-IDF Reverse,2063,1000,156,42,0.042,0.2692307692307692,0.18437244065885916,True,80889
User Activity,2063,100,156,7,0.07,0.04487179487179487,0.06188824734477418,True,80889
User Activity,2063,500,156,17,0.034,0.10897435897435898,0.08985494097713498,True,80889
User Activity,2063,1000,156,34,0.034,0.21794871794871795,0.1517114687588935,True,80889
Random Reverse,2063,100,156,0,0.0,0.0,0.0,True,80889
Random Reverse,2063,500,156,0,0.0,0.0,0.0,True,80889
Random Reverse,2063,1000,156,2,0.002,0.01282051282051282,0.007100740212427044,True,80889
TF-IDF Reverse,2066,100,5,0,0.0,0.0,0.0,True,80889
TF-IDF Reverse,2066,500,5,0,0.0,0.0,0.0,True,80889
TF-IDF Reverse,2066,1000,5,0,0.0,0.0,0.0,True,80889
User Activity,2066,100,5,0,0.0,0.0,0.0,True,80889
User Activity,2066,500,5,0,0.0,0.0,0.0,True,80889
User Activity,2066,1000,5,0,0.0,0.0,0.0,True,80889
Random Reverse,2066,100,5,0,0.0,0.0,0.0,True,80889
Random Reverse,2066,500,5,0,0.0,0.0,0.0,True,80889
Random Reverse,2066,1000,5,0,0.0,0.0,0.0,True,80889
TF-IDF Reverse,2068,100,121,0,0.0,0.0,0.0,True,80889
TF-IDF Reverse,2068,500,121,0,0.0,0.0,0.0,True,80889
TF-IDF Reverse,2068,1000,121,3,0.003,0.024793388429752067,0.012836637399321177,True,80889
User Activity,2068,100,121,0,0.0,0.0,0.0,True,80889
User Activity,2068,500,121,1,0.002,0.008264462809917356,0.004852668784180662,True,80889
User Activity,2068,1000,121,1,0.001,0.008264462809917356,0.004852668784180662,True,80889
Random Reverse,2068,100,121,1,0.01,0.008264462809917356,0.008260776984538047,True,80889
Random Reverse,2068,500,121,1,0.002,0.008264462809917356,0.007199590266796303,True,80889
Random Reverse,2068,1000,121,1,0.001,0.008264462809917356,0.007199590266796303,True,80889
TF-IDF Reverse,2070,100,14,0,0.0,0.0,0.0,True,80889
TF-IDF Reverse,2070,500,14,0,0.0,0.0,0.0,True,80889
TF-IDF Reverse,2070,1000,14,0,0.0,0.0,0.0,True,80889
User Activity,2070,100,14,0,0.0,0.0,0.0,True,80889
User Activity,2070,500,14,0,0.0,0.0,0.0,True,80889
User Activity,2070,1000,14,1,0.001,0.07142857142857142,0.01803824044922503,True,80889
Random Reverse,2070,100,14,0,0.0,0.0,0.0,True,80889
Random Reverse,2070,500,14,0,0.0,0.0,0.0,True,80889
Random Reverse,2070,1000,14,0,0.0,0.0,0.0,True,80889
TF-IDF Reverse,2071,100,18,11,0.11,0.6111111111111112,0.46311034550292157,True,80889
TF-IDF Reverse,2071,500,18,13,0.026,0.7222222222222222,0.5021706055918032,True,80889
TF-IDF Reverse,2071,1000,18,13,0.013,0.7222222222222222,0.5021706055918032,True,80889
User Activity,2071,100,18,0,0.0,0.0,0.0,True,80889
User Activity,2071,500,18,0,0.0,0.0,0.0,True,80889
User Activity,2071,1000,18,0,0.0,0.0,0.0,True,80889
Random Reverse,2071,100,18,0,0.0,0.0,0.0,True,80889
Random Reverse,2071,500,18,0,0.0,0.0,0.0,True,80889
Random Reverse,2071,1000,18,1,0.001,0.05555555555555555,0.015661184151711447,True,80889
TF-IDF Reverse,2072,100,37,0,0.0,0.0,0.0,True,80889
TF-IDF Reverse,2072,500,37,0,0.0,0.0,0.0,True,80889
TF-IDF Reverse,2072,1000,37,0,0.0,0.0,0.0,True,80889
User Activity,2072,100,37,0,0.0,0.0,0.0,True,80889
User Activity,2072,500,37,0,0.0,0.0,0.0,True,80889
User Activity,2072,1000,37,2,0.002,0.05405405405405406,0.019828337289922626,True,80889
Random Reverse,2072,100,37,0,0.0,0.0,0.0,True,80889
Random Reverse,2072,500,37,1,0.002,0.02702702702702703,0.012022898030486345,True,80889
Random Reverse,2072,1000,37,2,0.002,0.05405405405405406,0.02169440097477914,True,80889
TF-IDF Reverse,2073,100,23,0,0.0,0.0,0.0,True,80889
TF-IDF Reverse,2073,500,23,0,0.0,0.0,0.0,True,80889
TF-IDF Reverse,2073,1000,23,0,0.0,0.0,0.0,True,80889
User Activity,2073,100,23,0,0.0,0.0,0.0,True,80889
User Activity,2073,500,23,0,0.0,0.0,0.0,True,80889
User Activity,2073,1000,23,0,0.0,0.0,0.0,True,80889
Random Reverse,2073,100,23,0,0.0,0.0,0.0,True,80889
Random Reverse,2073,500,23,0,0.0,0.0,0.0,True,80889
Random Reverse,2073,1000,23,0,0.0,0.0,0.0,True,80889
TF-IDF Reverse,2074,100,6,0,0.0,0.0,0.0,True,80889
TF-IDF Reverse,2074,500,6,0,0.0,0.0,0.0,True,80889
TF-IDF Reverse,2074,1000,6,0,0.0,0.0,0.0,True,80889
User Activity,2074,100,6,0,0.0,0.0,0.0,True,80889
User Activity,2074,500,6,0,0.0,0.0,0.0,True,80889
User Activity,2074,1000,6,0,0.0,0.0,0.0,True,80889
Random Reverse,2074,100,6,0,0.0,0.0,0.0,True,80889
Random Reverse,2074,500,6,0,0.0,0.0,0.0,True,80889
Random Reverse,2074,1000,6,0,0.0,0.0,0.0,True,80889
TF-IDF Reverse,2079,100,161,3,0.03,0.018633540372670808,0.030069459244358016,True,80889
TF-IDF Reverse,2079,500,161,13,0.026,0.08074534161490683,0.06264107920004465,True,80889
TF-IDF Reverse,2079,1000,161,23,0.023,0.14285714285714285,0.09830906060324607,True,80889
User Activity,2079,100,161,0,0.0,0.0,0.0,True,80889
User Activity,2079,500,161,1,0.002,0.006211180124223602,0.003939395538296427,True,80889
User Activity,2079,1000,161,7,0.007,0.043478260869565216,0.025762528012133582,True,80889
Random Reverse,2079,100,161,1,0.01,0.006211180124223602,0.017011929231169735,True,80889
Random Reverse,2079,500,161,2,0.004,0.012422360248447204,0.016114038966659,True,80889
Random Reverse,2079,1000,161,4,0.004,0.024844720496894408,0.023265358645631423,True,80889
TF-IDF Reverse,2083,100,29,0,0.0,0.0,0.0,True,80889
TF-IDF Reverse,2083,500,29,1,0.002,0.034482758620689655,0.014283799230153566,True,80889
TF-IDF Reverse,2083,1000,29,2,0.002,0.06896551724137931,0.025577385491057873,True,80889
User Activity,2083,100,29,1,0.01,0.034482758620689655,0.019134679634393338,True,80889
User Activity,2083,500,29,7,0.014,0.2413793103448276,0.10515123909442928,True,80889
User Activity,2083,1000,29,12,0.012,0.41379310344827586,0.16315825905348033,True,80889
Random Reverse,2083,100,29,0,0.0,0.0,0.0,True,80889
Random Reverse,2083,500,29,0,0.0,0.0,0.0,True,80889
Random Reverse,2083,1000,29,0,0.0,0.0,0.0,True,80889
TF-IDF Reverse,2085,100,158,2,0.02,0.012658227848101266,0.016607216238826206,True,80889
TF-IDF Reverse,2085,500,158,7,0.014,0.04430379746835443,0.03409107054602769,True,80889
TF-IDF Reverse,2085,1000,158,12,0.012,0.0759493670886076,0.05194198240907384,True,80889
User Activity,2085,100,158,0,0.0,0.0,0.0,True,80889
User Activity,2085,500,158,1,0.002,0.006329113924050633,0.004500001522679561,True,80889
User Activity,2085,1000,158,1,0.001,0.006329113924050633,0.004500001522679561,True,80889
Random Reverse,2085,100,158,0,0.0,0.0,0.0,True,80889
Random Reverse,2085,500,158,0,0.0,0.0,0.0,True,80889
Random Reverse,2085,1000,158,2,0.002,0.012658227848101266,0.007375674001623702,True,80889
TF-IDF Reverse,2086,100,37,0,0.0,0.0,0.0,True,80889
TF-IDF Reverse,2086,500,37,0,0.0,0.0,0.0,True,80889
TF-IDF Reverse,2086,1000,37,1,0.001,0.02702702702702703,0.009610448929545079,True,80889
User Activity,2086,100,37,0,0.0,0.0,0.0,True,80889
User Activity,2086,500,37,0,0.0,0.0,0.0,True,80889
User Activity,2086,1000,37,1,0.001,0.02702702702702703,0.009531745146340741,True,80889
Random Reverse,2086,100,37,0,0.0,0.0,0.0,True,80889
Random Reverse,2086,500,37,0,0.0,0.0,0.0,True,80889
Random Reverse,2086,1000,37,0,0.0,0.0,0.0,True,80889
TF-IDF Reverse,2087,100,60,0,0.0,0.0,0.0,True,80889
TF-IDF Reverse,2087,500,60,1,0.002,0.016666666666666666,0.008190303305182323,True,80889
TF-IDF Reverse,2087,1000,60,2,0.002,0.03333333333333333,0.015060258007288767,True,80889
User Activity,2087,100,60,0,0.0,0.0,0.0,True,80889
User Activity,2087,500,60,0,0.0,0.0,0.0,True,80889
User Activity,2087,1000,60,0,0.0,0.0,0.0,True,80889
Random Reverse,2087,100,60,0,0.0,0.0,0.0,True,80889
Random Reverse,2087,500,60,0,0.0,0.0,0.0,True,80889
Random Reverse,2087,1000,60,0,0.0,0.0,0.0,True,80889
TF-IDF Reverse,2091,100,39,1,0.01,0.02564102564102564,0.057860211896913656,True,80889
TF-IDF Reverse,2091,500,39,1,0.002,0.02564102564102564,0.057860211896913656,True,80889
TF-IDF Reverse,2091,1000,39,1,0.001,0.02564102564102564,0.057860211896913656,True,80889
User Activity,2091,100,39,4,0.04,0.10256410256410256,0.07112293579605043,True,80889
User Activity,2091,500,39,8,0.016,0.20512820512820512,0.11751808557818748,True,80889
User Activity,2091,1000,39,9,0.009,0.23076923076923078,0.12679046329952473,True,80889
Random Reverse,2091,100,39,0,0.0,0.0,0.0,True,80889
Random Reverse,2091,500,39,0,0.0,0.0,0.0,True,80889
Random Reverse,2091,1000,39,0,0.0,0.0,0.0,True,80889
TF-IDF Reverse,2092,100,67,0,0.0,0.0,0.0,True,80889
TF-IDF Reverse,2092,500,67,1,0.002,0.014925373134328358,0.008039737013226802,True,80889
TF-IDF Reverse,2092,1000,67,1,0.001,0.014925373134328358,0.008039737013226802,True,80889
User Activity,2092,100,67,0,0.0,0.0,0.0,True,80889
User Activity,2092,500,67,0,0.0,0.0,0.0,True,80889
User Activity,2092,1000,67,0,0.0,0.0,0.0,True,80889
Random Reverse,2092,100,67,0,0.0,0.0,0.0,True,80889
Random Reverse,2092,500,67,1,0.002,0.014925373134328358,0.009292186823139755,True,80889
Random Reverse,2092,1000,67,3,0.003,0.04477611940298507,0.02219950387711231,True,80889
TF-IDF Reverse,2093,100,7,0,0.0,0.0,0.0,True,80889
TF-IDF Reverse,2093,500,7,0,0.0,0.0,0.0,True,80889
TF-IDF Reverse,2093,1000,7,0,0.0,0.0,0.0,True,80889
User Activity,2093,100,7,0,0.0,0.0,0.0,True,80889
User Activity,2093,500,7,0,0.0,0.0,0.0,True,80889
User Activity,2093,1000,7,1,0.001,0.14285714285714285,0.030628887284362395,True,80889
Random Reverse,2093,100,7,0,0.0,0.0,0.0,True,80889
Random Reverse,2093,500,7,0,0.0,0.0,0.0,True,80889
Random Reverse,2093,1000,7,0,0.0,0.0,0.0,True,80889
TF-IDF Reverse,2094,100,14,0,0.0,0.0,0.0,True,80889
TF-IDF Reverse,2094,500,14,1,0.002,0.07142857142857142,0.02617908133704085,True,80889
TF-IDF Reverse,2094,1000,14,2,0.002,0.14285714285714285,0.0450185111653125,True,80889
User Activity,2094,100,14,1,0.01,0.07142857142857142,0.0891051490973257,True,80889
User Activity,2094,500,14,2,0.004,0.14285714285714285,0.11241933682799563,True,80889
User Activity,2094,1000,14,3,0.003,0.21428571428571427,0.1309651775341609,True,80889
Random Reverse,2094,100,14,0,0.0,0.0,0.0,True,80889
Random Reverse,2094,500,14,0,0.0,0.0,0.0,True,80889
Random Reverse,2094,1000,14,0,0.0,0.0,0.0,True,80889
TF-IDF Reverse,2095,100,182,0,0.0,0.0,0.0,True,80889
TF-IDF Reverse,2095,500,182,0,0.0,0.0,0.0,True,80889
TF-IDF Reverse,2095,1000,182,0,0.0,0.0,0.0,True,80889
User Activity,2095,100,182,0,0.0,0.0,0.0,True,80889
User Activity,2095,500,182,0,0.0,0.0,0.0,True,80889
User Activity,2095,1000,182,0,0.0,0.0,0.0,True,80889
Random Reverse,2095,100,182,1,0.01,0.005494505494505495,0.007901292059672813,True,80889
Random Reverse,2095,500,182,1,0.002,0.005494505494505495,0.005099028791160907,True,80889
Random Reverse,2095,1000,182,2,0.002,0.01098901098901099,0.008533296211204437,True,80889
TF-IDF Reverse,2096,100,14,0,0.0,0.0,0.0,True,80889
TF-IDF Reverse,2096,500,14,1,0.002,0.07142857142857142,0.021545196731635765,True,80889
TF-IDF Reverse,2096,1000,14,1,0.001,0.07142857142857142,0.021545196731635765,True,80889
User Activity,2096,100,14,0,0.0,0.0,0.0,True,80889
User Activity,2096,500,14,1,0.002,0.07142857142857142,0.02150894953403037,True,80889
User Activity,2096,1000,14,1,0.001,0.07142857142857142,0.02150894953403037,True,80889
Random Reverse,2096,100,14,0,0.0,0.0,0.0,True,80889
Random Reverse,2096,500,14,1,0.002,0.07142857142857142,0.024960993961444803,True,80889
Random Reverse,2096,1000,14,2,0.002,0.14285714285714285,0.043422939501136716,True,80889
TF-IDF Reverse,2098,100,14,0,0.0,0.0,0.0,True,80889
TF-IDF Reverse,2098,500,14,0,0.0,0.0,0.0,True,80889
TF-IDF Reverse,2098,1000,14,0,0.0,0.0,0.0,True,80889
User Activity,2098,100,14,0,0.0,0.0,0.0,True,80889
User Activity,2098,500,14,1,0.002,0.07142857142857142,0.02068674411784032,True,80889
User Activity,2098,1000,14,1,0.001,0.07142857142857142,0.02068674411784032,True,80889
Random Reverse,2098,100,14,0,0.0,0.0,0.0,True,80889
Random Reverse,2098,500,14,0,0.0,0.0,0.0,True,80889
Random Reverse,2098,1000,14,0,0.0,0.0,0.0,True,80889
TF-IDF Reverse,2102,100,5,0,0.0,0.0,0.0,True,80889
TF-IDF Reverse,2102,500,5,0,0.0,0.0,0.0,True,80889
TF-IDF Reverse,2102,1000,5,1,0.001,0.2,0.035761998465500745,True,80889
User Activity,2102,100,5,0,0.0,0.0,0.0,True,80889
User Activity,2102,500,5,0,0.0,0.0,0.0,True,80889
User Activity,2102,1000,5,0,0.0,0.0,0.0,True,80889
Random Reverse,2102,100,5,0,0.0,0.0,0.0,True,80889
Random Reverse,2102,500,5,0,0.0,0.0,0.0,True,80889
Random Reverse,2102,1000,5,0,0.0,0.0,0.0,True,80889
TF-IDF Reverse,2103,100,17,1,0.01,0.058823529411764705,0.027921383090117262,True,80889
TF-IDF Reverse,2103,500,17,1,0.002,0.058823529411764705,0.027921383090117262,True,80889
TF-IDF Reverse,2103,1000,17,1,0.001,0.058823529411764705,0.027921383090117262,True,80889
User Activity,2103,100,17,1,0.01,0.058823529411764705,0.02626404513003827,True,80889
User Activity,2103,500,17,4,0.008,0.23529411764705882,0.08735579021876373,True,80889
User Activity,2103,1000,17,7,0.007,0.4117647058823529,0.1363932681767749,True,80889
Random Reverse,2103,100,17,0,0.0,0.0,0.0,True,80889
Random Reverse,2103,500,17,0,0.0,0.0,0.0,True,80889
Random Reverse,2103,1000,17,0,0.0,0.0,0.0,True,80889
TF-IDF Reverse,2104,100,150,0,0.0,0.0,0.0,True,80889
TF-IDF Reverse,2104,500,150,0,0.0,0.0,0.0,True,80889
TF-IDF Reverse,2104,1000,150,1,0.001,0.006666666666666667,0.003898570673123431,True,80889
User Activity,2104,100,150,0,0.0,0.0,0.0,True,80889
User Activity,2104,500,150,0,0.0,0.0,0.0,True,80889
User Activity,2104,1000,150,0,0.0,0.0,0.0,True,80889
Random Reverse,2104,100,150,0,0.0,0.0,0.0,True,80889
Random Reverse,2104,500,150,1,0.002,0.006666666666666667,0.005168222659406389,True,80889
Random Reverse,2104,1000,150,1,0.001,0.006666666666666667,0.005168222659406389,True,80889
TF-IDF Reverse,2105,100,156,1,0.01,0.00641025641025641,0.009237759396412184,True,80889
TF-IDF Reverse,2105,500,156,3,0.006,0.019230769230769232,0.015217069298372013,True,80889
TF-IDF Reverse,2105,1000,156,3,0.003,0.019230769230769232,0.015217069298372013,True,80889
User Activity,2105,100,156,0,0.0,0.0,0.0,True,80889
User Activity,2105,500,156,0,0.0,0.0,0.0,True,80889
User Activity,2105,1000,156,1,0.001,0.00641025641025641,0.0035060106517515754,True,80889
Random Reverse,2105,100,156,0,0.0,0.0,0.0,True,80889
Random Reverse,2105,500,156,2,0.004,0.01282051282051282,0.008136946681739947,True,80889
Random Reverse,2105,1000,156,2,0.002,0.01282051282051282,0.008136946681739947,True,80889
TF-IDF Reverse,2106,100,21,0,0.0,0.0,0.0,True,80889
TF-IDF Reverse,2106,500,21,0,0.0,0.0,0.0,True,80889
TF-IDF Reverse,2106,1000,21,0,0.0,0.0,0.0,True,80889
User Activity,2106,100,21,0,0.0,0.0,0.0,True,80889
User Activity,2106,500,21,4,0.008,0.19047619047619047,0.06776615859942231,True,80889
User Activity,2106,1000,21,7,0.007,0.3333333333333333,0.11204703959580432,True,80889
Random Reverse,2106,100,21,0,0.0,0.0,0.0,True,80889
Random Reverse,2106,500,21,0,0.0,0.0,0.0,True,80889
Random Reverse,2106,1000,21,0,0.0,0.0,0.0,True,80889
TF-IDF Reverse,2107,100,16,2,0.02,0.125,0.07566895303466194,True,80889
TF-IDF Reverse,2107,500,16,3,0.006,0.1875,0.09946408169122743,True,80889
TF-IDF Reverse,2107,1000,16,4,0.004,0.25,0.117294849202213,True,80889
User Activity,2107,100,16,1,0.01,0.0625,0.026458484452815317,True,80889
User Activity,2107,500,16,2,0.004,0.125,0.04569933689749882,True,80889
User Activity,2107,1000,16,2,0.002,0.125,0.04569933689749882,True,80889
Random Reverse,2107,100,16,0,0.0,0.0,0.0,True,80889
Random Reverse,2107,500,16,0,0.0,0.0,0.0,True,80889
Random Reverse,2107,1000,16,0,0.0,0.0,0.0,True,80889
TF-IDF Reverse,2108,100,117,7,0.07,0.05982905982905983,0.07226249329868381,True,80889
TF-IDF Reverse,2108,500,117,16,0.032,0.13675213675213677,0.11293991708877815,True,80889
TF-IDF Reverse,2108,1000,117,26,0.026,0.2222222222222222,0.1576015352724863,True,80889
User Activity,2108,100,117,0,0.0,0.0,0.0,True,80889
User Activity,2108,500,117,6,0.012,0.05128205128205128,0.03028777652237749,True,80889
User Activity,2108,1000,117,22,0.022,0.18803418803418803,0.10244543208179446,True,80889
Random Reverse,2108,100,117,0,0.0,0.0,0.0,True,80889
Random Reverse,2108,500,117,0,0.0,0.0,0.0,True,80889
Random Reverse,2108,1000,117,0,0.0,0.0,0.0,True,80889
TF-IDF Reverse,2109,100,8,3,0.03,0.375,0.41340027774092636,True,80889
TF-IDF Reverse,2109,500,8,3,0.006,0.375,0.41340027774092636,True,80889
TF-IDF Reverse,2109,1000,8,3,0.003,0.375,0.41340027774092636,True,80889
User Activity,2109,100,8,0,0.0,0.0,0.0,True,80889
User Activity,2109,500,8,0,0.0,0.0,0.0,True,80889
User Activity,2109,1000,8,0,0.0,0.0,0.0,True,80889
Random Reverse,2109,100,8,0,0.0,0.0,0.0,True,80889
Random Reverse,2109,500,8,0,0.0,0.0,0.0,True,80889
Random Reverse,2109,1000,8,0,0.0,0.0,0.0,True,80889
TF-IDF Reverse,2110,100,22,0,0.0,0.0,0.0,True,80889
TF-IDF Reverse,2110,500,22,2,0.004,0.09090909090909091,0.030803426400362436,True,80889
TF-IDF Reverse,2110,1000,22,4,0.004,0.18181818181818182,0.05945612335616358,True,80889
User Activity,2110,100,22,0,0.0,0.0,0.0,True,80889
User Activity,2110,500,22,1,0.002,0.045454545454545456,0.016206164965200828,True,80889
User Activity,2110,1000,22,2,0.002,0.09090909090909091,0.030413339972324104,True,80889
Random Reverse,2110,100,22,0,0.0,0.0,0.0,True,80889
Random Reverse,2110,500,22,0,0.0,0.0,0.0,True,80889
Random Reverse,2110,1000,22,0,0.0,0.0,0.0,True,80889
TF-IDF Reverse,2111,100,6,0,0.0,0.0,0.0,True,80889
TF-IDF Reverse,2111,500,6,1,0.002,0.16666666666666666,0.035453151790237454,True,80889
TF-IDF Reverse,2111,1000,6,1,0.001,0.16666666666666666,0.035453151790237454,True,80889
User Activity,2111,100,6,0,0.0,0.0,0.0,True,80889
User Activity,2111,500,6,0,0.0,0.0,0.0,True,80889
User Activity,2111,1000,6,0,0.0,0.0,0.0,True,80889
Random Reverse,2111,100,6,0,0.0,0.0,0.0,True,80889
Random Reverse,2111,500,6,0,0.0,0.0,0.0,True,80889
Random Reverse,2111,1000,6,0,0.0,0.0,0.0,True,80889
TF-IDF Reverse,2113,100,6,0,0.0,0.0,0.0,True,80889
TF-IDF Reverse,2113,500,6,0,0.0,0.0,0.0,True,80889
TF-IDF Reverse,2113,1000,6,0,0.0,0.0,0.0,True,80889
User Activity,2113,100,6,0,0.0,0.0,0.0,True,80889
User Activity,2113,500,6,0,0.0,0.0,0.0,True,80889
User Activity,2113,1000,6,0,0.0,0.0,0.0,True,80889
Random Reverse,2113,100,6,0,0.0,0.0,0.0,True,80889
Random Reverse,2113,500,6,0,0.0,0.0,0.0,True,80889
Random Reverse,2113,1000,6,0,0.0,0.0,0.0,True,80889
TF-IDF Reverse,2114,100,24,0,0.0,0.0,0.0,True,80889
TF-IDF Reverse,2114,500,24,0,0.0,0.0,0.0,True,80889
TF-IDF Reverse,2114,1000,24,0,0.0,0.0,0.0,True,80889
User Activity,2114,100,24,0,0.0,0.0,0.0,True,80889
User Activity,2114,500,24,0,0.0,0.0,0.0,True,80889
User Activity,2114,1000,24,1,0.001,0.041666666666666664,0.013060271135177295,True,80889
Random Reverse,2114,100,24,0,0.0,0.0,0.0,True,80889
Random Reverse,2114,500,24,0,0.0,0.0,0.0,True,80889
Random Reverse,2114,1000,24,0,0.0,0.0,0.0,True,80889
TF-IDF Reverse,2115,100,7,0,0.0,0.0,0.0,True,80889
TF-IDF Reverse,2115,500,7,0,0.0,0.0,0.0,True,80889
TF-IDF Reverse,2115,1000,7,0,0.0,0.0,0.0,True,80889
User Activity,2115,100,7,0,0.0,0.0,0.0,True,80889
User Activity,2115,500,7,0,0.0,0.0,0.0,True,80889
User Activity,2115,1000,7,0,0.0,0.0,0.0,True,80889
Random Reverse,2115,100,7,0,0.0,0.0,0.0,True,80889
Random Reverse,2115,500,7,0,0.0,0.0,0.0,True,80889
Random Reverse,2115,1000,7,0,0.0,0.0,0.0,True,80889
TF-IDF Reverse,2117,100,54,16,0.16,0.2962962962962963,0.3513751157242097,True,80889
TF-IDF Reverse,2117,500,54,25,0.05,0.46296296296296297,0.4358441927837432,True,80889
TF-IDF Reverse,2117,1000,54,25,0.025,0.46296296296296297,0.4358441927837432,True,80889
User Activity,2117,100,54,0,0.0,0.0,0.0,True,80889
User Activity,2117,500,54,0,0.0,0.0,0.0,True,80889
User Activity,2117,1000,54,0,0.0,0.0,0.0,True,80889
Random Reverse,2117,100,54,0,0.0,0.0,0.0,True,80889
Random Reverse,2117,500,54,0,0.0,0.0,0.0,True,80889
Random Reverse,2117,1000,54,0,0.0,0.0,0.0,True,80889
TF-IDF Reverse,2119,100,5,0,0.0,0.0,0.0,True,80889
TF-IDF Reverse,2119,500,5,0,0.0,0.0,0.0,True,80889
TF-IDF Reverse,2119,1000,5,0,0.0,0.0,0.0,True,80889
User Activity,2119,100,5,0,0.0,0.0,0.0,True,80889
User Activity,2119,500,5,0,0.0,0.0,0.0,True,80889
User Activity,2119,1000,5,0,0.0,0.0,0.0,True,80889
Random Reverse,2119,100,5,0,0.0,0.0,0.0,True,80889
Random Reverse,2119,500,5,0,0.0,0.0,0.0,True,80889
Random Reverse,2119,1000,5,0,0.0,0.0,0.0,True,80889
TF-IDF Reverse,2124,100,40,0,0.0,0.0,0.0,True,80889
TF-IDF Reverse,2124,500,40,1,0.002,0.025,0.010136568508564743,True,80889
TF-IDF Reverse,2124,1000,40,2,0.002,0.05,0.020015592190908392,True,80889
User Activity,2124,100,40,0,0.0,0.0,0.0,True,80889
User Activity,2124,500,40,3,0.006,0.075,0.03332366573676739,True,80889
User Activity,2124,1000,40,5,0.005,0.125,0.05211244255022354,True,80889
Random Reverse,2124,100,40,0,0.0,0.0,0.0,True,80889
Random Reverse,2124,500,40,0,0.0,0.0,0.0,True,80889
Random Reverse,2124,1000,40,0,0.0,0.0,0.0,True,80889
TF-IDF Reverse,2125,100,26,0,0.0,0.0,0.0,True,80889
TF-IDF Reverse,2125,500,26,1,0.002,0.038461538461538464,0.01704351423400974,True,80889
TF-IDF Reverse,2125,1000,26,1,0.001,0.038461538461538464,0.01704351423400974,True,80889
User Activity,2125,100,26,0,0.0,0.0,0.0,True,80889
User Activity,2125,500,26,1,0.002,0.038461538461538464,0.015081618846719484,True,80889
User Activity,2125,1000,26,1,0.001,0.038461538461538464,0.015081618846719484,True,80889
Random Reverse,2125,100,26,0,0.0,0.0,0.0,True,80889
Random Reverse,2125,500,26,0,0.0,0.0,0.0,True,80889
Random Reverse,2125,1000,26,0,0.0,0.0,0.0,True,80889
TF-IDF Reverse,2126,100,21,1,0.01,0.047619047619047616,0.036155150901276155,True,80889
TF-IDF Reverse,2126,500,21,1,0.002,0.047619047619047616,0.036155150901276155,True,80889
TF-IDF Reverse,2126,1000,21,1,0.001,0.047619047619047616,0.036155150901276155,True,80889
User Activity,2126,100,21,0,0.0,0.0,0.0,True,80889
User Activity,2126,500,21,0,0.0,0.0,0.0,True,80889
User Activity,2126,1000,21,0,0.0,0.0,0.0,True,80889
Random Reverse,2126,100,21,0,0.0,0.0,0.0,True,80889
Random Reverse,2126,500,21,0,0.0,0.0,0.0,True,80889
Random Reverse,2126,1000,21,0,0.0,0.0,0.0,True,80889
TF-IDF Reverse,2129,100,15,0,0.0,0.0,0.0,True,80889
TF-IDF Reverse,2129,500,15,1,0.002,0.06666666666666667,0.019109930713242265,True,80889
TF-IDF Reverse,2129,1000,15,2,0.002,0.13333333333333333,0.03809637844676435,True,80889
User Activity,2129,100,15,0,0.0,0.0,0.0,True,80889
User Activity,2129,500,15,1,0.002,0.06666666666666667,0.02372926027351926,True,80889
User Activity,2129,1000,15,2,0.002,0.13333333333333333,0.0408964308769352,True,80889
Random Reverse,2129,100,15,0,0.0,0.0,0.0,True,80889
Random Reverse,2129,500,15,0,0.0,0.0,0.0,True,80889
Random Reverse,2129,1000,15,0,0.0,0.0,0.0,True,80889
TF-IDF Reverse,2133,100,95,6,0.06,0.06315789473684211,0.06045850976442281,True,80889
TF-IDF Reverse,2133,500,95,14,0.028,0.14736842105263157,0.1118661108305683,True,80889
TF-IDF Reverse,2133,1000,95,24,0.024,0.25263157894736843,0.1637656074763672,True,80889
User Activity,2133,100,95,0,0.0,0.0,0.0,True,80889
User Activity,2133,500,95,5,0.01,0.05263157894736842,0.031258277175761455,True,80889
User Activity,2133,1000,95,10,0.01,0.10526315789473684,0.0569364566669222,True,80889
Random Reverse,2133,100,95,0,0.0,0.0,0.0,True,80889
Random Reverse,2133,500,95,2,0.004,0.021052631578947368,0.012888199756637572,True,80889
Random Reverse,2133,1000,95,2,0.002,0.021052631578947368,0.012888199756637572,True,80889
TF-IDF Reverse,2135,100,138,3,0.03,0.021739130434782608,0.02566926947508886,True,80889
TF-IDF Reverse,2135,500,138,18,0.036,0.13043478260869565,0.09030471378487705,True,80889
TF-IDF Reverse,2135,1000,138,31,0.031,0.2246376811594203,0.14133914076467896,True,80889
User Activity,2135,100,138,2,0.02,0.014492753623188406,0.020601986427401322,True,80889
User Activity,2135,500,138,9,0.018,0.06521739130434782,0.048834675524310665,True,80889
User Activity,2135,1000,138,21,0.021,0.15217391304347827,0.09721662286176903,True,80889
Random Reverse,2135,100,138,0,0.0,0.0,0.0,True,80889
Random Reverse,2135,500,138,0,0.0,0.0,0.0,True,80889
Random Reverse,2135,1000,138,2,0.002,0.014492753623188406,0.007683924437066032,True,80889
TF-IDF Reverse,2136,100,69,2,0.02,0.028985507246376812,0.019606801818725775,True,80889
TF-IDF Reverse,2136,500,69,7,0.014,0.10144927536231885,0.05851881293769265,True,80889
TF-IDF Reverse,2136,1000,69,14,0.014,0.2028985507246377,0.10458792994563412,True,80889
User Activity,2136,100,69,0,0.0,0.0,0.0,True,80889
User Activity,2136,500,69,7,0.014,0.10144927536231885,0.05057845521593503,True,80889
User Activity,2136,1000,69,14,0.014,0.2028985507246377,0.09573003615863192,True,80889
Random Reverse,2136,100,69,0,0.0,0.0,0.0,True,80889
Random Reverse,2136,500,69,0,0.0,0.0,0.0,True,80889
Random Reverse,2136,1000,69,0,0.0,0.0,0.0,True,80889
TF-IDF Reverse,2139,100,5,0,0.0,0.0,0.0,True,80889
TF-IDF Reverse,2139,500,5,1,0.002,0.2,0.04507973846092509,True,80889
TF-IDF Reverse,2139,1000,5,1,0.001,0.2,0.04507973846092509,True,80889
User Activity,2139,100,5,0,0.0,0.0,0.0,True,80889
User Activity,2139,500,5,0,0.0,0.0,0.0,True,80889
User Activity,2139,1000,5,0,0.0,0.0,0.0,True,80889
Random Reverse,2139,100,5,0,0.0,0.0,0.0,True,80889
Random Reverse,2139,500,5,0,0.0,0.0,0.0,True,80889
Random Reverse,2139,1000,5,0,0.0,0.0,0.0,True,80889
TF-IDF Reverse,2143,100,60,0,0.0,0.0,0.0,True,80889
TF-IDF Reverse,2143,500,60,0,0.0,0.0,0.0,True,80889
TF-IDF Reverse,2143,1000,60,1,0.001,0.016666666666666666,0.007032829511003863,True,80889
User Activity,2143,100,60,1,0.01,0.016666666666666666,0.018488290923414422,True,80889
User Activity,2143,500,60,13,0.026,0.21666666666666667,0.120415394522519,True,80889
User Activity,2143,1000,60,24,0.024,0.4,0.19989889886266393,True,80889
Random Reverse,2143,100,60,0,0.0,0.0,0.0,True,80889
Random Reverse,2143,500,60,0,0.0,0.0,0.0,True,80889
Random Reverse,2143,1000,60,2,0.002,0.03333333333333333,0.014456703304782282,True,80889
TF-IDF Reverse,2147,100,26,0,0.0,0.0,0.0,True,80889
TF-IDF Reverse,2147,500,26,1,0.002,0.038461538461538464,0.013856609499021398,True,80889
TF-IDF Reverse,2147,1000,26,1,0.001,0.038461538461538464,0.013856609499021398,True,80889
User Activity,2147,100,26,0,0.0,0.0,0.0,True,80889
User Activity,2147,500,26,1,0.002,0.038461538461538464,0.01345859632536839,True,80889
User Activity,2147,1000,26,1,0.001,0.038461538461538464,0.01345859632536839,True,80889
Random Reverse,2147,100,26,0,0.0,0.0,0.0,True,80889
Random Reverse,2147,500,26,0,0.0,0.0,0.0,True,80889
Random Reverse,2147,1000,26,0,0.0,0.0,0.0,True,80889
TF-IDF Reverse,2148,100,8,0,0.0,0.0,0.0,True,80889
TF-IDF Reverse,2148,500,8,0,0.0,0.0,0.0,True,80889
TF-IDF Reverse,2148,1000,8,0,0.0,0.0,0.0,True,80889
User Activity,2148,100,8,0,0.0,0.0,0.0,True,80889
User Activity,2148,500,8,0,0.0,0.0,0.0,True,80889
User Activity,2148,1000,8,0,0.0,0.0,0.0,True,80889
Random Reverse,2148,100,8,0,0.0,0.0,0.0,True,80889
Random Reverse,2148,500,8,0,0.0,0.0,0.0,True,80889
Random Reverse,2148,1000,8,0,0.0,0.0,0.0,True,80889
TF-IDF Reverse,2149,100,22,0,0.0,0.0,0.0,True,80889
TF-IDF Reverse,2149,500,22,0,0.0,0.0,0.0,True,80889
TF-IDF Reverse,2149,1000,22,0,0.0,0.0,0.0,True,80889
User Activity,2149,100,22,0,0.0,0.0,0.0,True,80889
User Activity,2149,500,22,1,0.002,0.045454545454545456,0.01533009795767068,True,80889
User Activity,2149,1000,22,5,0.005,0.22727272727272727,0.07188241203657499,True,80889
Random Reverse,2149,100,22,0,0.0,0.0,0.0,True,80889
Random Reverse,2149,500,22,0,0.0,0.0,0.0,True,80889
Random Reverse,2149,1000,22,0,0.0,0.0,0.0,True,80889
TF-IDF Reverse,2151,100,594,8,0.08,0.013468013468013467,0.06322557758303247,True,80889
TF-IDF Reverse,2151,500,594,74,0.148,0.12457912457912458,0.13230956302882335,True,80889
TF-IDF Reverse,2151,1000,594,128,0.128,0.21548821548821548,0.1857569323996252,True,80889
User Activity,2151,100,594,0,0.0,0.0,0.0,True,80889
User Activity,2151,500,594,0,0.0,0.0,0.0,True,80889
User Activity,2151,1000,594,0,0.0,0.0,0.0,True,80889
Random Reverse,2151,100,594,0,0.0,0.0,0.0,True,80889
Random Reverse,2151,500,594,4,0.008,0.006734006734006734,0.007443701339308829,True,80889
Random Reverse,2151,1000,594,7,0.007,0.011784511784511785,0.010386207458614388,True,80889
TF-IDF Reverse,2152,100,520,29,0.29,0.05576923076923077,0.27109465209222217,True,80889
TF-IDF Reverse,2152,500,520,194,0.388,0.3730769230769231,0.3688562390911873,True,80889
TF-IDF Reverse,2152,1000,520,249,0.249,0.47884615384615387,0.43951844193610395,True,80889
User Activity,2152,100,520,0,0.0,0.0,0.0,True,80889
User Activity,2152,500,520,0,0.0,0.0,0.0,True,80889
User Activity,2152,1000,520,0,0.0,0.0,0.0,True,80889
Random Reverse,2152,100,520,1,0.01,0.0019230769230769232,0.01168414860652552,True,80889
Random Reverse,2152,500,520,5,0.01,0.009615384615384616,0.010228042899939595,True,80889
Random Reverse,2152,1000,520,10,0.01,0.019230769230769232,0.017019337794680543,True,80889
TF-IDF Reverse,2154,100,27,1,0.01,0.037037037037037035,0.03689608811046497,True,80889
TF-IDF Reverse,2154,500,27,6,0.012,0.2222222222222222,0.10961424620156202,True,80889
TF-IDF Reverse,2154,1000,27,10,0.01,0.37037037037037035,0.15947634896162072,True,80889
User Activity,2154,100,27,1,0.01,0.037037037037037035,0.019081812967918218,True,80889
User Activity,2154,500,27,7,0.014,0.25925925925925924,0.11197324508873623,True,80889
User Activity,2154,1000,27,13,0.013,0.48148148148148145,0.18701554209818266,True,80889
Random Reverse,2154,100,27,0,0.0,0.0,0.0,True,80889
Random Reverse,2154,500,27,0,0.0,0.0,0.0,True,80889
Random Reverse,2154,1000,27,0,0.0,0.0,0.0,True,80889
TF-IDF Reverse,2155,100,41,0,0.0,0.0,0.0,True,80889
TF-IDF Reverse,2155,500,41,3,0.006,0.07317073170731707,0.03219647359873094,True,80889
TF-IDF Reverse,2155,1000,41,5,0.005,0.12195121951219512,0.050531935194510644,True,80889
User Activity,2155,100,41,1,0.01,0.024390243902439025,0.015138345806098323,True,80889
User Activity,2155,500,41,12,0.024,0.2926829268292683,0.136438165546951,True,80889
User Activity,2155,1000,41,16,0.016,0.3902439024390244,0.1737306597589828,True,80889
Random Reverse,2155,100,41,0,0.0,0.0,0.0,True,80889
Random Reverse,2155,500,41,1,0.002,0.024390243902439025,0.012648305182405575,True,80889
Random Reverse,2155,1000,41,1,0.001,0.024390243902439025,0.012648305182405575,True,80889
TF-IDF Reverse,2157,100,7,0,0.0,0.0,0.0,True,80889
TF-IDF Reverse,2157,500,7,0,0.0,0.0,0.0,True,80889
TF-IDF Reverse,2157,1000,7,0,0.0,0.0,0.0,True,80889
User Activity,2157,100,7,0,0.0,0.0,0.0,True,80889
User Activity,2157,500,7,0,0.0,0.0,0.0,True,80889
User Activity,2157,1000,7,0,0.0,0.0,0.0,True,80889
Random Reverse,2157,100,7,0,0.0,0.0,0.0,True,80889
Random Reverse,2157,500,7,0,0.0,0.0,0.0,True,80889
Random Reverse,2157,1000,7,0,0.0,0.0,0.0,True,80889
TF-IDF Reverse,2163,100,10,0,0.0,0.0,0.0,True,80889
TF-IDF Reverse,2163,500,10,0,0.0,0.0,0.0,True,80889
TF-IDF Reverse,2163,1000,10,0,0.0,0.0,0.0,True,80889
User Activity,2163,100,10,0,0.0,0.0,0.0,True,80889
User Activity,2163,500,10,0,0.0,0.0,0.0,True,80889
User Activity,2163,1000,10,0,0.0,0.0,0.0,True,80889
Random Reverse,2163,100,10,0,0.0,0.0,0.0,True,80889
Random Reverse,2163,500,10,0,0.0,0.0,0.0,True,80889
Random Reverse,2163,1000,10,0,0.0,0.0,0.0,True,80889
TF-IDF Reverse,2165,100,6,0,0.0,0.0,0.0,True,80889
TF-IDF Reverse,2165,500,6,0,0.0,0.0,0.0,True,80889
TF-IDF Reverse,2165,1000,6,0,0.0,0.0,0.0,True,80889
User Activity,2165,100,6,0,0.0,0.0,0.0,True,80889
User Activity,2165,500,6,0,0.0,0.0,0.0,True,80889
User Activity,2165,1000,6,0,0.0,0.0,0.0,True,80889
Random Reverse,2165,100,6,0,0.0,0.0,0.0,True,80889
Random Reverse,2165,500,6,0,0.0,0.0,0.0,True,80889
Random Reverse,2165,1000,6,1,0.001,0.16666666666666666,0.03195500097458013,True,80889
TF-IDF Reverse,2169,100,25,0,0.0,0.0,0.0,True,80889
TF-IDF Reverse,2169,500,25,0,0.0,0.0,0.0,True,80889
TF-IDF Reverse,2169,1000,25,2,0.002,0.08,0.025858811697275406,True,80889
User Activity,2169,100,25,0,0.0,0.0,0.0,True,80889
User Activity,2169,500,25,2,0.004,0.08,0.031666564148586124,True,80889
User Activity,2169,1000,25,4,0.004,0.16,0.056848016506414224,True,80889
Random Reverse,2169,100,25,0,0.0,0.0,0.0,True,80889
Random Reverse,2169,500,25,0,0.0,0.0,0.0,True,80889
Random Reverse,2169,1000,25,1,0.001,0.04,0.01347033758177433,True,80889
TF-IDF Reverse,2171,100,13,0,0.0,0.0,0.0,True,80889
TF-IDF Reverse,2171,500,13,2,0.004,0.15384615384615385,0.04811622442162509,True,80889
TF-IDF Reverse,2171,1000,13,2,0.002,0.15384615384615385,0.04811622442162509,True,80889
User Activity,2171,100,13,0,0.0,0.0,0.0,True,80889
User Activity,2171,500,13,0,0.0,0.0,0.0,True,80889
User Activity,2171,1000,13,0,0.0,0.0,0.0,True,80889
Random Reverse,2171,100,13,0,0.0,0.0,0.0,True,80889
Random Reverse,2171,500,13,0,0.0,0.0,0.0,True,80889
Random Reverse,2171,1000,13,0,0.0,0.0,0.0,True,80889
TF-IDF Reverse,2175,100,43,2,0.02,0.046511627906976744,0.03519067912328543,True,80889
TF-IDF Reverse,2175,500,43,8,0.016,0.18604651162790697,0.09922656423424016,True,80889
TF-IDF Reverse,2175,1000,43,14,0.014,0.32558139534883723,0.1527589434582992,True,80889
User Activity,2175,100,43,2,0.02,0.046511627906976744,0.02690281302941572,True,80889
User Activity,2175,500,43,6,0.012,0.13953488372093023,0.06959717740079022,True,80889
User Activity,2175,1000,43,15,0.015,0.3488372093023256,0.1500435863653954,True,80889
Random Reverse,2175,100,43,0,0.0,0.0,0.0,True,80889
Random Reverse,2175,500,43,0,0.0,0.0,0.0,True,80889
Random Reverse,2175,1000,43,1,0.001,0.023255813953488372,0.009119019903020489,True,80889
TF-IDF Reverse,2176,100,6,0,0.0,0.0,0.0,True,80889
TF-IDF Reverse,2176,500,6,0,0.0,0.0,0.0,True,80889
TF-IDF Reverse,2176,1000,6,0,0.0,0.0,0.0,True,80889
User Activity,2176,100,6,0,0.0,0.0,0.0,True,80889
User Activity,2176,500,6,0,0.0,0.0,0.0,True,80889
User Activity,2176,1000,6,0,0.0,0.0,0.0,True,80889
Random Reverse,2176,100,6,0,0.0,0.0,0.0,True,80889
Random Reverse,2176,500,6,0,0.0,0.0,0.0,True,80889
Random Reverse,2176,1000,6,0,0.0,0.0,0.0,True,80889
TF-IDF Reverse,2178,100,241,0,0.0,0.0,0.0,True,80889
TF-IDF Reverse,2178,500,241,9,0.018,0.03734439834024896,0.02687220686792744,True,80889
TF-IDF Reverse,2178,1000,241,18,0.018,0.07468879668049792,0.05069047774217546,True,80889
User Activity,2178,100,241,0,0.0,0.0,0.0,True,80889
User Activity,2178,500,241,0,0.0,0.0,0.0,True,80889
User Activity,2178,1000,241,1,0.001,0.004149377593360996,0.0025180684848596416,True,80889
Random Reverse,2178,100,241,0,0.0,0.0,0.0,True,80889
Random Reverse,2178,500,241,1,0.002,0.004149377593360996,0.0034896354761865603,True,80889
Random Reverse,2178,1000,241,2,0.002,0.008298755186721992,0.006049085374127076,True,80889
TF-IDF Reverse,2180,100,37,0,0.0,0.0,0.0,True,80889
TF-IDF Reverse,2180,500,37,0,0.0,0.0,0.0,True,80889
TF-IDF Reverse,2180,1000,37,0,0.0,0.0,0.0,True,80889
User Activity,2180,100,37,0,0.0,0.0,0.0,True,80889
User Activity,2180,500,37,0,0.0,0.0,0.0,True,80889
User Activity,2180,1000,37,1,0.001,0.02702702702702703,0.009761401890325306,True,80889
Random Reverse,2180,100,37,0,0.0,0.0,0.0,True,80889
Random Reverse,2180,500,37,0,0.0,0.0,0.0,True,80889
Random Reverse,2180,1000,37,0,0.0,0.0,0.0,True,80889
TF-IDF Reverse,2181,100,126,10,0.1,0.07936507936507936,0.08849030584167715,True,80889
TF-IDF Reverse,2181,500,126,25,0.05,0.1984126984126984,0.14896665509450138,True,80889
TF-IDF Reverse,2181,1000,126,31,0.031,0.24603174603174602,0.17461393947710444,True,80889
User Activity,2181,100,126,1,0.01,0.007936507936507936,0.012224177281673113,True,80889
User Activity,2181,500,126,4,0.008,0.031746031746031744,0.02405298409970346,True,80889
User Activity,2181,1000,126,12,0.012,0.09523809523809523,0.058205716217616485,True,80889
Random Reverse,2181,100,126,0,0.0,0.0,0.0,True,80889
Random Reverse,2181,500,126,0,0.0,0.0,0.0,True,80889
Random Reverse,2181,1000,126,0,0.0,0.0,0.0,True,80889
TF-IDF Reverse,2182,100,43,1,0.01,0.023255813953488372,0.01717631690539121,True,80889
TF-IDF Reverse,2182,500,43,6,0.012,0.13953488372093023,0.07651277349902894,True,80889
TF-IDF Reverse,2182,1000,43,9,0.009,0.20930232558139536,0.10338917349216242,True,80889
User Activity,2182,100,43,0,0.0,0.0,0.0,True,80889
User Activity,2182,500,43,0,0.0,0.0,0.0,True,80889
User Activity,2182,1000,43,2,0.002,0.046511627906976744,0.017911083455594046,True,80889
Random Reverse,2182,100,43,0,0.0,0.0,0.0,True,80889
Random Reverse,2182,500,43,1,0.002,0.023255813953488372,0.011162894666798892,True,80889
Random Reverse,2182,1000,43,2,0.002,0.046511627906976744,0.019854382779247344,True,80889
TF-IDF Reverse,2183,100,106,6,0.06,0.05660377358490566,0.05578422319657224,True,80889
TF-IDF Reverse,2183,500,106,21,0.042,0.19811320754716982,0.1404306957264004,True,80889
TF-IDF Reverse,2183,1000,106,30,0.03,0.2830188679245283,0.1855254004515737,True,80889
User Activity,2183,100,106,0,0.0,0.0,0.0,True,80889
User Activity,2183,500,106,4,0.008,0.03773584905660377,0.02280503794446638,True,80889
User Activity,2183,1000,106,12,0.012,0.11320754716981132,0.06210197334559987,True,80889
Random Reverse,2183,100,106,0,0.0,0.0,0.0,True,80889
Random Reverse,2183,500,106,0,0.0,0.0,0.0,True,80889
Random Reverse,2183,1000,106,0,0.0,0.0,0.0,True,80889
TF-IDF Reverse,2184,100,57,4,0.04,0.07017543859649122,0.04987507615974938,True,80889
TF-IDF Reverse,2184,500,57,11,0.022,0.19298245614035087,0.11568794058092137,True,80889
TF-IDF Reverse,2184,1000,57,13,0.013,0.22807017543859648,0.13033615738680915,True,80889
User Activity,2184,100,57,0,0.0,0.0,0.0,True,80889
User Activity,2184,500,57,3,0.006,0.05263157894736842,0.026472103783968286,True,80889
User Activity,2184,1000,57,9,0.009,0.15789473684210525,0.07115932216056974,True,80889
Random Reverse,2184,100,57,1,0.01,0.017543859649122806,0.011414474460666877,True,80889
Random Reverse,2184,500,57,2,0.004,0.03508771929824561,0.019729970637274896,True,80889
Random Reverse,2184,1000,57,4,0.004,0.07017543859649122,0.03448543749205153,True,80889
TF-IDF Reverse,2185,100,120,3,0.03,0.025,0.025827301776828845,True,80889
TF-IDF Reverse,2185,500,120,25,0.05,0.20833333333333334,0.13857139898875204,True,80889
TF-IDF Reverse,2185,1000,120,39,0.039,0.325,0.20050300114464856,True,80889
User Activity,2185,100,120,1,0.01,0.008333333333333333,0.009035929770941942,True,80889
User Activity,2185,500,120,4,0.008,0.03333333333333333,0.02368678443025314,True,80889
User Activity,2185,1000,120,11,0.011,0.09166666666666666,0.05444979939349609,True,80889
Random Reverse,2185,100,120,0,0.0,0.0,0.0,True,80889
Random Reverse,2185,500,120,0,0.0,0.0,0.0,True,80889
Random Reverse,2185,1000,120,0,0.0,0.0,0.0,True,80889
TF-IDF Reverse,2186,100,53,0,0.0,0.0,0.0,True,80889
TF-IDF Reverse,2186,500,53,0,0.0,0.0,0.0,True,80889
TF-IDF Reverse,2186,1000,53,0,0.0,0.0,0.0,True,80889
User Activity,2186,100,53,4,0.04,0.07547169811320754,0.05687962703514053,True,80889
User Activity,2186,500,53,12,0.024,0.22641509433962265,0.1329022758064564,True,80889
User Activity,2186,1000,53,22,0.022,0.41509433962264153,0.21168436911317418,True,80889
Random Reverse,2186,100,53,0,0.0,0.0,0.0,True,80889
Random Reverse,2186,500,53,1,0.002,0.018867924528301886,0.0088378747867821,True,80889
Random Reverse,2186,1000,53,1,0.001,0.018867924528301886,0.0088378747867821,True,80889
TF-IDF Reverse,2187,100,109,4,0.04,0.03669724770642202,0.03433039218935276,True,80889
TF-IDF Reverse,2187,500,109,19,0.038,0.1743119266055046,0.12055317402850636,True,80889
TF-IDF Reverse,2187,1000,109,32,0.032,0.29357798165137616,0.18119617877762634,True,80889
User Activity,2187,100,109,3,0.03,0.027522935779816515,0.02976494133266929,True,80889
User Activity,2187,500,109,24,0.048,0.22018348623853212,0.1457839701023866,True,80889
User Activity,2187,1000,109,44,0.044,0.4036697247706422,0.2398740387250551,True,80889
Random Reverse,2187,100,109,0,0.0,0.0,0.0,True,80889
Random Reverse,2187,500,109,1,0.002,0.009174311926605505,0.006466007675778942,True,80889
Random Reverse,2187,1000,109,3,0.003,0.027522935779816515,0.01573556183767254,True,80889
TF-IDF Reverse,2188,100,141,6,0.06,0.0425531914893617,0.04910438421765113,True,80889
TF-IDF Reverse,2188,500,141,39,0.078,0.2765957446808511,0.19119627029342012,True,80889
TF-IDF Reverse,2188,1000,141,70,0.07,0.49645390070921985,0.3130335944255475,True,80889
User Activity,2188,100,141,1,0.01,0.0070921985815602835,0.00784539051921516,True,80889
User Activity,2188,500,141,8,0.016,0.05673758865248227,0.03966444640420366,True,80889
User Activity,2188,1000,141,15,0.015,0.10638297872340426,0.06708338225934367,True,80889
Random Reverse,2188,100,141,0,0.0,0.0,0.0,True,80889
Random Reverse,2188,500,141,2,0.004,0.014184397163120567,0.010450434790165069,True,80889
Random Reverse,2188,1000,141,3,0.003,0.02127659574468085,0.014219618407932283,True,80889
TF-IDF Reverse,2190,100,13,0,0.0,0.0,0.0,True,80889
TF-IDF Reverse,2190,500,13,0,0.0,0.0,0.0,True,80889
TF-IDF Reverse,2190,1000,13,0,0.0,0.0,0.0,True,80889
User Activity,2190,100,13,0,0.0,0.0,0.0,True,80889
User Activity,2190,500,13,0,0.0,0.0,0.0,True,80889
User Activity,2190,1000,13,1,0.001,0.07692307692307693,0.01972705667465105,True,80889
Random Reverse,2190,100,13,0,0.0,0.0,0.0,True,80889
Random Reverse,2190,500,13,0,0.0,0.0,0.0,True,80889
Random Reverse,2190,1000,13,0,0.0,0.0,0.0,True,80889
TF-IDF Reverse,2191,100,37,0,0.0,0.0,0.0,True,80889
TF-IDF Reverse,2191,500,37,0,0.0,0.0,0.0,True,80889
TF-IDF Reverse,2191,1000,37,7,0.007,0.1891891891891892,0.07076570727404209,True,80889
User Activity,2191,100,37,3,0.03,0.08108108108108109,0.05161085244136464,True,80889
User Activity,2191,500,37,15,0.03,0.40540540540540543,0.19352081780829544,True,80889
User Activity,2191,1000,37,23,0.023,0.6216216216216216,0.27444455183421623,True,80889
Random Reverse,2191,100,37,0,0.0,0.0,0.0,True,80889
Random Reverse,2191,500,37,0,0.0,0.0,0.0,True,80889
Random Reverse,2191,1000,37,0,0.0,0.0,0.0,True,80889
TF-IDF Reverse,2192,100,121,7,0.07,0.05785123966942149,0.06360575073754035,True,80889
TF-IDF Reverse,2192,500,121,28,0.056,0.23140495867768596,0.16504765160730264,True,80889
TF-IDF Reverse,2192,1000,121,56,0.056,0.4628099173553719,0.2884584117358242,True,80889
User Activity,2192,100,121,8,0.08,0.06611570247933884,0.06738869579505805,True,80889
User Activity,2192,500,121,36,0.072,0.2975206611570248,0.202530725132068,True,80889
User Activity,2192,1000,121,59,0.059,0.48760330578512395,0.30357371145725687,True,80889
Random Reverse,2192,100,121,0,0.0,0.0,0.0,True,80889
Random Reverse,2192,500,121,1,0.002,0.008264462809917356,0.005742803173063822,True,80889
Random Reverse,2192,1000,121,1,0.001,0.008264462809917356,0.005742803173063822,True,80889
TF-IDF Reverse,2193,100,49,0,0.0,0.0,0.0,True,80889
TF-IDF Reverse,2193,500,49,7,0.014,0.14285714285714285,0.06729685087134038,True,80889
TF-IDF Reverse,2193,1000,49,12,0.012,0.24489795918367346,0.10847660564963924,True,80889
User Activity,2193,100,49,7,0.07,0.14285714285714285,0.1390223019481918,True,80889
User Activity,2193,500,49,15,0.03,0.30612244897959184,0.21687655749263127,True,80889
User Activity,2193,1000,49,19,0.019,0.3877551020408163,0.249719205354729,True,80889
Random Reverse,2193,100,49,0,0.0,0.0,0.0,True,80889
Random Reverse,2193,500,49,0,0.0,0.0,0.0,True,80889
Random Reverse,2193,1000,49,1,0.001,0.02040816326530612,0.008386704055614168,True,80889
TF-IDF Reverse,2194,100,28,2,0.02,0.07142857142857142,0.06203049784152731,True,80889
TF-IDF Reverse,2194,500,28,2,0.004,0.07142857142857142,0.06203049784152731,True,80889
TF-IDF Reverse,2194,1000,28,2,0.002,0.07142857142857142,0.06203049784152731,True,80889
User Activity,2194,100,28,3,0.03,0.10714285714285714,0.10506350505146828,True,80889
User Activity,2194,500,28,7,0.014,0.25,0.16058473388468372,True,80889
User Activity,2194,1000,28,10,0.01,0.35714285714285715,0.19652917215880863,True,80889
Random Reverse,2194,100,28,0,0.0,0.0,0.0,True,80889
Random Reverse,2194,500,28,1,0.002,0.03571428571428571,0.013987694483076591,True,80889
Random Reverse,2194,1000,28,1,0.001,0.03571428571428571,0.013987694483076591,True,80889
TF-IDF Reverse,2196,100,52,0,0.0,0.0,0.0,True,80889
TF-IDF Reverse,2196,500,52,6,0.012,0.11538461538461539,0.05461364305804782,True,80889
TF-IDF Reverse,2196,1000,52,11,0.011,0.21153846153846154,0.09490390968024169,True,80889
User Activity,2196,100,52,0,0.0,0.0,0.0,True,80889
User Activity,2196,500,52,12,0.024,0.23076923076923078,0.11331060528333355,True,80889
User Activity,2196,1000,52,22,0.022,0.4230769230769231,0.19196941980261456,True,80889
Random Reverse,2196,100,52,0,0.0,0.0,0.0,True,80889
Random Reverse,2196,500,52,0,0.0,0.0,0.0,True,80889
Random Reverse,2196,1000,52,0,0.0,0.0,0.0,True,80889
TF-IDF Reverse,2197,100,85,0,0.0,0.0,0.0,True,80889
TF-IDF Reverse,2197,500,85,0,0.0,0.0,0.0,True,80889
TF-IDF Reverse,2197,1000,85,0,0.0,0.0,0.0,True,80889
User Activity,2197,100,85,0,0.0,0.0,0.0,True,80889
User Activity,2197,500,85,0,0.0,0.0,0.0,True,80889
User Activity,2197,1000,85,5,0.005,0.058823529411764705,0.027938762333708764,True,80889
Random Reverse,2197,100,85,0,0.0,0.0,0.0,True,80889
Random Reverse,2197,500,85,1,0.002,0.011764705882352941,0.00607277772391289,True,80889
Random Reverse,2197,1000,85,2,0.002,0.023529411764705882,0.01151556187407132,True,80889
TF-IDF Reverse,2201,100,11,0,0.0,0.0,0.0,True,80889
TF-IDF Reverse,2201,500,11,0,0.0,0.0,0.0,True,80889
TF-IDF Reverse,2201,1000,11,0,0.0,0.0,0.0,True,80889
User Activity,2201,100,11,0,0.0,0.0,0.0,True,80889
User Activity,2201,500,11,0,0.0,0.0,0.0,True,80889
User Activity,2201,1000,11,0,0.0,0.0,0.0,True,80889
Random Reverse,2201,100,11,0,0.0,0.0,0.0,True,80889
Random Reverse,2201,500,11,0,0.0,0.0,0.0,True,80889
Random Reverse,2201,1000,11,0,0.0,0.0,0.0,True,80889
TF-IDF Reverse,2202,100,49,0,0.0,0.0,0.0,True,80889
TF-IDF Reverse,2202,500,49,0,0.0,0.0,0.0,True,80889
TF-IDF Reverse,2202,1000,49,3,0.003,0.061224489795918366,0.024537381578020122,True,80889
User Activity,2202,100,49,4,0.04,0.08163265306122448,0.05619697645572949,True,80889
User Activity,2202,500,49,20,0.04,0.40816326530612246,0.20866505397851248,True,80889
User Activity,2202,1000,49,24,0.024,0.4897959183673469,0.24236028284372418,True,80889
Random Reverse,2202,100,49,0,0.0,0.0,0.0,True,80889
Random Reverse,2202,500,49,0,0.0,0.0,0.0,True,80889
Random Reverse,2202,1000,49,0,0.0,0.0,0.0,True,80889
TF-IDF Reverse,2203,100,44,0,0.0,0.0,0.0,True,80889
TF-IDF Reverse,2203,500,44,0,0.0,0.0,0.0,True,80889
TF-IDF Reverse,2203,1000,44,0,0.0,0.0,0.0,True,80889
User Activity,2203,100,44,0,0.0,0.0,0.0,True,80889
User Activity,2203,500,44,3,0.006,0.06818181818181818,0.030537905501301577,True,80889
User Activity,2203,1000,44,10,0.01,0.22727272727272727,0.09201743976521366,True,80889
Random Reverse,2203,100,44,0,0.0,0.0,0.0,True,80889
Random Reverse,2203,500,44,0,0.0,0.0,0.0,True,80889
Random Reverse,2203,1000,44,0,0.0,0.0,0.0,True,80889
TF-IDF Reverse,2205,100,39,0,0.0,0.0,0.0,True,80889
TF-IDF Reverse,2205,500,39,15,0.03,0.38461538461538464,0.17681949559060328,True,80889
TF-IDF Reverse,2205,1000,39,20,0.02,0.5128205128205128,0.22749354719521708,True,80889
User Activity,2205,100,39,0,0.0,0.0,0.0,True,80889
User Activity,2205,500,39,3,0.006,0.07692307692307693,0.035242848339135886,True,80889
User Activity,2205,1000,39,6,0.006,0.15384615384615385,0.0643664945212632,True,80889
Random Reverse,2205,100,39,0,0.0,0.0,0.0,True,80889
Random Reverse,2205,500,39,0,0.0,0.0,0.0,True,80889
Random Reverse,2205,1000,39,1,0.001,0.02564102564102564,0.009420544599486547,True,80889
TF-IDF Reverse,2206,100,15,1,0.01,0.06666666666666667,0.06077222973772036,True,80889
TF-IDF Reverse,2206,500,15,2,0.004,0.13333333333333333,0.0825533626235493,True,80889
TF-IDF Reverse,2206,1000,15,2,0.002,0.13333333333333333,0.0825533626235493,True,80889
User Activity,2206,100,15,0,0.0,0.0,0.0,True,80889
User Activity,2206,500,15,0,0.0,0.0,0.0,True,80889
User Activity,2206,1000,15,1,0.001,0.06666666666666667,0.017629072198424967,True,80889
Random Reverse,2206,100,15,0,0.0,0.0,0.0,True,80889
Random Reverse,2206,500,15,0,0.0,0.0,0.0,True,80889
Random Reverse,2206,1000,15,0,0.0,0.0,0.0,True,80889
TF-IDF Reverse,2207,100,179,72,0.72,0.4022346368715084,0.786944566855838,True,80889
TF-IDF Reverse,2207,500,179,161,0.322,0.8994413407821229,0.8638497474976875,True,80889
TF-IDF Reverse,2207,1000,179,179,0.179,1.0,0.9240560298883456,True,80889
User Activity,2207,100,179,0,0.0,0.0,0.0,True,80889
User Activity,2207,500,179,0,0.0,0.0,0.0,True,80889
User Activity,2207,1000,179,0,0.0,0.0,0.0,True,80889
Random Reverse,2207,100,179,0,0.0,0.0,0.0,True,80889
Random Reverse,2207,500,179,2,0.004,0.0111731843575419,0.007227729021521182,True,80889
Random Reverse,2207,1000,179,4,0.004,0.0223463687150838,0.014085446264573585,True,80889
TF-IDF Reverse,2208,100,14,2,0.02,0.14285714285714285,0.0977789316514032,True,80889
TF-IDF Reverse,2208,500,14,6,0.012,0.42857142857142855,0.18544572580293878,True,80889
TF-IDF Reverse,2208,1000,14,7,0.007,0.5,0.2042447162047383,True,80889
User Activity,2208,100,14,2,0.02,0.14285714285714285,0.07460116514564302,True,80889
User Activity,2208,500,14,5,0.01,0.35714285714285715,0.14275142970494406,True,80889
User Activity,2208,1000,14,6,0.006,0.42857142857142855,0.16110969746550335,True,80889
Random Reverse,2208,100,14,0,0.0,0.0,0.0,True,80889
Random Reverse,2208,500,14,0,0.0,0.0,0.0,True,80889
Random Reverse,2208,1000,14,1,0.001,0.07142857142857142,0.018290827165257702,True,80889
TF-IDF Reverse,2209,100,9,0,0.0,0.0,0.0,True,80889
TF-IDF Reverse,2209,500,9,3,0.006,0.3333333333333333,0.08414546120123978,True,80889
TF-IDF Reverse,2209,1000,9,4,0.004,0.4444444444444444,0.1094778780530922,True,80889
User Activity,2209,100,9,2,0.02,0.2222222222222222,0.13723779268950134,True,80889
User Activity,2209,500,9,4,0.008,0.4444444444444444,0.1998480606894122,True,80889
User Activity,2209,1000,9,8,0.008,0.8888888888888888,0.3001655155650128,True,80889
Random Reverse,2209,100,9,0,0.0,0.0,0.0,True,80889
Random Reverse,2209,500,9,0,0.0,0.0,0.0,True,80889
Random Reverse,2209,1000,9,0,0.0,0.0,0.0,True,80889
TF-IDF Reverse,2210,100,19,1,0.01,0.05263157894736842,0.022394520800671683,True,80889
TF-IDF Reverse,2210,500,19,8,0.016,0.42105263157894735,0.145603251490372,True,80889
TF-IDF Reverse,2210,1000,19,12,0.012,0.631578947368421,0.20693421178106866,True,80889
User Activity,2210,100,19,1,0.01,0.05263157894736842,0.022841710072922475,True,80889
User Activity,2210,500,19,8,0.016,0.42105263157894735,0.15671370921688596,True,80889
User Activity,2210,1000,19,13,0.013,0.6842105263157895,0.2337513581722551,True,80889
Random Reverse,2210,100,19,0,0.0,0.0,0.0,True,80889
Random Reverse,2210,500,19,0,0.0,0.0,0.0,True,80889
Random Reverse,2210,1000,19,0,0.0,0.0,0.0,True,80889
TF-IDF Reverse,2211,100,34,0,0.0,0.0,0.0,True,80889
TF-IDF Reverse,2211,500,34,0,0.0,0.0,0.0,True,80889
TF-IDF Reverse,2211,1000,34,0,0.0,0.0,0.0,True,80889
User Activity,2211,100,34,0,0.0,0.0,0.0,True,80889
User Activity,2211,500,34,0,0.0,0.0,0.0,True,80889
User Activity,2211,1000,34,0,0.0,0.0,0.0,True,80889
Random Reverse,2211,100,34,0,0.0,0.0,0.0,True,80889
Random Reverse,2211,500,34,0,0.0,0.0,0.0,True,80889
Random Reverse,2211,1000,34,0,0.0,0.0,0.0,True,80889
TF-IDF Reverse,2212,100,28,0,0.0,0.0,0.0,True,80889
TF-IDF Reverse,2212,500,28,0,0.0,0.0,0.0,True,80889
TF-IDF Reverse,2212,1000,28,0,0.0,0.0,0.0,True,80889
User Activity,2212,100,28,0,0.0,0.0,0.0,True,80889
User Activity,2212,500,28,1,0.002,0.03571428571428571,0.01495532768048574,True,80889
User Activity,2212,1000,28,1,0.001,0.03571428571428571,0.01495532768048574,True,80889
Random Reverse,2212,100,28,0,0.0,0.0,0.0,True,80889
Random Reverse,2212,500,28,0,0.0,0.0,0.0,True,80889
Random Reverse,2212,1000,28,0,0.0,0.0,0.0,True,80889
TF-IDF Reverse,2213,100,76,0,0.0,0.0,0.0,True,80889
TF-IDF Reverse,2213,500,76,14,0.028,0.18421052631578946,0.09967437835917567,True,80889
TF-IDF Reverse,2213,1000,76,24,0.024,0.3157894736842105,0.16091564286254254,True,80889
User Activity,2213,100,76,6,0.06,0.07894736842105263,0.05935276629553627,True,80889
User Activity,2213,500,76,17,0.034,0.2236842105263158,0.13820326362164154,True,80889
User Activity,2213,1000,76,32,0.032,0.42105263157894735,0.23055197576449632,True,80889
Random Reverse,2213,100,76,0,0.0,0.0,0.0,True,80889
Random Reverse,2213,500,76,0,0.0,0.0,0.0,True,80889
Random Reverse,2213,1000,76,0,0.0,0.0,0.0,True,80889
TF-IDF Reverse,2214,100,90,1,0.01,0.011111111111111112,0.009548609316863821,True,80889
TF-IDF Reverse,2214,500,90,1,0.002,0.011111111111111112,0.009548609316863821,True,80889
TF-IDF Reverse,2214,1000,90,1,0.001,0.011111111111111112,0.009548609316863821,True,80889
User Activity,2214,100,90,0,0.0,0.0,0.0,True,80889
User Activity,2214,500,90,0,0.0,0.0,0.0,True,80889
User Activity,2214,1000,90,0,0.0,0.0,0.0,True,80889
Random Reverse,2214,100,90,0,0.0,0.0,0.0,True,80889
Random Reverse,2214,500,90,0,0.0,0.0,0.0,True,80889
Random Reverse,2214,1000,90,0,0.0,0.0,0.0,True,80889
TF-IDF Reverse,2215,100,12,0,0.0,0.0,0.0,True,80889
TF-IDF Reverse,2215,500,12,0,0.0,0.0,0.0,True,80889
TF-IDF Reverse,2215,1000,12,0,0.0,0.0,0.0,True,80889
User Activity,2215,100,12,0,0.0,0.0,0.0,True,80889
User Activity,2215,500,12,0,0.0,0.0,0.0,True,80889
User Activity,2215,1000,12,0,0.0,0.0,0.0,True,80889
Random Reverse,2215,100,12,0,0.0,0.0,0.0,True,80889
Random Reverse,2215,500,12,0,0.0,0.0,0.0,True,80889
Random Reverse,2215,1000,12,0,0.0,0.0,0.0,True,80889
TF-IDF Reverse,2216,100,12,0,0.0,0.0,0.0,True,80889
TF-IDF Reverse,2216,500,12,1,0.002,0.08333333333333333,0.026624662502099723,True,80889
TF-IDF Reverse,2216,1000,12,1,0.001,0.08333333333333333,0.026624662502099723,True,80889
User Activity,2216,100,12,0,0.0,0.0,0.0,True,80889
User Activity,2216,500,12,0,0.0,0.0,0.0,True,80889
User Activity,2216,1000,12,0,0.0,0.0,0.0,True,80889
Random Reverse,2216,100,12,0,0.0,0.0,0.0,True,80889
Random Reverse,2216,500,12,0,0.0,0.0,0.0,True,80889
Random Reverse,2216,1000,12,0,0.0,0.0,0.0,True,80889
TF-IDF Reverse,2217,100,448,4,0.04,0.008928571428571428,0.039917129816686756,True,80889
TF-IDF Reverse,2217,500,448,14,0.028,0.03125,0.03340940727241567,True,80889
TF-IDF Reverse,2217,1000,448,15,0.015,0.033482142857142856,0.034999682777327165,True,80889
User Activity,2217,100,448,0,0.0,0.0,0.0,True,80889
User Activity,2217,500,448,1,0.002,0.002232142857142857,0.0017993126371011125,True,80889
User Activity,2217,1000,448,1,0.001,0.002232142857142857,0.0017993126371011125,True,80889
Random Reverse,2217,100,448,1,0.01,0.002232142857142857,0.009467643116452987,True,80889
Random Reverse,2217,500,448,3,0.006,0.006696428571428571,0.006905697836189878,True,80889
Random Reverse,2217,1000,448,5,0.005,0.011160714285714286,0.010123434112145974,True,80889
TF-IDF Reverse,2218,100,39,5,0.05,0.1282051282051282,0.11172803335781788,True,80889
TF-IDF Reverse,2218,500,39,5,0.01,0.1282051282051282,0.11172803335781788,True,80889
TF-IDF Reverse,2218,1000,39,5,0.005,0.1282051282051282,0.11172803335781788,True,80889
User Activity,2218,100,39,0,0.0,0.0,0.0,True,80889
User Activity,2218,500,39,0,0.0,0.0,0.0,True,80889
User Activity,2218,1000,39,0,0.0,0.0,0.0,True,80889
Random Reverse,2218,100,39,0,0.0,0.0,0.0,True,80889
Random Reverse,2218,500,39,0,0.0,0.0,0.0,True,80889
Random Reverse,2218,1000,39,1,0.001,0.02564102564102564,0.0093507644894275,True,80889
TF-IDF Reverse,2219,100,200,3,0.03,0.015,0.029844542747944392,True,80889
TF-IDF Reverse,2219,500,200,8,0.016,0.04,0.03579513479207405,True,80889
TF-IDF Reverse,2219,1000,200,10,0.01,0.05,0.04184054059264016,True,80889
User Activity,2219,100,200,0,0.0,0.0,0.0,True,80889
User Activity,2219,500,200,1,0.002,0.005,0.0035825633140995675,True,80889
User Activity,2219,1000,200,1,0.001,0.005,0.0035825633140995675,True,80889
Random Reverse,2219,100,200,0,0.0,0.0,0.0,True,80889
Random Reverse,2219,500,200,1,0.002,0.005,0.0037940912949550646,True,80889
Random Reverse,2219,1000,200,2,0.002,0.01,0.0068382730660506135,True,80889
TF-IDF Reverse,2220,100,27,0,0.0,0.0,0.0,True,80889
TF-IDF Reverse,2220,500,27,1,0.002,0.037037037037037035,0.01591538422732948,True,80889
TF-IDF Reverse,2220,1000,27,2,0.002,0.07407407407407407,0.02842890910899336,True,80889
User Activity,2220,100,27,0,0.0,0.0,0.0,True,80889
User Activity,2220,500,27,0,0.0,0.0,0.0,True,80889
User Activity,2220,1000,27,0,0.0,0.0,0.0,True,80889
Random Reverse,2220,100,27,0,0.0,0.0,0.0,True,80889
Random Reverse,2220,500,27,0,0.0,0.0,0.0,True,80889
Random Reverse,2220,1000,27,0,0.0,0.0,0.0,True,80889
TF-IDF Reverse,2221,100,12,0,0.0,0.0,0.0,True,80889
TF-IDF Reverse,2221,500,12,0,0.0,0.0,0.0,True,80889
TF-IDF Reverse,2221,1000,12,0,0.0,0.0,0.0,True,80889
User Activity,2221,100,12,0,0.0,0.0,0.0,True,80889
User Activity,2221,500,12,0,0.0,0.0,0.0,True,80889
User Activity,2221,1000,12,0,0.0,0.0,0.0,True,80889
Random Reverse,2221,100,12,0,0.0,0.0,0.0,True,80889
Random Reverse,2221,500,12,0,0.0,0.0,0.0,True,80889
Random Reverse,2221,1000,12,0,0.0,0.0,0.0,True,80889
TF-IDF Reverse,2222,100,71,3,0.03,0.04225352112676056,0.04532838048383325,True,80889
TF-IDF Reverse,2222,500,71,5,0.01,0.07042253521126761,0.061636144573056745,True,80889
TF-IDF Reverse,2222,1000,71,6,0.006,0.08450704225352113,0.06799080919160515,True,80889
User Activity,2222,100,71,0,0.0,0.0,0.0,True,80889
User Activity,2222,500,71,0,0.0,0.0,0.0,True,80889
User Activity,2222,1000,71,0,0.0,0.0,0.0,True,80889
Random Reverse,2222,100,71,0,0.0,0.0,0.0,True,80889
Random Reverse,2222,500,71,1,0.002,0.014084507042253521,0.008141187573393252,True,80889
Random Reverse,2222,1000,71,1,0.001,0.014084507042253521,0.008141187573393252,True,80889
TF-IDF Reverse,2223,100,31,2,0.02,0.06451612903225806,0.07502126840341543,True,80889
TF-IDF Reverse,2223,500,31,2,0.004,0.06451612903225806,0.07502126840341543,True,80889
TF-IDF Reverse,2223,1000,31,2,0.002,0.06451612903225806,0.07502126840341543,True,80889
User Activity,2223,100,31,0,0.0,0.0,0.0,True,80889
User Activity,2223,500,31,0,0.0,0.0,0.0,True,80889
User Activity,2223,1000,31,0,0.0,0.0,0.0,True,80889
Random Reverse,2223,100,31,0,0.0,0.0,0.0,True,80889
Random Reverse,2223,500,31,0,0.0,0.0,0.0,True,80889
Random Reverse,2223,1000,31,0,0.0,0.0,0.0,True,80889
